2026-08-14T14:20:54: [05_navigation] navigation2.launch.py 시작
2026-08-14T14:20:57: [INFO] [launch]: All log files can be found below /home/yeyu/.ros/log/2026-08-14-14-20-57-413591-YEYU-11272
2026-08-14T14:20:57: [INFO] [launch]: Default logging verbosity is set to INFO
2026-08-14T14:21:02: [INFO] [component_container_isolated-1]: process started with pid [11391]
2026-08-14T14:21:02: [INFO] [rviz2-2]: process started with pid [11393]
2026-08-14T14:21:02: [component_container_isolated-1] [INFO] [1786684862.910197173] [nav2_container]: Load Library: /opt/ros/humble/lib/libcontroller_server_core.so
2026-08-14T14:21:03: [component_container_isolated-1] [INFO] [1786684863.301887765] [nav2_container]: Found class: rclcpp_components::NodeFactoryTemplate<nav2_controller::ControllerServer>
2026-08-14T14:21:03: [component_container_isolated-1] [INFO] [1786684863.306623768] [nav2_container]: Instantiate class: rclcpp_components::NodeFactoryTemplate<nav2_controller::ControllerServer>
2026-08-14T14:21:03: [component_container_isolated-1] [INFO] [1786684863.430031788] [controller_server]: 
2026-08-14T14:21:03: [component_container_isolated-1] 	controller_server lifecycle node launched. 
2026-08-14T14:21:03: [component_container_isolated-1] 	Waiting on external lifecycle transitions to activate
2026-08-14T14:21:03: [component_container_isolated-1] 	See https://design.ros2.org/articles/node_lifecycle.html for more information.
2026-08-14T14:21:03: [component_container_isolated-1] [INFO] [1786684863.733667650] [controller_server]: Creating controller server
2026-08-14T14:21:03: [component_container_isolated-1] [INFO] [1786684863.836696397] [local_costmap.local_costmap]: 
2026-08-14T14:21:03: [component_container_isolated-1] 	local_costmap lifecycle node launched. 
2026-08-14T14:21:03: [component_container_isolated-1] 	Waiting on external lifecycle transitions to activate
2026-08-14T14:21:03: [component_container_isolated-1] 	See https://design.ros2.org/articles/node_lifecycle.html for more information.
2026-08-14T14:21:03: [component_container_isolated-1] [INFO] [1786684863.882499680] [local_costmap.local_costmap]: Creating Costmap
2026-08-14T14:21:03: [INFO] [launch_ros.actions.load_composable_nodes]: Loaded node '/controller_server' in container '/nav2_container'
2026-08-14T14:21:03: [component_container_isolated-1] [INFO] [1786684863.909139377] [nav2_container]: Load Library: /opt/ros/humble/lib/libmap_server_core.so
2026-08-14T14:21:04: [rviz2-2] qt.qpa.xcb: could not connect to display 
2026-08-14T14:21:04: [rviz2-2] qt.qpa.plugin: Could not load the Qt platform plugin "xcb" in "" even though it was found.
2026-08-14T14:21:04: [rviz2-2] This application failed to start because no Qt platform plugin could be initialized. Reinstalling the application may fix this problem.
2026-08-14T14:21:04: [rviz2-2] 
2026-08-14T14:21:04: [rviz2-2] Available platform plugins are: eglfs, linuxfb, minimal, minimalegl, offscreen, vnc, xcb.
2026-08-14T14:21:04: [rviz2-2] 
2026-08-14T14:21:04: [component_container_isolated-1] [INFO] [1786684864.099086390] [nav2_container]: Found class: rclcpp_components::NodeFactoryTemplate<nav2_map_server::CostmapFilterInfoServer>
2026-08-14T14:21:04: [component_container_isolated-1] [INFO] [1786684864.099943951] [nav2_container]: Found class: rclcpp_components::NodeFactoryTemplate<nav2_map_server::MapSaver>
2026-08-14T14:21:04: [component_container_isolated-1] [INFO] [1786684864.100002043] [nav2_container]: Found class: rclcpp_components::NodeFactoryTemplate<nav2_map_server::MapServer>
2026-08-14T14:21:04: [component_container_isolated-1] [INFO] [1786684864.100040709] [nav2_container]: Instantiate class: rclcpp_components::NodeFactoryTemplate<nav2_map_server::MapServer>
2026-08-14T14:21:04: [INFO] [launch_ros.actions.load_composable_nodes]: Loaded node '/map_server' in container '/nav2_container'
2026-08-14T14:21:04: [component_container_isolated-1] [INFO] [1786684864.248530226] [map_server]: 
2026-08-14T14:21:04: [component_container_isolated-1] 	map_server lifecycle node launched. 
2026-08-14T14:21:04: [component_container_isolated-1] 	Waiting on external lifecycle transitions to activate
2026-08-14T14:21:04: [component_container_isolated-1] 	See https://design.ros2.org/articles/node_lifecycle.html for more information.
2026-08-14T14:21:04: [component_container_isolated-1] [INFO] [1786684864.248757205] [map_server]: Creating
2026-08-14T14:21:04: [component_container_isolated-1] [INFO] [1786684864.261788474] [nav2_container]: Load Library: /opt/ros/humble/lib/libsmoother_server_core.so
2026-08-14T14:21:04: [component_container_isolated-1] [INFO] [1786684864.321746324] [nav2_container]: Found class: rclcpp_components::NodeFactoryTemplate<nav2_smoother::SmootherServer>
2026-08-14T14:21:04: [component_container_isolated-1] [INFO] [1786684864.321915081] [nav2_container]: Instantiate class: rclcpp_components::NodeFactoryTemplate<nav2_smoother::SmootherServer>
2026-08-14T14:21:04: [component_container_isolated-1] [INFO] [1786684864.491364583] [smoother_server]: 
2026-08-14T14:21:04: [component_container_isolated-1] 	smoother_server lifecycle node launched. 
2026-08-14T14:21:04: [component_container_isolated-1] 	Waiting on external lifecycle transitions to activate
2026-08-14T14:21:04: [component_container_isolated-1] 	See https://design.ros2.org/articles/node_lifecycle.html for more information.
2026-08-14T14:21:04: [component_container_isolated-1] [INFO] [1786684864.544352074] [smoother_server]: Creating smoother server
2026-08-14T14:21:04: [INFO] [launch_ros.actions.load_composable_nodes]: Loaded node '/smoother_server' in container '/nav2_container'
2026-08-14T14:21:04: [component_container_isolated-1] [INFO] [1786684864.559529090] [nav2_container]: Load Library: /opt/ros/humble/lib/libamcl_core.so
2026-08-14T14:21:04: [component_container_isolated-1] [INFO] [1786684864.642994721] [nav2_container]: Found class: rclcpp_components::NodeFactoryTemplate<nav2_amcl::AmclNode>
2026-08-14T14:21:04: [component_container_isolated-1] [INFO] [1786684864.643206310] [nav2_container]: Instantiate class: rclcpp_components::NodeFactoryTemplate<nav2_amcl::AmclNode>
2026-08-14T14:21:04: [component_container_isolated-1] [INFO] [1786684864.713832891] [amcl]: 
2026-08-14T14:21:04: [component_container_isolated-1] 	amcl lifecycle node launched. 
2026-08-14T14:21:04: [component_container_isolated-1] 	Waiting on external lifecycle transitions to activate
2026-08-14T14:21:04: [component_container_isolated-1] 	See https://design.ros2.org/articles/node_lifecycle.html for more information.
2026-08-14T14:21:04: [component_container_isolated-1] [INFO] [1786684864.739755858] [amcl]: Creating
2026-08-14T14:21:04: [INFO] [launch_ros.actions.load_composable_nodes]: Loaded node '/amcl' in container '/nav2_container'
2026-08-14T14:21:04: [component_container_isolated-1] [INFO] [1786684864.787115081] [nav2_container]: Load Library: /opt/ros/humble/lib/libplanner_server_core.so
2026-08-14T14:21:04: [component_container_isolated-1] [INFO] [1786684864.810593047] [nav2_container]: Found class: rclcpp_components::NodeFactoryTemplate<nav2_planner::PlannerServer>
2026-08-14T14:21:04: [component_container_isolated-1] [INFO] [1786684864.810744822] [nav2_container]: Instantiate class: rclcpp_components::NodeFactoryTemplate<nav2_planner::PlannerServer>
2026-08-14T14:21:04: [component_container_isolated-1] [INFO] [1786684864.837867864] [planner_server]: 
2026-08-14T14:21:04: [component_container_isolated-1] 	planner_server lifecycle node launched. 
2026-08-14T14:21:04: [component_container_isolated-1] 	Waiting on external lifecycle transitions to activate
2026-08-14T14:21:04: [component_container_isolated-1] 	See https://design.ros2.org/articles/node_lifecycle.html for more information.
2026-08-14T14:21:04: [component_container_isolated-1] [INFO] [1786684864.871788805] [planner_server]: Creating
2026-08-14T14:21:05: [component_container_isolated-1] [INFO] [1786684864.978459813] [global_costmap.global_costmap]: 
2026-08-14T14:21:05: [component_container_isolated-1] 	global_costmap lifecycle node launched. 
2026-08-14T14:21:05: [component_container_isolated-1] 	Waiting on external lifecycle transitions to activate
2026-08-14T14:21:05: [component_container_isolated-1] 	See https://design.ros2.org/articles/node_lifecycle.html for more information.
2026-08-14T14:21:05: [component_container_isolated-1] [INFO] [1786684864.994657202] [global_costmap.global_costmap]: Creating Costmap
2026-08-14T14:21:05: [component_container_isolated-1] [INFO] [1786684865.020977274] [nav2_container]: Load Library: /opt/ros/humble/lib/libnav2_lifecycle_manager_core.so
2026-08-14T14:21:05: [INFO] [launch_ros.actions.load_composable_nodes]: Loaded node '/planner_server' in container '/nav2_container'
2026-08-14T14:21:05: [component_container_isolated-1] [INFO] [1786684865.044217577] [nav2_container]: Found class: rclcpp_components::NodeFactoryTemplate<nav2_lifecycle_manager::LifecycleManager>
2026-08-14T14:21:05: [component_container_isolated-1] [INFO] [1786684865.044402204] [nav2_container]: Instantiate class: rclcpp_components::NodeFactoryTemplate<nav2_lifecycle_manager::LifecycleManager>
2026-08-14T14:21:05: [component_container_isolated-1] [INFO] [1786684865.078264331] [lifecycle_manager_localization]: Creating
2026-08-14T14:21:05: [INFO] [launch_ros.actions.load_composable_nodes]: Loaded node '/lifecycle_manager_localization' in container '/nav2_container'
2026-08-14T14:21:05: [component_container_isolated-1] [INFO] [1786684865.132984259] [nav2_container]: Load Library: /opt/ros/humble/lib/libbehavior_server_core.so
2026-08-14T14:21:05: [component_container_isolated-1] [INFO] [1786684865.187960832] [lifecycle_manager_localization]: [34m[1mCreating and initializing lifecycle service clients[0m[0m
2026-08-14T14:21:05: [component_container_isolated-1] [INFO] [1786684865.201121692] [nav2_container]: Found class: rclcpp_components::NodeFactoryTemplate<behavior_server::BehaviorServer>
2026-08-14T14:21:05: [component_container_isolated-1] [INFO] [1786684865.208259919] [nav2_container]: Instantiate class: rclcpp_components::NodeFactoryTemplate<behavior_server::BehaviorServer>
2026-08-14T14:21:05: [component_container_isolated-1] [INFO] [1786684865.243880909] [lifecycle_manager_localization]: [34m[1mStarting managed nodes bringup...[0m[0m
2026-08-14T14:21:05: [component_container_isolated-1] [INFO] [1786684865.244105942] [lifecycle_manager_localization]: [34m[1mConfiguring map_server[0m[0m
2026-08-14T14:21:05: [component_container_isolated-1] [INFO] [1786684865.246946437] [map_server]: Configuring
2026-08-14T14:21:05: [component_container_isolated-1] [INFO] [1786684865.248400212] [map_io]: Loading yaml file: /home/yeyu/yeyu_ws/src/yeyu_navigation2/map/yeyu_map1.yaml
2026-08-14T14:21:05: [component_container_isolated-1] [INFO] [1786684865.255947637] [map_io]: resolution: 0.05
2026-08-14T14:21:05: [component_container_isolated-1] [INFO] [1786684865.256111338] [map_io]: origin[0]: -8.47
2026-08-14T14:21:05: [component_container_isolated-1] [INFO] [1786684865.256145745] [map_io]: origin[1]: -9.45
2026-08-14T14:21:05: [component_container_isolated-1] [INFO] [1786684865.256169597] [map_io]: origin[2]: 0
2026-08-14T14:21:05: [component_container_isolated-1] [INFO] [1786684865.256193059] [map_io]: free_thresh: 0.25
2026-08-14T14:21:05: [component_container_isolated-1] [INFO] [1786684865.256216281] [map_io]: occupied_thresh: 0.65
2026-08-14T14:21:05: [component_container_isolated-1] [INFO] [1786684865.256251855] [map_io]: mode: trinary
2026-08-14T14:21:05: [component_container_isolated-1] [INFO] [1786684865.256280965] [map_io]: negate: 0
2026-08-14T14:21:05: [component_container_isolated-1] [INFO] [1786684865.315169758] [behavior_server]: 
2026-08-14T14:21:05: [component_container_isolated-1] 	behavior_server lifecycle node launched. 
2026-08-14T14:21:05: [component_container_isolated-1] 	Waiting on external lifecycle transitions to activate
2026-08-14T14:21:05: [component_container_isolated-1] 	See https://design.ros2.org/articles/node_lifecycle.html for more information.
2026-08-14T14:21:05: [component_container_isolated-1] [INFO] [1786684865.332879698] [map_io]: Loading image_file: /home/yeyu/yeyu_ws/src/yeyu_navigation2/map/yeyu_map1.pgm
2026-08-14T14:21:05: [INFO] [launch_ros.actions.load_composable_nodes]: Loaded node '/behavior_server' in container '/nav2_container'
2026-08-14T14:21:05: [component_container_isolated-1] [INFO] [1786684865.412547682] [nav2_container]: Load Library: /opt/ros/humble/lib/libbt_navigator_core.so
2026-08-14T14:21:05: [component_container_isolated-1] [INFO] [1786684865.422846492] [map_io]: Read map /home/yeyu/yeyu_ws/src/yeyu_navigation2/map/yeyu_map1.pgm: 371 X 353 map @ 0.05 m/cell
2026-08-14T14:21:05: [component_container_isolated-1] [INFO] [1786684865.469446892] [nav2_container]: Found class: rclcpp_components::NodeFactoryTemplate<nav2_bt_navigator::BtNavigator>
2026-08-14T14:21:05: [component_container_isolated-1] [INFO] [1786684865.472374571] [lifecycle_manager_localization]: [34m[1mConfiguring amcl[0m[0m
2026-08-14T14:21:05: [component_container_isolated-1] [INFO] [1786684865.473735347] [amcl]: Configuring
2026-08-14T14:21:05: [component_container_isolated-1] [INFO] [1786684865.474318153] [amcl]: initTransforms
2026-08-14T14:21:05: [component_container_isolated-1] [INFO] [1786684865.475367434] [nav2_container]: Instantiate class: rclcpp_components::NodeFactoryTemplate<nav2_bt_navigator::BtNavigator>
2026-08-14T14:21:05: [component_container_isolated-1] [INFO] [1786684865.575598927] [amcl]: initPubSub
2026-08-14T14:21:05: [component_container_isolated-1] [INFO] [1786684865.677064124] [amcl]: Subscribed to map topic.
2026-08-14T14:21:05: [component_container_isolated-1] [INFO] [1786684865.767000733] [bt_navigator]: 
2026-08-14T14:21:05: [component_container_isolated-1] 	bt_navigator lifecycle node launched. 
2026-08-14T14:21:05: [component_container_isolated-1] 	Waiting on external lifecycle transitions to activate
2026-08-14T14:21:05: [component_container_isolated-1] 	See https://design.ros2.org/articles/node_lifecycle.html for more information.
2026-08-14T14:21:05: [component_container_isolated-1] [INFO] [1786684865.767336913] [bt_navigator]: Creating
2026-08-14T14:21:05: [component_container_isolated-1] [INFO] [1786684865.824850133] [lifecycle_manager_localization]: [34m[1mActivating map_server[0m[0m
2026-08-14T14:21:05: [component_container_isolated-1] [INFO] [1786684865.826651032] [map_server]: Activating
2026-08-14T14:21:05: [component_container_isolated-1] [INFO] [1786684865.830469679] [map_server]: Creating bond (map_server) to lifecycle manager.
2026-08-14T14:21:05: [component_container_isolated-1] [INFO] [1786684865.832504742] [amcl]: Received a 371 X 353 map @ 0.050 m/pix
2026-08-14T14:21:05: [INFO] [launch_ros.actions.load_composable_nodes]: Loaded node '/bt_navigator' in container '/nav2_container'
2026-08-14T14:21:05: [ERROR] [rviz2-2]: process has died [pid 11393, exit code -6, cmd '/opt/ros/humble/lib/rviz2/rviz2 -d /home/yeyu/yeyu_ws/install/yeyu_navigation2/share/yeyu_navigation2/rviz/tb3_navigation2.rviz --ros-args -r __node:=rviz2 --params-file /tmp/launch_params_eafalmj3'].
2026-08-14T14:21:05: [component_container_isolated-1] [INFO] [1786684865.947683383] [nav2_container]: Load Library: /opt/ros/humble/lib/libwaypoint_follower_core.so
2026-08-14T14:21:05: [component_container_isolated-1] [INFO] [1786684865.978177690] [nav2_container]: Found class: rclcpp_components::NodeFactoryTemplate<nav2_waypoint_follower::WaypointFollower>
2026-08-14T14:21:05: [component_container_isolated-1] [INFO] [1786684865.983009488] [nav2_container]: Instantiate class: rclcpp_components::NodeFactoryTemplate<nav2_waypoint_follower::WaypointFollower>
2026-08-14T14:21:06: [component_container_isolated-1] [WARN] [1786684866.000073161] [rclcpp]: Failed to set parameter: parameter 'FollowPath.max_vel_x' cannot be set because it was not declared
2026-08-14T14:21:06: [component_container_isolated-1] [INFO] [1786684866.008353945] [lifecycle_manager_localization]: Server map_server connected with bond.
2026-08-14T14:21:06: [component_container_isolated-1] [INFO] [1786684866.008507221] [lifecycle_manager_localization]: [34m[1mActivating amcl[0m[0m
2026-08-14T14:21:06: [component_container_isolated-1] [INFO] [1786684866.009033991] [amcl]: Activating
2026-08-14T14:21:06: [component_container_isolated-1] [INFO] [1786684866.009270580] [amcl]: Creating bond (amcl) to lifecycle manager.
2026-08-14T14:21:06: [component_container_isolated-1] [INFO] [1786684866.130259968] [lifecycle_manager_localization]: Server amcl connected with bond.
2026-08-14T14:21:06: [component_container_isolated-1] [INFO] [1786684866.130431040] [lifecycle_manager_localization]: [34m[1mManaged nodes are active[0m[0m
2026-08-14T14:21:06: [component_container_isolated-1] [INFO] [1786684866.130513020] [lifecycle_manager_localization]: [34m[1mCreating bond timer...[0m[0m
2026-08-14T14:21:06: [component_container_isolated-1] [INFO] [1786684866.165950179] [waypoint_follower]: 
2026-08-14T14:21:06: [component_container_isolated-1] 	waypoint_follower lifecycle node launched. 
2026-08-14T14:21:06: [component_container_isolated-1] 	Waiting on external lifecycle transitions to activate
2026-08-14T14:21:06: [component_container_isolated-1] 	See https://design.ros2.org/articles/node_lifecycle.html for more information.
2026-08-14T14:21:06: [component_container_isolated-1] [INFO] [1786684866.199058965] [waypoint_follower]: Creating
2026-08-14T14:21:06: [INFO] [launch_ros.actions.load_composable_nodes]: Loaded node '/waypoint_follower' in container '/nav2_container'
2026-08-14T14:21:06: [component_container_isolated-1] [INFO] [1786684866.217097882] [nav2_container]: Load Library: /opt/ros/humble/lib/libvelocity_smoother_core.so
2026-08-14T14:21:06: [component_container_isolated-1] [INFO] [1786684866.236116118] [nav2_container]: Found class: rclcpp_components::NodeFactoryTemplate<nav2_velocity_smoother::VelocitySmoother>
2026-08-14T14:21:06: [component_container_isolated-1] [INFO] [1786684866.237801167] [nav2_container]: Instantiate class: rclcpp_components::NodeFactoryTemplate<nav2_velocity_smoother::VelocitySmoother>
2026-08-14T14:21:06: [INFO] [launch_ros.actions.load_composable_nodes]: Loaded node '/velocity_smoother' in container '/nav2_container'
2026-08-14T14:21:06: [component_container_isolated-1] [INFO] [1786684866.342300801] [velocity_smoother]: 
2026-08-14T14:21:06: [component_container_isolated-1] 	velocity_smoother lifecycle node launched. 
2026-08-14T14:21:06: [component_container_isolated-1] 	Waiting on external lifecycle transitions to activate
2026-08-14T14:21:06: [component_container_isolated-1] 	See https://design.ros2.org/articles/node_lifecycle.html for more information.
2026-08-14T14:21:06: [component_container_isolated-1] [INFO] [1786684866.360019704] [nav2_container]: Found class: rclcpp_components::NodeFactoryTemplate<nav2_lifecycle_manager::LifecycleManager>
2026-08-14T14:21:06: [component_container_isolated-1] [INFO] [1786684866.360204349] [nav2_container]: Instantiate class: rclcpp_components::NodeFactoryTemplate<nav2_lifecycle_manager::LifecycleManager>
2026-08-14T14:21:06: [component_container_isolated-1] [INFO] [1786684866.422928770] [lifecycle_manager_navigation]: Creating
2026-08-14T14:21:06: [component_container_isolated-1] [INFO] [1786684866.443167988] [lifecycle_manager_navigation]: [34m[1mCreating and initializing lifecycle service clients[0m[0m
2026-08-14T14:21:06: [INFO] [launch_ros.actions.load_composable_nodes]: Loaded node '/lifecycle_manager_navigation' in container '/nav2_container'
2026-08-14T14:21:06: [component_container_isolated-1] [INFO] [1786684866.539383281] [lifecycle_manager_navigation]: [34m[1mStarting managed nodes bringup...[0m[0m
2026-08-14T14:21:06: [component_container_isolated-1] [INFO] [1786684866.539709628] [lifecycle_manager_navigation]: [34m[1mConfiguring controller_server[0m[0m
2026-08-14T14:21:06: [component_container_isolated-1] [INFO] [1786684866.544007120] [controller_server]: Configuring controller interface
2026-08-14T14:21:06: [component_container_isolated-1] [INFO] [1786684866.544685702] [controller_server]: getting goal checker plugins..
2026-08-14T14:21:06: [component_container_isolated-1] [INFO] [1786684866.545596448] [controller_server]: Controller frequency set to 10.0000Hz
2026-08-14T14:21:06: [component_container_isolated-1] [INFO] [1786684866.545891296] [local_costmap.local_costmap]: Configuring
2026-08-14T14:21:06: [component_container_isolated-1] [INFO] [1786684866.615165008] [local_costmap.local_costmap]: Using plugin "obstacle_layer"
2026-08-14T14:21:06: [component_container_isolated-1] [INFO] [1786684866.701754648] [local_costmap.local_costmap]: Subscribed to Topics: scan
2026-08-14T14:21:06: [component_container_isolated-1] [INFO] [1786684866.736803627] [local_costmap.local_costmap]: Initialized plugin "obstacle_layer"
2026-08-14T14:21:06: [component_container_isolated-1] [INFO] [1786684866.737289657] [local_costmap.local_costmap]: Using plugin "voxel_layer"
2026-08-14T14:21:06: [component_container_isolated-1] [INFO] [1786684866.751529853] [local_costmap.local_costmap]: Subscribed to Topics: scan
2026-08-14T14:21:06: [component_container_isolated-1] [INFO] [1786684866.813306139] [local_costmap.local_costmap]: Initialized plugin "voxel_layer"
2026-08-14T14:21:06: [component_container_isolated-1] [INFO] [1786684866.820000132] [local_costmap.local_costmap]: Using plugin "inflation_layer"
2026-08-14T14:21:06: [component_container_isolated-1] [INFO] [1786684866.831662904] [local_costmap.local_costmap]: Initialized plugin "inflation_layer"
2026-08-14T14:21:06: [component_container_isolated-1] [INFO] [1786684866.900513696] [controller_server]: Created progress_checker : progress_checker of type nav2_controller::SimpleProgressChecker
2026-08-14T14:21:06: [component_container_isolated-1] [INFO] [1786684866.909110901] [controller_server]: Created goal checker : general_goal_checker of type nav2_controller::SimpleGoalChecker
2026-08-14T14:21:06: [component_container_isolated-1] [INFO] [1786684866.915255977] [controller_server]: Controller Server has general_goal_checker  goal checkers available.
2026-08-14T14:21:06: [component_container_isolated-1] [INFO] [1786684866.976425568] [controller_server]: Created controller : FollowPath of type dwb_core::DWBLocalPlanner
2026-08-14T14:21:07: [component_container_isolated-1] [INFO] [1786684866.985713394] [controller_server]: Setting transform_tolerance to 0.200000
2026-08-14T14:21:07: [component_container_isolated-1] [INFO] [1786684867.081380010] [controller_server]: Using critic "RotateToGoal" (dwb_critics::RotateToGoalCritic)
2026-08-14T14:21:07: [component_container_isolated-1] [INFO] [1786684867.086610932] [controller_server]: Critic plugin initialized
2026-08-14T14:21:07: [component_container_isolated-1] [INFO] [1786684867.089876958] [controller_server]: Using critic "Oscillation" (dwb_critics::OscillationCritic)
2026-08-14T14:21:07: [component_container_isolated-1] [INFO] [1786684867.096273492] [controller_server]: Critic plugin initialized
2026-08-14T14:21:07: [component_container_isolated-1] [INFO] [1786684867.099606609] [controller_server]: Using critic "BaseObstacle" (dwb_critics::BaseObstacleCritic)
2026-08-14T14:21:07: [component_container_isolated-1] [INFO] [1786684867.101706578] [controller_server]: Critic plugin initialized
2026-08-14T14:21:07: [component_container_isolated-1] [INFO] [1786684867.105256896] [controller_server]: Using critic "GoalAlign" (dwb_critics::GoalAlignCritic)
2026-08-14T14:21:07: [component_container_isolated-1] [INFO] [1786684867.109822791] [controller_server]: Critic plugin initialized
2026-08-14T14:21:07: [component_container_isolated-1] [INFO] [1786684867.113504125] [controller_server]: Using critic "PathAlign" (dwb_critics::PathAlignCritic)
2026-08-14T14:21:07: [component_container_isolated-1] [INFO] [1786684867.116528340] [controller_server]: Critic plugin initialized
2026-08-14T14:21:07: [component_container_isolated-1] [INFO] [1786684867.120708092] [controller_server]: Using critic "PathDist" (dwb_critics::PathDistCritic)
2026-08-14T14:21:07: [component_container_isolated-1] [INFO] [1786684867.125374245] [controller_server]: Critic plugin initialized
2026-08-14T14:21:07: [component_container_isolated-1] [INFO] [1786684867.126043328] [controller_server]: Using critic "GoalDist" (dwb_critics::GoalDistCritic)
2026-08-14T14:21:07: [component_container_isolated-1] [INFO] [1786684867.129828031] [controller_server]: Critic plugin initialized
2026-08-14T14:21:07: [component_container_isolated-1] [INFO] [1786684867.129981955] [controller_server]: Controller Server has FollowPath  controllers available.
2026-08-14T14:21:07: [component_container_isolated-1] [INFO] [1786684867.189696272] [lifecycle_manager_navigation]: [34m[1mConfiguring smoother_server[0m[0m
2026-08-14T14:21:07: [component_container_isolated-1] [INFO] [1786684867.190173727] [smoother_server]: Configuring smoother server
2026-08-14T14:21:07: [component_container_isolated-1] [INFO] [1786684867.241748128] [smoother_server]: Created smoother : simple_smoother of type nav2_smoother::SimpleSmoother
2026-08-14T14:21:07: [component_container_isolated-1] [INFO] [1786684867.255359370] [smoother_server]: Smoother Server has simple_smoother  smoothers available.
2026-08-14T14:21:07: [component_container_isolated-1] [INFO] [1786684867.279117518] [lifecycle_manager_navigation]: [34m[1mConfiguring planner_server[0m[0m
2026-08-14T14:21:07: [component_container_isolated-1] [INFO] [1786684867.279677528] [planner_server]: Configuring
2026-08-14T14:21:07: [component_container_isolated-1] [INFO] [1786684867.279887747] [global_costmap.global_costmap]: Configuring
2026-08-14T14:21:07: [component_container_isolated-1] [INFO] [1786684867.302301914] [global_costmap.global_costmap]: Using plugin "static_layer"
2026-08-14T14:21:07: [component_container_isolated-1] [INFO] [1786684867.308754318] [global_costmap.global_costmap]: Subscribing to the map topic (/map) with transient local durability
2026-08-14T14:21:07: [component_container_isolated-1] [INFO] [1786684867.316642794] [global_costmap.global_costmap]: Initialized plugin "static_layer"
2026-08-14T14:21:07: [component_container_isolated-1] [INFO] [1786684867.316809328] [global_costmap.global_costmap]: Using plugin "obstacle_layer"
2026-08-14T14:21:07: [component_container_isolated-1] [INFO] [1786684867.322713629] [global_costmap.global_costmap]: Subscribed to Topics: scan
2026-08-14T14:21:07: [component_container_isolated-1] [INFO] [1786684867.347746295] [global_costmap.global_costmap]: Initialized plugin "obstacle_layer"
2026-08-14T14:21:07: [component_container_isolated-1] [INFO] [1786684867.347910885] [global_costmap.global_costmap]: Using plugin "voxel_layer"
2026-08-14T14:21:07: [component_container_isolated-1] [INFO] [1786684867.360278775] [global_costmap.global_costmap]: Subscribed to Topics: scan
2026-08-14T14:21:07: [component_container_isolated-1] [INFO] [1786684867.415962633] [global_costmap.global_costmap]: Initialized plugin "voxel_layer"
2026-08-14T14:21:07: [component_container_isolated-1] [INFO] [1786684867.416122057] [global_costmap.global_costmap]: Using plugin "inflation_layer"
2026-08-14T14:21:07: [component_container_isolated-1] [INFO] [1786684867.425044610] [global_costmap.global_costmap]: Initialized plugin "inflation_layer"
2026-08-14T14:21:07: [component_container_isolated-1] [INFO] [1786684867.487293667] [global_costmap.global_costmap]: StaticLayer: Resizing costmap to 371 X 353 at 0.050000 m/pix
2026-08-14T14:21:07: [component_container_isolated-1] [INFO] [1786684867.495858539] [planner_server]: Created global planner plugin GridBased of type nav2_navfn_planner/NavfnPlanner
2026-08-14T14:21:07: [component_container_isolated-1] [INFO] [1786684867.496093388] [planner_server]: Configuring plugin GridBased of type NavfnPlanner
2026-08-14T14:21:07: [component_container_isolated-1] [INFO] [1786684867.519935460] [planner_server]: Planner Server has GridBased  planners available.
2026-08-14T14:21:07: [component_container_isolated-1] [INFO] [1786684867.582450568] [lifecycle_manager_navigation]: [34m[1mConfiguring behavior_server[0m[0m
2026-08-14T14:21:07: [component_container_isolated-1] [INFO] [1786684867.585527597] [behavior_server]: Configuring
2026-08-14T14:21:07: [component_container_isolated-1] [INFO] [1786684867.627645804] [behavior_server]: Creating behavior plugin spin of type nav2_behaviors/Spin
2026-08-14T14:21:07: [component_container_isolated-1] [INFO] [1786684867.654634126] [behavior_server]: Configuring spin
2026-08-14T14:21:07: [component_container_isolated-1] [INFO] [1786684867.699109373] [behavior_server]: Creating behavior plugin backup of type nav2_behaviors/BackUp
2026-08-14T14:21:07: [component_container_isolated-1] [INFO] [1786684867.712704615] [behavior_server]: Configuring backup
2026-08-14T14:21:07: [component_container_isolated-1] [INFO] [1786684867.763601045] [behavior_server]: Creating behavior plugin drive_on_heading of type nav2_behaviors/DriveOnHeading
2026-08-14T14:21:07: [component_container_isolated-1] [INFO] [1786684867.778050848] [behavior_server]: Configuring drive_on_heading
2026-08-14T14:21:07: [component_container_isolated-1] [INFO] [1786684867.808162531] [behavior_server]: Creating behavior plugin wait of type nav2_behaviors/Wait
2026-08-14T14:21:07: [component_container_isolated-1] [INFO] [1786684867.839301735] [behavior_server]: Configuring wait
2026-08-14T14:21:07: [component_container_isolated-1] [INFO] [1786684867.883985034] [lifecycle_manager_navigation]: [34m[1mConfiguring bt_navigator[0m[0m
2026-08-14T14:21:07: [component_container_isolated-1] [INFO] [1786684867.884759967] [bt_navigator]: Configuring
2026-08-14T14:21:08: [component_container_isolated-1] [INFO] [1786684868.599863643] [lifecycle_manager_navigation]: [34m[1mConfiguring waypoint_follower[0m[0m
2026-08-14T14:21:08: [component_container_isolated-1] [INFO] [1786684868.600545300] [waypoint_follower]: Configuring
2026-08-14T14:21:08: [component_container_isolated-1] [INFO] [1786684868.698747786] [waypoint_follower]: Created waypoint_task_executor : wait_at_waypoint of type nav2_waypoint_follower::WaitAtWaypoint
2026-08-14T14:21:08: [component_container_isolated-1] [INFO] [1786684868.706389820] [lifecycle_manager_navigation]: [34m[1mConfiguring velocity_smoother[0m[0m
2026-08-14T14:21:08: [component_container_isolated-1] [INFO] [1786684868.707177697] [velocity_smoother]: Configuring velocity smoother
2026-08-14T14:21:08: [component_container_isolated-1] [INFO] [1786684868.734413311] [lifecycle_manager_navigation]: [34m[1mActivating controller_server[0m[0m
2026-08-14T14:21:08: [component_container_isolated-1] [INFO] [1786684868.737721966] [controller_server]: Activating
2026-08-14T14:21:08: [component_container_isolated-1] [INFO] [1786684868.738101386] [local_costmap.local_costmap]: Activating
2026-08-14T14:21:08: [component_container_isolated-1] [INFO] [1786684868.738240273] [local_costmap.local_costmap]: Checking transform
2026-08-14T14:21:08: [component_container_isolated-1] [INFO] [1786684868.739565661] [local_costmap.local_costmap]: Timed out waiting for transform from base_link to odom to become available, tf error: Invalid frame ID "odom" passed to canTransform argument target_frame - frame does not exist
2026-08-14T14:21:09: [component_container_isolated-1] [INFO] [1786684869.239638604] [local_costmap.local_costmap]: Timed out waiting for transform from base_link to odom to become available, tf error: Invalid frame ID "odom" passed to canTransform argument target_frame - frame does not exist
2026-08-14T14:21:09: [component_container_isolated-1] [INFO] [1786684869.739612585] [local_costmap.local_costmap]: Timed out waiting for transform from base_link to odom to become available, tf error: Invalid frame ID "odom" passed to canTransform argument target_frame - frame does not exist
2026-08-14T14:21:10: [component_container_isolated-1] [INFO] [1786684870.239676232] [local_costmap.local_costmap]: Timed out waiting for transform from base_link to odom to become available, tf error: Invalid frame ID "odom" passed to canTransform argument target_frame - frame does not exist
2026-08-14T14:21:10: [component_container_isolated-1] [INFO] [1786684870.739675065] [local_costmap.local_costmap]: Timed out waiting for transform from base_link to odom to become available, tf error: Invalid frame ID "odom" passed to canTransform argument target_frame - frame does not exist
2026-08-14T14:21:11: [component_container_isolated-1] [INFO] [1786684871.239623305] [local_costmap.local_costmap]: Timed out waiting for transform from base_link to odom to become available, tf error: Invalid frame ID "odom" passed to canTransform argument target_frame - frame does not exist
2026-08-14T14:21:11: [component_container_isolated-1] [INFO] [1786684871.739608434] [local_costmap.local_costmap]: Timed out waiting for transform from base_link to odom to become available, tf error: Invalid frame ID "odom" passed to canTransform argument target_frame - frame does not exist
2026-08-14T14:21:12: [component_container_isolated-1] [INFO] [1786684872.239866170] [local_costmap.local_costmap]: Timed out waiting for transform from base_link to odom to become available, tf error: Invalid frame ID "odom" passed to canTransform argument target_frame - frame does not exist
2026-08-14T14:21:12: [component_container_isolated-1] [INFO] [1786684872.739616432] [local_costmap.local_costmap]: Timed out waiting for transform from base_link to odom to become available, tf error: Invalid frame ID "odom" passed to canTransform argument target_frame - frame does not exist
2026-08-14T14:21:13: [component_container_isolated-1] [INFO] [1786684873.239629671] [local_costmap.local_costmap]: Timed out waiting for transform from base_link to odom to become available, tf error: Invalid frame ID "odom" passed to canTransform argument target_frame - frame does not exist
2026-08-14T14:21:13: [component_container_isolated-1] [INFO] [1786684873.739634632] [local_costmap.local_costmap]: Timed out waiting for transform from base_link to odom to become available, tf error: Invalid frame ID "odom" passed to canTransform argument target_frame - frame does not exist
2026-08-14T14:21:14: [component_container_isolated-1] [INFO] [1786684874.239608279] [local_costmap.local_costmap]: Timed out waiting for transform from base_link to odom to become available, tf error: Invalid frame ID "odom" passed to canTransform argument target_frame - frame does not exist
2026-08-14T14:21:14: [component_container_isolated-1] [INFO] [1786684874.739601092] [local_costmap.local_costmap]: Timed out waiting for transform from base_link to odom to become available, tf error: Invalid frame ID "odom" passed to canTransform argument target_frame - frame does not exist
2026-08-14T14:21:15: [component_container_isolated-1] [INFO] [1786684875.239605034] [local_costmap.local_costmap]: Timed out waiting for transform from base_link to odom to become available, tf error: Invalid frame ID "odom" passed to canTransform argument target_frame - frame does not exist
2026-08-14T14:21:15: [component_container_isolated-1] [INFO] [1786684875.739620902] [local_costmap.local_costmap]: Timed out waiting for transform from base_link to odom to become available, tf error: Invalid frame ID "odom" passed to canTransform argument target_frame - frame does not exist
2026-08-14T14:21:16: [component_container_isolated-1] [INFO] [1786684876.239658714] [local_costmap.local_costmap]: Timed out waiting for transform from base_link to odom to become available, tf error: Invalid frame ID "odom" passed to canTransform argument target_frame - frame does not exist
2026-08-14T14:21:16: [component_container_isolated-1] [INFO] [1786684876.739611916] [local_costmap.local_costmap]: Timed out waiting for transform from base_link to odom to become available, tf error: Invalid frame ID "odom" passed to canTransform argument target_frame - frame does not exist
2026-08-14T14:21:17: [component_container_isolated-1] [INFO] [1786684877.239609747] [local_costmap.local_costmap]: Timed out waiting for transform from base_link to odom to become available, tf error: Invalid frame ID "odom" passed to canTransform argument target_frame - frame does not exist
2026-08-14T14:21:17: [component_container_isolated-1] [INFO] [1786684877.739635188] [local_costmap.local_costmap]: Timed out waiting for transform from base_link to odom to become available, tf error: Invalid frame ID "odom" passed to canTransform argument target_frame - frame does not exist
2026-08-14T14:21:18: [component_container_isolated-1] [INFO] [1786684878.239625204] [local_costmap.local_costmap]: Timed out waiting for transform from base_link to odom to become available, tf error: Invalid frame ID "odom" passed to canTransform argument target_frame - frame does not exist
2026-08-14T14:21:18: [component_container_isolated-1] [INFO] [1786684878.739599868] [local_costmap.local_costmap]: Timed out waiting for transform from base_link to odom to become available, tf error: Invalid frame ID "odom" passed to canTransform argument target_frame - frame does not exist
2026-08-14T14:21:19: [component_container_isolated-1] [INFO] [1786684879.239616568] [local_costmap.local_costmap]: Timed out waiting for transform from base_link to odom to become available, tf error: Invalid frame ID "odom" passed to canTransform argument target_frame - frame does not exist
2026-08-14T14:21:19: [component_container_isolated-1] [INFO] [1786684879.739630138] [local_costmap.local_costmap]: Timed out waiting for transform from base_link to odom to become available, tf error: Invalid frame ID "odom" passed to canTransform argument target_frame - frame does not exist
2026-08-14T14:21:20: [component_container_isolated-1] [INFO] [1786684880.239618283] [local_costmap.local_costmap]: Timed out waiting for transform from base_link to odom to become available, tf error: Invalid frame ID "odom" passed to canTransform argument target_frame - frame does not exist
2026-08-14T14:21:20: [component_container_isolated-1] [INFO] [1786684880.739623168] [local_costmap.local_costmap]: Timed out waiting for transform from base_link to odom to become available, tf error: Invalid frame ID "odom" passed to canTransform argument target_frame - frame does not exist
2026-08-14T14:21:21: [component_container_isolated-1] [INFO] [1786684881.239613164] [local_costmap.local_costmap]: Timed out waiting for transform from base_link to odom to become available, tf error: Invalid frame ID "odom" passed to canTransform argument target_frame - frame does not exist
2026-08-14T14:21:21: [component_container_isolated-1] [INFO] [1786684881.739599864] [local_costmap.local_costmap]: Timed out waiting for transform from base_link to odom to become available, tf error: Invalid frame ID "odom" passed to canTransform argument target_frame - frame does not exist
2026-08-14T14:21:22: [component_container_isolated-1] [INFO] [1786684882.239638211] [local_costmap.local_costmap]: Timed out waiting for transform from base_link to odom to become available, tf error: Invalid frame ID "odom" passed to canTransform argument target_frame - frame does not exist
2026-08-14T14:21:22: [component_container_isolated-1] [INFO] [1786684882.739598985] [local_costmap.local_costmap]: Timed out waiting for transform from base_link to odom to become available, tf error: Invalid frame ID "odom" passed to canTransform argument target_frame - frame does not exist
2026-08-14T14:21:23: [component_container_isolated-1] [INFO] [1786684883.239610259] [local_costmap.local_costmap]: Timed out waiting for transform from base_link to odom to become available, tf error: Invalid frame ID "odom" passed to canTransform argument target_frame - frame does not exist
2026-08-14T14:21:23: [component_container_isolated-1] [INFO] [1786684883.739618198] [local_costmap.local_costmap]: Timed out waiting for transform from base_link to odom to become available, tf error: Invalid frame ID "odom" passed to canTransform argument target_frame - frame does not exist
2026-08-14T14:21:24: [component_container_isolated-1] [INFO] [1786684884.239627805] [local_costmap.local_costmap]: Timed out waiting for transform from base_link to odom to become available, tf error: Invalid frame ID "odom" passed to canTransform argument target_frame - frame does not exist
2026-08-14T14:21:24: [component_container_isolated-1] [INFO] [1786684884.739628929] [local_costmap.local_costmap]: Timed out waiting for transform from base_link to odom to become available, tf error: Invalid frame ID "odom" passed to canTransform argument target_frame - frame does not exist
2026-08-14T14:21:25: [component_container_isolated-1] [INFO] [1786684885.239642220] [local_costmap.local_costmap]: Timed out waiting for transform from base_link to odom to become available, tf error: Invalid frame ID "odom" passed to canTransform argument target_frame - frame does not exist
2026-08-14T14:21:25: [component_container_isolated-1] [INFO] [1786684885.739603493] [local_costmap.local_costmap]: Timed out waiting for transform from base_link to odom to become available, tf error: Invalid frame ID "odom" passed to canTransform argument target_frame - frame does not exist
2026-08-14T14:21:26: [component_container_isolated-1] [INFO] [1786684886.239617580] [local_costmap.local_costmap]: Timed out waiting for transform from base_link to odom to become available, tf error: Invalid frame ID "odom" passed to canTransform argument target_frame - frame does not exist
2026-08-14T14:21:26: [component_container_isolated-1] [INFO] [1786684886.739631890] [local_costmap.local_costmap]: Timed out waiting for transform from base_link to odom to become available, tf error: Invalid frame ID "odom" passed to canTransform argument target_frame - frame does not exist
2026-08-14T14:21:27: [component_container_isolated-1] [INFO] [1786684887.239642513] [local_costmap.local_costmap]: Timed out waiting for transform from base_link to odom to become available, tf error: Invalid frame ID "odom" passed to canTransform argument target_frame - frame does not exist
2026-08-14T14:21:27: [component_container_isolated-1] [INFO] [1786684887.739603267] [local_costmap.local_costmap]: Timed out waiting for transform from base_link to odom to become available, tf error: Invalid frame ID "odom" passed to canTransform argument target_frame - frame does not exist
2026-08-14T14:21:28: [component_container_isolated-1] [INFO] [1786684888.240059273] [local_costmap.local_costmap]: Timed out waiting for transform from base_link to odom to become available, tf error: Invalid frame ID "odom" passed to canTransform argument target_frame - frame does not exist
2026-08-14T14:21:28: [component_container_isolated-1] [INFO] [1786684888.739709920] [local_costmap.local_costmap]: Timed out waiting for transform from base_link to odom to become available, tf error: Invalid frame ID "odom" passed to canTransform argument target_frame - frame does not exist
2026-08-14T14:21:29: [component_container_isolated-1] [INFO] [1786684889.239616490] [local_costmap.local_costmap]: Timed out waiting for transform from base_link to odom to become available, tf error: Invalid frame ID "odom" passed to canTransform argument target_frame - frame does not exist
2026-08-14T14:21:29: [component_container_isolated-1] [INFO] [1786684889.748184319] [local_costmap.local_costmap]: Timed out waiting for transform from base_link to odom to become available, tf error: Invalid frame ID "odom" passed to canTransform argument target_frame - frame does not exist
2026-08-14T14:21:30: [component_container_isolated-1] [INFO] [1786684890.239627699] [local_costmap.local_costmap]: Timed out waiting for transform from base_link to odom to become available, tf error: Invalid frame ID "odom" passed to canTransform argument target_frame - frame does not exist
2026-08-14T14:21:30: [component_container_isolated-1] [INFO] [1786684890.739667414] [local_costmap.local_costmap]: Timed out waiting for transform from base_link to odom to become available, tf error: Invalid frame ID "odom" passed to canTransform argument target_frame - frame does not exist
2026-08-14T14:21:31: [component_container_isolated-1] [INFO] [1786684891.239685314] [local_costmap.local_costmap]: Timed out waiting for transform from base_link to odom to become available, tf error: Invalid frame ID "odom" passed to canTransform argument target_frame - frame does not exist
2026-08-14T14:21:31: [component_container_isolated-1] [INFO] [1786684891.739612586] [local_costmap.local_costmap]: Timed out waiting for transform from base_link to odom to become available, tf error: Invalid frame ID "odom" passed to canTransform argument target_frame - frame does not exist
2026-08-14T14:21:32: [component_container_isolated-1] [INFO] [1786684892.239653356] [local_costmap.local_costmap]: Timed out waiting for transform from base_link to odom to become available, tf error: Invalid frame ID "odom" passed to canTransform argument target_frame - frame does not exist
2026-08-14T14:21:32: [component_container_isolated-1] [INFO] [1786684892.739629849] [local_costmap.local_costmap]: Timed out waiting for transform from base_link to odom to become available, tf error: Invalid frame ID "odom" passed to canTransform argument target_frame - frame does not exist
2026-08-14T14:21:33: [component_container_isolated-1] [INFO] [1786684893.239629119] [local_costmap.local_costmap]: Timed out waiting for transform from base_link to odom to become available, tf error: Invalid frame ID "odom" passed to canTransform argument target_frame - frame does not exist
2026-08-14T14:21:33: [component_container_isolated-1] [INFO] [1786684893.739613538] [local_costmap.local_costmap]: Timed out waiting for transform from base_link to odom to become available, tf error: Invalid frame ID "odom" passed to canTransform argument target_frame - frame does not exist
2026-08-14T14:21:34: [component_container_isolated-1] [INFO] [1786684894.239616790] [local_costmap.local_costmap]: Timed out waiting for transform from base_link to odom to become available, tf error: Invalid frame ID "odom" passed to canTransform argument target_frame - frame does not exist
2026-08-14T14:21:34: [component_container_isolated-1] [INFO] [1786684894.739604245] [local_costmap.local_costmap]: Timed out waiting for transform from base_link to odom to become available, tf error: Invalid frame ID "odom" passed to canTransform argument target_frame - frame does not exist
2026-08-14T14:21:35: [component_container_isolated-1] [INFO] [1786684895.240404632] [local_costmap.local_costmap]: Timed out waiting for transform from base_link to odom to become available, tf error: Invalid frame ID "odom" passed to canTransform argument target_frame - frame does not exist
2026-08-14T14:21:35: [component_container_isolated-1] [INFO] [1786684895.739635599] [local_costmap.local_costmap]: Timed out waiting for transform from base_link to odom to become available, tf error: Invalid frame ID "odom" passed to canTransform argument target_frame - frame does not exist
2026-08-14T14:21:36: [component_container_isolated-1] [INFO] [1786684896.239629590] [local_costmap.local_costmap]: Timed out waiting for transform from base_link to odom to become available, tf error: Invalid frame ID "odom" passed to canTransform argument target_frame - frame does not exist
2026-08-14T14:21:36: [component_container_isolated-1] [INFO] [1786684896.739623082] [local_costmap.local_costmap]: Timed out waiting for transform from base_link to odom to become available, tf error: Invalid frame ID "odom" passed to canTransform argument target_frame - frame does not exist
2026-08-14T14:21:37: [component_container_isolated-1] [INFO] [1786684897.239637481] [local_costmap.local_costmap]: Timed out waiting for transform from base_link to odom to become available, tf error: Invalid frame ID "odom" passed to canTransform argument target_frame - frame does not exist
2026-08-14T14:21:37: [component_container_isolated-1] [INFO] [1786684897.739646416] [local_costmap.local_costmap]: Timed out waiting for transform from base_link to odom to become available, tf error: Invalid frame ID "odom" passed to canTransform argument target_frame - frame does not exist
2026-08-14T14:21:38: [component_container_isolated-1] [INFO] [1786684898.239631241] [local_costmap.local_costmap]: Timed out waiting for transform from base_link to odom to become available, tf error: Invalid frame ID "odom" passed to canTransform argument target_frame - frame does not exist
2026-08-14T14:21:38: [component_container_isolated-1] [INFO] [1786684898.739621028] [local_costmap.local_costmap]: Timed out waiting for transform from base_link to odom to become available, tf error: Invalid frame ID "odom" passed to canTransform argument target_frame - frame does not exist
2026-08-14T14:21:39: [component_container_isolated-1] [INFO] [1786684899.239668352] [local_costmap.local_costmap]: Timed out waiting for transform from base_link to odom to become available, tf error: Invalid frame ID "odom" passed to canTransform argument target_frame - frame does not exist
2026-08-14T14:21:39: [component_container_isolated-1] [INFO] [1786684899.739623028] [local_costmap.local_costmap]: Timed out waiting for transform from base_link to odom to become available, tf error: Invalid frame ID "odom" passed to canTransform argument target_frame - frame does not exist
2026-08-14T14:21:40: [component_container_isolated-1] [INFO] [1786684900.239628741] [local_costmap.local_costmap]: Timed out waiting for transform from base_link to odom to become available, tf error: Invalid frame ID "odom" passed to canTransform argument target_frame - frame does not exist
2026-08-14T14:21:40: [component_container_isolated-1] [INFO] [1786684900.739624880] [local_costmap.local_costmap]: Timed out waiting for transform from base_link to odom to become available, tf error: Invalid frame ID "odom" passed to canTransform argument target_frame - frame does not exist
2026-08-14T14:21:41: [component_container_isolated-1] [INFO] [1786684901.239645092] [local_costmap.local_costmap]: Timed out waiting for transform from base_link to odom to become available, tf error: Invalid frame ID "odom" passed to canTransform argument target_frame - frame does not exist
2026-08-14T14:21:41: [component_container_isolated-1] [INFO] [1786684901.740210296] [local_costmap.local_costmap]: Timed out waiting for transform from base_link to odom to become available, tf error: Invalid frame ID "odom" passed to canTransform argument target_frame - frame does not exist
2026-08-14T14:21:42: [component_container_isolated-1] [INFO] [1786684902.239620813] [local_costmap.local_costmap]: Timed out waiting for transform from base_link to odom to become available, tf error: Invalid frame ID "odom" passed to canTransform argument target_frame - frame does not exist
2026-08-14T14:21:42: [component_container_isolated-1] [INFO] [1786684902.739635136] [local_costmap.local_costmap]: Timed out waiting for transform from base_link to odom to become available, tf error: Invalid frame ID "odom" passed to canTransform argument target_frame - frame does not exist
2026-08-14T14:21:43: [component_container_isolated-1] [INFO] [1786684903.239621681] [local_costmap.local_costmap]: Timed out waiting for transform from base_link to odom to become available, tf error: Invalid frame ID "odom" passed to canTransform argument target_frame - frame does not exist
2026-08-14T14:21:43: [component_container_isolated-1] [INFO] [1786684903.739641930] [local_costmap.local_costmap]: Timed out waiting for transform from base_link to odom to become available, tf error: Invalid frame ID "odom" passed to canTransform argument target_frame - frame does not exist
2026-08-14T14:21:44: [component_container_isolated-1] [INFO] [1786684904.239635975] [local_costmap.local_costmap]: Timed out waiting for transform from base_link to odom to become available, tf error: Invalid frame ID "odom" passed to canTransform argument target_frame - frame does not exist
2026-08-14T14:21:44: [component_container_isolated-1] [INFO] [1786684904.739614205] [local_costmap.local_costmap]: Timed out waiting for transform from base_link to odom to become available, tf error: Invalid frame ID "odom" passed to canTransform argument target_frame - frame does not exist
2026-08-14T14:21:45: [component_container_isolated-1] [INFO] [1786684905.239609972] [local_costmap.local_costmap]: Timed out waiting for transform from base_link to odom to become available, tf error: Invalid frame ID "odom" passed to canTransform argument target_frame - frame does not exist
2026-08-14T14:21:45: [component_container_isolated-1] [INFO] [1786684905.739605554] [local_costmap.local_costmap]: Timed out waiting for transform from base_link to odom to become available, tf error: Invalid frame ID "odom" passed to canTransform argument target_frame - frame does not exist
2026-08-14T14:21:46: [component_container_isolated-1] [INFO] [1786684906.239623802] [local_costmap.local_costmap]: Timed out waiting for transform from base_link to odom to become available, tf error: Invalid frame ID "odom" passed to canTransform argument target_frame - frame does not exist
2026-08-14T14:21:46: [component_container_isolated-1] [INFO] [1786684906.739619587] [local_costmap.local_costmap]: Timed out waiting for transform from base_link to odom to become available, tf error: Invalid frame ID "odom" passed to canTransform argument target_frame - frame does not exist
2026-08-14T14:21:47: [component_container_isolated-1] [INFO] [1786684907.239611075] [local_costmap.local_costmap]: Timed out waiting for transform from base_link to odom to become available, tf error: Invalid frame ID "odom" passed to canTransform argument target_frame - frame does not exist
2026-08-14T14:21:47: [component_container_isolated-1] [INFO] [1786684907.739601453] [local_costmap.local_costmap]: Timed out waiting for transform from base_link to odom to become available, tf error: Invalid frame ID "odom" passed to canTransform argument target_frame - frame does not exist
2026-08-14T14:21:48: [component_container_isolated-1] [INFO] [1786684908.239598126] [local_costmap.local_costmap]: Timed out waiting for transform from base_link to odom to become available, tf error: Invalid frame ID "odom" passed to canTransform argument target_frame - frame does not exist
2026-08-14T14:21:48: [component_container_isolated-1] [INFO] [1786684908.739620892] [local_costmap.local_costmap]: Timed out waiting for transform from base_link to odom to become available, tf error: Invalid frame ID "odom" passed to canTransform argument target_frame - frame does not exist
2026-08-14T14:21:49: [component_container_isolated-1] [INFO] [1786684909.239578417] [local_costmap.local_costmap]: Timed out waiting for transform from base_link to odom to become available, tf error: Invalid frame ID "odom" passed to canTransform argument target_frame - frame does not exist
2026-08-14T14:21:49: [component_container_isolated-1] [INFO] [1786684909.739602960] [local_costmap.local_costmap]: Timed out waiting for transform from base_link to odom to become available, tf error: Invalid frame ID "odom" passed to canTransform argument target_frame - frame does not exist
2026-08-14T14:21:50: [component_container_isolated-1] [INFO] [1786684910.239622837] [local_costmap.local_costmap]: Timed out waiting for transform from base_link to odom to become available, tf error: Invalid frame ID "odom" passed to canTransform argument target_frame - frame does not exist
2026-08-14T14:21:50: [component_container_isolated-1] [INFO] [1786684910.740521274] [local_costmap.local_costmap]: Timed out waiting for transform from base_link to odom to become available, tf error: Invalid frame ID "odom" passed to canTransform argument target_frame - frame does not exist
2026-08-14T14:21:51: [component_container_isolated-1] [INFO] [1786684911.239599127] [local_costmap.local_costmap]: Timed out waiting for transform from base_link to odom to become available, tf error: Invalid frame ID "odom" passed to canTransform argument target_frame - frame does not exist
2026-08-14T14:21:51: [component_container_isolated-1] [INFO] [1786684911.739612503] [local_costmap.local_costmap]: Timed out waiting for transform from base_link to odom to become available, tf error: Invalid frame ID "odom" passed to canTransform argument target_frame - frame does not exist
2026-08-14T14:21:52: [component_container_isolated-1] [INFO] [1786684912.239664804] [local_costmap.local_costmap]: Timed out waiting for transform from base_link to odom to become available, tf error: Invalid frame ID "odom" passed to canTransform argument target_frame - frame does not exist
2026-08-14T14:21:52: [component_container_isolated-1] [INFO] [1786684912.739628310] [local_costmap.local_costmap]: Timed out waiting for transform from base_link to odom to become available, tf error: Invalid frame ID "odom" passed to canTransform argument target_frame - frame does not exist
2026-08-14T14:21:53: [component_container_isolated-1] [INFO] [1786684913.239635889] [local_costmap.local_costmap]: Timed out waiting for transform from base_link to odom to become available, tf error: Invalid frame ID "odom" passed to canTransform argument target_frame - frame does not exist
2026-08-14T14:21:53: [component_container_isolated-1] [INFO] [1786684913.739631654] [local_costmap.local_costmap]: Timed out waiting for transform from base_link to odom to become available, tf error: Invalid frame ID "odom" passed to canTransform argument target_frame - frame does not exist
2026-08-14T14:21:54: [component_container_isolated-1] [INFO] [1786684914.240346556] [local_costmap.local_costmap]: Timed out waiting for transform from base_link to odom to become available, tf error: Invalid frame ID "odom" passed to canTransform argument target_frame - frame does not exist
2026-08-14T14:21:54: [component_container_isolated-1] [INFO] [1786684914.739614164] [local_costmap.local_costmap]: Timed out waiting for transform from base_link to odom to become available, tf error: Invalid frame ID "odom" passed to canTransform argument target_frame - frame does not exist
2026-08-14T14:21:55: [component_container_isolated-1] [INFO] [1786684915.239619669] [local_costmap.local_costmap]: Timed out waiting for transform from base_link to odom to become available, tf error: Invalid frame ID "odom" passed to canTransform argument target_frame - frame does not exist
2026-08-14T14:21:55: [component_container_isolated-1] [INFO] [1786684915.739853411] [local_costmap.local_costmap]: Timed out waiting for transform from base_link to odom to become available, tf error: Invalid frame ID "odom" passed to canTransform argument target_frame - frame does not exist
2026-08-14T14:21:56: [component_container_isolated-1] [INFO] [1786684916.239684121] [local_costmap.local_costmap]: Timed out waiting for transform from base_link to odom to become available, tf error: Invalid frame ID "odom" passed to canTransform argument target_frame - frame does not exist
2026-08-14T14:21:56: [component_container_isolated-1] [INFO] [1786684916.739613405] [local_costmap.local_costmap]: Timed out waiting for transform from base_link to odom to become available, tf error: Invalid frame ID "odom" passed to canTransform argument target_frame - frame does not exist
2026-08-14T14:21:57: [component_container_isolated-1] [INFO] [1786684917.240661393] [local_costmap.local_costmap]: Timed out waiting for transform from base_link to odom to become available, tf error: Invalid frame ID "odom" passed to canTransform argument target_frame - frame does not exist
2026-08-14T14:21:57: [component_container_isolated-1] [INFO] [1786684917.739606061] [local_costmap.local_costmap]: Timed out waiting for transform from base_link to odom to become available, tf error: Invalid frame ID "odom" passed to canTransform argument target_frame - frame does not exist
2026-08-14T14:21:58: [component_container_isolated-1] [INFO] [1786684918.239612417] [local_costmap.local_costmap]: Timed out waiting for transform from base_link to odom to become available, tf error: Invalid frame ID "odom" passed to canTransform argument target_frame - frame does not exist
2026-08-14T14:21:58: [component_container_isolated-1] [INFO] [1786684918.739620476] [local_costmap.local_costmap]: Timed out waiting for transform from base_link to odom to become available, tf error: Invalid frame ID "odom" passed to canTransform argument target_frame - frame does not exist
2026-08-14T14:21:59: [component_container_isolated-1] [INFO] [1786684919.239626498] [local_costmap.local_costmap]: Timed out waiting for transform from base_link to odom to become available, tf error: Invalid frame ID "odom" passed to canTransform argument target_frame - frame does not exist
2026-08-14T14:21:59: [component_container_isolated-1] [INFO] [1786684919.739848517] [local_costmap.local_costmap]: Timed out waiting for transform from base_link to odom to become available, tf error: Invalid frame ID "odom" passed to canTransform argument target_frame - frame does not exist
2026-08-14T14:22:00: [component_container_isolated-1] [INFO] [1786684920.239614968] [local_costmap.local_costmap]: Timed out waiting for transform from base_link to odom to become available, tf error: Invalid frame ID "odom" passed to canTransform argument target_frame - frame does not exist
2026-08-14T14:22:00: [component_container_isolated-1] [INFO] [1786684920.739792580] [local_costmap.local_costmap]: Timed out waiting for transform from base_link to odom to become available, tf error: Invalid frame ID "odom" passed to canTransform argument target_frame - frame does not exist
2026-08-14T14:22:01: [component_container_isolated-1] [INFO] [1786684921.239622326] [local_costmap.local_costmap]: Timed out waiting for transform from base_link to odom to become available, tf error: Invalid frame ID "odom" passed to canTransform argument target_frame - frame does not exist
2026-08-14T14:22:01: [component_container_isolated-1] [INFO] [1786684921.739641014] [local_costmap.local_costmap]: Timed out waiting for transform from base_link to odom to become available, tf error: Invalid frame ID "odom" passed to canTransform argument target_frame - frame does not exist
2026-08-14T14:22:02: [component_container_isolated-1] [INFO] [1786684922.239816274] [local_costmap.local_costmap]: Timed out waiting for transform from base_link to odom to become available, tf error: Invalid frame ID "odom" passed to canTransform argument target_frame - frame does not exist
2026-08-14T14:22:02: [component_container_isolated-1] [INFO] [1786684922.740409175] [local_costmap.local_costmap]: Timed out waiting for transform from base_link to odom to become available, tf error: Invalid frame ID "odom" passed to canTransform argument target_frame - frame does not exist
2026-08-14T14:22:03: [component_container_isolated-1] [INFO] [1786684923.239837797] [local_costmap.local_costmap]: Timed out waiting for transform from base_link to odom to become available, tf error: Invalid frame ID "odom" passed to canTransform argument target_frame - frame does not exist
2026-08-14T14:22:03: [component_container_isolated-1] [INFO] [1786684923.739777319] [local_costmap.local_costmap]: Timed out waiting for transform from base_link to odom to become available, tf error: Invalid frame ID "odom" passed to canTransform argument target_frame - frame does not exist
2026-08-14T14:22:04: [component_container_isolated-1] [INFO] [1786684924.239874838] [local_costmap.local_costmap]: Timed out waiting for transform from base_link to odom to become available, tf error: Invalid frame ID "odom" passed to canTransform argument target_frame - frame does not exist
2026-08-14T14:22:04: [component_container_isolated-1] [INFO] [1786684924.739878063] [local_costmap.local_costmap]: Timed out waiting for transform from base_link to odom to become available, tf error: Invalid frame ID "odom" passed to canTransform argument target_frame - frame does not exist
2026-08-14T14:22:05: [component_container_isolated-1] [INFO] [1786684925.239609124] [local_costmap.local_costmap]: Timed out waiting for transform from base_link to odom to become available, tf error: Invalid frame ID "odom" passed to canTransform argument target_frame - frame does not exist
2026-08-14T14:22:05: [component_container_isolated-1] [INFO] [1786684925.739735161] [local_costmap.local_costmap]: Timed out waiting for transform from base_link to odom to become available, tf error: Invalid frame ID "odom" passed to canTransform argument target_frame - frame does not exist
2026-08-14T14:22:06: [component_container_isolated-1] [INFO] [1786684926.239725348] [local_costmap.local_costmap]: Timed out waiting for transform from base_link to odom to become available, tf error: Invalid frame ID "odom" passed to canTransform argument target_frame - frame does not exist
2026-08-14T14:22:06: [component_container_isolated-1] [INFO] [1786684926.739616629] [local_costmap.local_costmap]: Timed out waiting for transform from base_link to odom to become available, tf error: Invalid frame ID "odom" passed to canTransform argument target_frame - frame does not exist
2026-08-14T14:22:07: [component_container_isolated-1] [INFO] [1786684927.239713018] [local_costmap.local_costmap]: Timed out waiting for transform from base_link to odom to become available, tf error: Invalid frame ID "odom" passed to canTransform argument target_frame - frame does not exist
2026-08-14T14:22:07: [component_container_isolated-1] [INFO] [1786684927.739698964] [local_costmap.local_costmap]: Timed out waiting for transform from base_link to odom to become available, tf error: Invalid frame ID "odom" passed to canTransform argument target_frame - frame does not exist
2026-08-14T14:22:08: [component_container_isolated-1] [INFO] [1786684928.239676614] [local_costmap.local_costmap]: Timed out waiting for transform from base_link to odom to become available, tf error: Invalid frame ID "odom" passed to canTransform argument target_frame - frame does not exist
2026-08-14T14:22:08: [component_container_isolated-1] [INFO] [1786684928.739631801] [local_costmap.local_costmap]: Timed out waiting for transform from base_link to odom to become available, tf error: Invalid frame ID "odom" passed to canTransform argument target_frame - frame does not exist
2026-08-14T14:22:09: [component_container_isolated-1] [INFO] [1786684929.239636413] [local_costmap.local_costmap]: Timed out waiting for transform from base_link to odom to become available, tf error: Invalid frame ID "odom" passed to canTransform argument target_frame - frame does not exist
2026-08-14T14:22:09: [component_container_isolated-1] [INFO] [1786684929.739639895] [local_costmap.local_costmap]: Timed out waiting for transform from base_link to odom to become available, tf error: Invalid frame ID "odom" passed to canTransform argument target_frame - frame does not exist
2026-08-14T14:22:10: [component_container_isolated-1] [INFO] [1786684930.239814671] [local_costmap.local_costmap]: Timed out waiting for transform from base_link to odom to become available, tf error: Invalid frame ID "odom" passed to canTransform argument target_frame - frame does not exist
2026-08-14T14:22:10: [component_container_isolated-1] [INFO] [1786684930.739612489] [local_costmap.local_costmap]: Timed out waiting for transform from base_link to odom to become available, tf error: Invalid frame ID "odom" passed to canTransform argument target_frame - frame does not exist
2026-08-14T14:22:11: [component_container_isolated-1] [INFO] [1786684931.239631434] [local_costmap.local_costmap]: Timed out waiting for transform from base_link to odom to become available, tf error: Invalid frame ID "odom" passed to canTransform argument target_frame - frame does not exist
2026-08-14T14:22:11: [component_container_isolated-1] [INFO] [1786684931.739660693] [local_costmap.local_costmap]: Timed out waiting for transform from base_link to odom to become available, tf error: Invalid frame ID "odom" passed to canTransform argument target_frame - frame does not exist
2026-08-14T14:22:12: [component_container_isolated-1] [INFO] [1786684932.239651471] [local_costmap.local_costmap]: Timed out waiting for transform from base_link to odom to become available, tf error: Invalid frame ID "odom" passed to canTransform argument target_frame - frame does not exist
2026-08-14T14:22:12: [component_container_isolated-1] [INFO] [1786684932.739625305] [local_costmap.local_costmap]: Timed out waiting for transform from base_link to odom to become available, tf error: Invalid frame ID "odom" passed to canTransform argument target_frame - frame does not exist
2026-08-14T14:22:13: [component_container_isolated-1] [INFO] [1786684933.239659452] [local_costmap.local_costmap]: Timed out waiting for transform from base_link to odom to become available, tf error: Invalid frame ID "odom" passed to canTransform argument target_frame - frame does not exist
2026-08-14T14:22:13: [component_container_isolated-1] [INFO] [1786684933.739619693] [local_costmap.local_costmap]: Timed out waiting for transform from base_link to odom to become available, tf error: Invalid frame ID "odom" passed to canTransform argument target_frame - frame does not exist
2026-08-14T14:22:14: [component_container_isolated-1] [INFO] [1786684934.239613100] [local_costmap.local_costmap]: Timed out waiting for transform from base_link to odom to become available, tf error: Invalid frame ID "odom" passed to canTransform argument target_frame - frame does not exist
2026-08-14T14:22:14: [component_container_isolated-1] [INFO] [1786684934.739599452] [local_costmap.local_costmap]: Timed out waiting for transform from base_link to odom to become available, tf error: Invalid frame ID "odom" passed to canTransform argument target_frame - frame does not exist
2026-08-14T14:22:15: [component_container_isolated-1] [INFO] [1786684935.239613636] [local_costmap.local_costmap]: Timed out waiting for transform from base_link to odom to become available, tf error: Invalid frame ID "odom" passed to canTransform argument target_frame - frame does not exist
2026-08-14T14:22:15: [component_container_isolated-1] [INFO] [1786684935.739910371] [local_costmap.local_costmap]: Timed out waiting for transform from base_link to odom to become available, tf error: Invalid frame ID "odom" passed to canTransform argument target_frame - frame does not exist
2026-08-14T14:22:16: [component_container_isolated-1] [INFO] [1786684936.239607264] [local_costmap.local_costmap]: Timed out waiting for transform from base_link to odom to become available, tf error: Invalid frame ID "odom" passed to canTransform argument target_frame - frame does not exist
2026-08-14T14:22:16: [component_container_isolated-1] [INFO] [1786684936.740092070] [local_costmap.local_costmap]: Timed out waiting for transform from base_link to odom to become available, tf error: Invalid frame ID "odom" passed to canTransform argument target_frame - frame does not exist
2026-08-14T14:22:17: [component_container_isolated-1] [INFO] [1786684937.239612243] [local_costmap.local_costmap]: Timed out waiting for transform from base_link to odom to become available, tf error: Invalid frame ID "odom" passed to canTransform argument target_frame - frame does not exist
2026-08-14T14:22:17: [component_container_isolated-1] [INFO] [1786684937.739916867] [local_costmap.local_costmap]: Timed out waiting for transform from base_link to odom to become available, tf error: Invalid frame ID "odom" passed to canTransform argument target_frame - frame does not exist
2026-08-14T14:22:18: [component_container_isolated-1] [INFO] [1786684938.239604721] [local_costmap.local_costmap]: Timed out waiting for transform from base_link to odom to become available, tf error: Invalid frame ID "odom" passed to canTransform argument target_frame - frame does not exist
2026-08-14T14:22:18: [component_container_isolated-1] [INFO] [1786684938.739615757] [local_costmap.local_costmap]: Timed out waiting for transform from base_link to odom to become available, tf error: Invalid frame ID "odom" passed to canTransform argument target_frame - frame does not exist
2026-08-14T14:22:19: [component_container_isolated-1] [INFO] [1786684939.239608255] [local_costmap.local_costmap]: Timed out waiting for transform from base_link to odom to become available, tf error: Invalid frame ID "odom" passed to canTransform argument target_frame - frame does not exist
2026-08-14T14:22:19: [component_container_isolated-1] [INFO] [1786684939.739616697] [local_costmap.local_costmap]: Timed out waiting for transform from base_link to odom to become available, tf error: Invalid frame ID "odom" passed to canTransform argument target_frame - frame does not exist
2026-08-14T14:22:20: [component_container_isolated-1] [INFO] [1786684940.239681769] [local_costmap.local_costmap]: Timed out waiting for transform from base_link to odom to become available, tf error: Invalid frame ID "odom" passed to canTransform argument target_frame - frame does not exist
2026-08-14T14:22:20: [component_container_isolated-1] [INFO] [1786684940.744785616] [local_costmap.local_costmap]: Timed out waiting for transform from base_link to odom to become available, tf error: Invalid frame ID "odom" passed to canTransform argument target_frame - frame does not exist
2026-08-14T14:22:21: [component_container_isolated-1] [INFO] [1786684941.239736448] [local_costmap.local_costmap]: Timed out waiting for transform from base_link to odom to become available, tf error: Invalid frame ID "odom" passed to canTransform argument target_frame - frame does not exist
2026-08-14T14:22:21: [component_container_isolated-1] [INFO] [1786684941.739616818] [local_costmap.local_costmap]: Timed out waiting for transform from base_link to odom to become available, tf error: Invalid frame ID "odom" passed to canTransform argument target_frame - frame does not exist
2026-08-14T14:22:22: [component_container_isolated-1] [INFO] [1786684942.239627019] [local_costmap.local_costmap]: Timed out waiting for transform from base_link to odom to become available, tf error: Invalid frame ID "odom" passed to canTransform argument target_frame - frame does not exist
2026-08-14T14:22:22: [component_container_isolated-1] [INFO] [1786684942.739610017] [local_costmap.local_costmap]: Timed out waiting for transform from base_link to odom to become available, tf error: Invalid frame ID "odom" passed to canTransform argument target_frame - frame does not exist
2026-08-14T14:22:23: [component_container_isolated-1] [INFO] [1786684943.239615254] [local_costmap.local_costmap]: Timed out waiting for transform from base_link to odom to become available, tf error: Invalid frame ID "odom" passed to canTransform argument target_frame - frame does not exist
2026-08-14T14:22:23: [component_container_isolated-1] [INFO] [1786684943.739604900] [local_costmap.local_costmap]: Timed out waiting for transform from base_link to odom to become available, tf error: Invalid frame ID "odom" passed to canTransform argument target_frame - frame does not exist
2026-08-14T14:22:24: [component_container_isolated-1] [INFO] [1786684944.239604545] [local_costmap.local_costmap]: Timed out waiting for transform from base_link to odom to become available, tf error: Invalid frame ID "odom" passed to canTransform argument target_frame - frame does not exist
2026-08-14T14:22:24: [component_container_isolated-1] [INFO] [1786684944.739625356] [local_costmap.local_costmap]: Timed out waiting for transform from base_link to odom to become available, tf error: Invalid frame ID "odom" passed to canTransform argument target_frame - frame does not exist
2026-08-14T14:22:25: [component_container_isolated-1] [INFO] [1786684945.239617038] [local_costmap.local_costmap]: Timed out waiting for transform from base_link to odom to become available, tf error: Invalid frame ID "odom" passed to canTransform argument target_frame - frame does not exist
2026-08-14T14:22:25: [component_container_isolated-1] [INFO] [1786684945.739624775] [local_costmap.local_costmap]: Timed out waiting for transform from base_link to odom to become available, tf error: Invalid frame ID "odom" passed to canTransform argument target_frame - frame does not exist
2026-08-14T14:22:26: [component_container_isolated-1] [INFO] [1786684946.239615160] [local_costmap.local_costmap]: Timed out waiting for transform from base_link to odom to become available, tf error: Invalid frame ID "odom" passed to canTransform argument target_frame - frame does not exist
2026-08-14T14:22:26: [component_container_isolated-1] [INFO] [1786684946.739600768] [local_costmap.local_costmap]: Timed out waiting for transform from base_link to odom to become available, tf error: Invalid frame ID "odom" passed to canTransform argument target_frame - frame does not exist
2026-08-14T14:22:27: [component_container_isolated-1] [INFO] [1786684947.239618764] [local_costmap.local_costmap]: Timed out waiting for transform from base_link to odom to become available, tf error: Invalid frame ID "odom" passed to canTransform argument target_frame - frame does not exist
2026-08-14T14:22:27: [component_container_isolated-1] [INFO] [1786684947.740982869] [local_costmap.local_costmap]: Timed out waiting for transform from base_link to odom to become available, tf error: Invalid frame ID "odom" passed to canTransform argument target_frame - frame does not exist
2026-08-14T14:22:28: [component_container_isolated-1] [INFO] [1786684948.239619422] [local_costmap.local_costmap]: Timed out waiting for transform from base_link to odom to become available, tf error: Invalid frame ID "odom" passed to canTransform argument target_frame - frame does not exist
2026-08-14T14:22:28: [component_container_isolated-1] [INFO] [1786684948.739617918] [local_costmap.local_costmap]: Timed out waiting for transform from base_link to odom to become available, tf error: Invalid frame ID "odom" passed to canTransform argument target_frame - frame does not exist
2026-08-14T14:22:29: [component_container_isolated-1] [INFO] [1786684949.239631210] [local_costmap.local_costmap]: Timed out waiting for transform from base_link to odom to become available, tf error: Invalid frame ID "odom" passed to canTransform argument target_frame - frame does not exist
2026-08-14T14:22:29: [component_container_isolated-1] [INFO] [1786684949.739620076] [local_costmap.local_costmap]: Timed out waiting for transform from base_link to odom to become available, tf error: Invalid frame ID "odom" passed to canTransform argument target_frame - frame does not exist
2026-08-14T14:22:30: [component_container_isolated-1] [INFO] [1786684950.243590586] [local_costmap.local_costmap]: Timed out waiting for transform from base_link to odom to become available, tf error: Invalid frame ID "odom" passed to canTransform argument target_frame - frame does not exist
2026-08-14T14:22:30: [component_container_isolated-1] [INFO] [1786684950.739608548] [local_costmap.local_costmap]: Timed out waiting for transform from base_link to odom to become available, tf error: Invalid frame ID "odom" passed to canTransform argument target_frame - frame does not exist
2026-08-14T14:22:31: [component_container_isolated-1] [INFO] [1786684951.239649561] [local_costmap.local_costmap]: Timed out waiting for transform from base_link to odom to become available, tf error: Invalid frame ID "odom" passed to canTransform argument target_frame - frame does not exist
2026-08-14T14:22:31: [component_container_isolated-1] [INFO] [1786684951.739606556] [local_costmap.local_costmap]: Timed out waiting for transform from base_link to odom to become available, tf error: Invalid frame ID "odom" passed to canTransform argument target_frame - frame does not exist
2026-08-14T14:22:32: [component_container_isolated-1] [INFO] [1786684952.239664939] [local_costmap.local_costmap]: Timed out waiting for transform from base_link to odom to become available, tf error: Invalid frame ID "odom" passed to canTransform argument target_frame - frame does not exist
2026-08-14T14:22:32: [component_container_isolated-1] [INFO] [1786684952.739627434] [local_costmap.local_costmap]: Timed out waiting for transform from base_link to odom to become available, tf error: Invalid frame ID "odom" passed to canTransform argument target_frame - frame does not exist
2026-08-14T14:22:33: [component_container_isolated-1] [INFO] [1786684953.239617355] [local_costmap.local_costmap]: Timed out waiting for transform from base_link to odom to become available, tf error: Invalid frame ID "odom" passed to canTransform argument target_frame - frame does not exist
2026-08-14T14:22:33: [component_container_isolated-1] [INFO] [1786684953.744465462] [local_costmap.local_costmap]: Timed out waiting for transform from base_link to odom to become available, tf error: Invalid frame ID "odom" passed to canTransform argument target_frame - frame does not exist
2026-08-14T14:22:34: [component_container_isolated-1] [INFO] [1786684954.239608973] [local_costmap.local_costmap]: Timed out waiting for transform from base_link to odom to become available, tf error: Invalid frame ID "odom" passed to canTransform argument target_frame - frame does not exist
2026-08-14T14:22:34: [component_container_isolated-1] [INFO] [1786684954.739612578] [local_costmap.local_costmap]: Timed out waiting for transform from base_link to odom to become available, tf error: Invalid frame ID "odom" passed to canTransform argument target_frame - frame does not exist
2026-08-14T14:22:35: [component_container_isolated-1] [INFO] [1786684955.239603610] [local_costmap.local_costmap]: Timed out waiting for transform from base_link to odom to become available, tf error: Invalid frame ID "odom" passed to canTransform argument target_frame - frame does not exist
2026-08-14T14:22:35: [component_container_isolated-1] [INFO] [1786684955.739612733] [local_costmap.local_costmap]: Timed out waiting for transform from base_link to odom to become available, tf error: Invalid frame ID "odom" passed to canTransform argument target_frame - frame does not exist
2026-08-14T14:22:36: [component_container_isolated-1] [INFO] [1786684956.239607986] [local_costmap.local_costmap]: Timed out waiting for transform from base_link to odom to become available, tf error: Invalid frame ID "odom" passed to canTransform argument target_frame - frame does not exist
2026-08-14T14:22:36: [component_container_isolated-1] [INFO] [1786684956.739619535] [local_costmap.local_costmap]: Timed out waiting for transform from base_link to odom to become available, tf error: Invalid frame ID "odom" passed to canTransform argument target_frame - frame does not exist
2026-08-14T14:22:37: [component_container_isolated-1] [INFO] [1786684957.239633047] [local_costmap.local_costmap]: Timed out waiting for transform from base_link to odom to become available, tf error: Invalid frame ID "odom" passed to canTransform argument target_frame - frame does not exist
2026-08-14T14:22:37: [component_container_isolated-1] [INFO] [1786684957.739607448] [local_costmap.local_costmap]: Timed out waiting for transform from base_link to odom to become available, tf error: Invalid frame ID "odom" passed to canTransform argument target_frame - frame does not exist
2026-08-14T14:22:38: [component_container_isolated-1] [INFO] [1786684958.239611348] [local_costmap.local_costmap]: Timed out waiting for transform from base_link to odom to become available, tf error: Invalid frame ID "odom" passed to canTransform argument target_frame - frame does not exist
2026-08-14T14:22:38: [component_container_isolated-1] [INFO] [1786684958.739606508] [local_costmap.local_costmap]: Timed out waiting for transform from base_link to odom to become available, tf error: Invalid frame ID "odom" passed to canTransform argument target_frame - frame does not exist
2026-08-14T14:22:39: [component_container_isolated-1] [INFO] [1786684959.239601612] [local_costmap.local_costmap]: Timed out waiting for transform from base_link to odom to become available, tf error: Invalid frame ID "odom" passed to canTransform argument target_frame - frame does not exist
2026-08-14T14:22:39: [component_container_isolated-1] [INFO] [1786684959.739609864] [local_costmap.local_costmap]: Timed out waiting for transform from base_link to odom to become available, tf error: Invalid frame ID "odom" passed to canTransform argument target_frame - frame does not exist
2026-08-14T14:22:40: [component_container_isolated-1] [INFO] [1786684960.239618542] [local_costmap.local_costmap]: Timed out waiting for transform from base_link to odom to become available, tf error: Invalid frame ID "odom" passed to canTransform argument target_frame - frame does not exist
2026-08-14T14:22:40: [component_container_isolated-1] [INFO] [1786684960.739643923] [local_costmap.local_costmap]: Timed out waiting for transform from base_link to odom to become available, tf error: Invalid frame ID "odom" passed to canTransform argument target_frame - frame does not exist
2026-08-14T14:22:41: [component_container_isolated-1] [INFO] [1786684961.239601194] [local_costmap.local_costmap]: Timed out waiting for transform from base_link to odom to become available, tf error: Invalid frame ID "odom" passed to canTransform argument target_frame - frame does not exist
2026-08-14T14:22:41: [component_container_isolated-1] [INFO] [1786684961.739615631] [local_costmap.local_costmap]: Timed out waiting for transform from base_link to odom to become available, tf error: Invalid frame ID "odom" passed to canTransform argument target_frame - frame does not exist
2026-08-14T14:22:42: [component_container_isolated-1] [INFO] [1786684962.239622586] [local_costmap.local_costmap]: Timed out waiting for transform from base_link to odom to become available, tf error: Invalid frame ID "odom" passed to canTransform argument target_frame - frame does not exist
2026-08-14T14:22:42: [component_container_isolated-1] [INFO] [1786684962.739608097] [local_costmap.local_costmap]: Timed out waiting for transform from base_link to odom to become available, tf error: Invalid frame ID "odom" passed to canTransform argument target_frame - frame does not exist
2026-08-14T14:22:43: [component_container_isolated-1] [INFO] [1786684963.239603218] [local_costmap.local_costmap]: Timed out waiting for transform from base_link to odom to become available, tf error: Invalid frame ID "odom" passed to canTransform argument target_frame - frame does not exist
2026-08-14T14:22:43: [component_container_isolated-1] [INFO] [1786684963.739599617] [local_costmap.local_costmap]: Timed out waiting for transform from base_link to odom to become available, tf error: Invalid frame ID "odom" passed to canTransform argument target_frame - frame does not exist
2026-08-14T14:22:44: [component_container_isolated-1] [INFO] [1786684964.240771610] [local_costmap.local_costmap]: Timed out waiting for transform from base_link to odom to become available, tf error: Invalid frame ID "odom" passed to canTransform argument target_frame - frame does not exist
2026-08-14T14:22:44: [component_container_isolated-1] [INFO] [1786684964.739692507] [local_costmap.local_costmap]: Timed out waiting for transform from base_link to odom to become available, tf error: Invalid frame ID "odom" passed to canTransform argument target_frame - frame does not exist
2026-08-14T14:22:45: [component_container_isolated-1] [INFO] [1786684965.239598611] [local_costmap.local_costmap]: Timed out waiting for transform from base_link to odom to become available, tf error: Invalid frame ID "odom" passed to canTransform argument target_frame - frame does not exist
2026-08-14T14:22:45: [component_container_isolated-1] [INFO] [1786684965.739606880] [local_costmap.local_costmap]: Timed out waiting for transform from base_link to odom to become available, tf error: Invalid frame ID "odom" passed to canTransform argument target_frame - frame does not exist
2026-08-14T14:22:46: [component_container_isolated-1] [INFO] [1786684966.239604037] [local_costmap.local_costmap]: Timed out waiting for transform from base_link to odom to become available, tf error: Invalid frame ID "odom" passed to canTransform argument target_frame - frame does not exist
2026-08-14T14:22:46: [component_container_isolated-1] [INFO] [1786684966.739602843] [local_costmap.local_costmap]: Timed out waiting for transform from base_link to odom to become available, tf error: Invalid frame ID "odom" passed to canTransform argument target_frame - frame does not exist
2026-08-14T14:22:47: [component_container_isolated-1] [INFO] [1786684967.239608149] [local_costmap.local_costmap]: Timed out waiting for transform from base_link to odom to become available, tf error: Invalid frame ID "odom" passed to canTransform argument target_frame - frame does not exist
2026-08-14T14:22:47: [component_container_isolated-1] [INFO] [1786684967.739753952] [local_costmap.local_costmap]: Timed out waiting for transform from base_link to odom to become available, tf error: Invalid frame ID "odom" passed to canTransform argument target_frame - frame does not exist
2026-08-14T14:22:48: [component_container_isolated-1] [INFO] [1786684968.239597742] [local_costmap.local_costmap]: Timed out waiting for transform from base_link to odom to become available, tf error: Invalid frame ID "odom" passed to canTransform argument target_frame - frame does not exist
2026-08-14T14:22:48: [component_container_isolated-1] [INFO] [1786684968.739908561] [local_costmap.local_costmap]: Timed out waiting for transform from base_link to odom to become available, tf error: Invalid frame ID "odom" passed to canTransform argument target_frame - frame does not exist
2026-08-14T14:22:49: [component_container_isolated-1] [INFO] [1786684969.239613760] [local_costmap.local_costmap]: Timed out waiting for transform from base_link to odom to become available, tf error: Invalid frame ID "odom" passed to canTransform argument target_frame - frame does not exist
2026-08-14T14:22:49: [component_container_isolated-1] [INFO] [1786684969.739599731] [local_costmap.local_costmap]: Timed out waiting for transform from base_link to odom to become available, tf error: Invalid frame ID "odom" passed to canTransform argument target_frame - frame does not exist
2026-08-14T14:22:50: [component_container_isolated-1] [INFO] [1786684970.239933809] [local_costmap.local_costmap]: Timed out waiting for transform from base_link to odom to become available, tf error: Invalid frame ID "odom" passed to canTransform argument target_frame - frame does not exist
2026-08-14T14:22:50: [component_container_isolated-1] [INFO] [1786684970.739616063] [local_costmap.local_costmap]: Timed out waiting for transform from base_link to odom to become available, tf error: Invalid frame ID "odom" passed to canTransform argument target_frame - frame does not exist
2026-08-14T14:22:51: [component_container_isolated-1] [INFO] [1786684971.239668886] [local_costmap.local_costmap]: Timed out waiting for transform from base_link to odom to become available, tf error: Invalid frame ID "odom" passed to canTransform argument target_frame - frame does not exist
2026-08-14T14:22:51: [component_container_isolated-1] [INFO] [1786684971.739611839] [local_costmap.local_costmap]: Timed out waiting for transform from base_link to odom to become available, tf error: Invalid frame ID "odom" passed to canTransform argument target_frame - frame does not exist
2026-08-14T14:22:52: [component_container_isolated-1] [INFO] [1786684972.239604459] [local_costmap.local_costmap]: Timed out waiting for transform from base_link to odom to become available, tf error: Invalid frame ID "odom" passed to canTransform argument target_frame - frame does not exist
2026-08-14T14:22:52: [component_container_isolated-1] [INFO] [1786684972.739606541] [local_costmap.local_costmap]: Timed out waiting for transform from base_link to odom to become available, tf error: Invalid frame ID "odom" passed to canTransform argument target_frame - frame does not exist
2026-08-14T14:22:53: [component_container_isolated-1] [INFO] [1786684973.240113875] [local_costmap.local_costmap]: Timed out waiting for transform from base_link to odom to become available, tf error: Invalid frame ID "odom" passed to canTransform argument target_frame - frame does not exist
2026-08-14T14:22:53: [component_container_isolated-1] [INFO] [1786684973.739930181] [local_costmap.local_costmap]: Timed out waiting for transform from base_link to odom to become available, tf error: Invalid frame ID "odom" passed to canTransform argument target_frame - frame does not exist
2026-08-14T14:22:54: [component_container_isolated-1] [INFO] [1786684974.239622083] [local_costmap.local_costmap]: Timed out waiting for transform from base_link to odom to become available, tf error: Invalid frame ID "odom" passed to canTransform argument target_frame - frame does not exist
2026-08-14T14:22:54: [component_container_isolated-1] [INFO] [1786684974.739627349] [local_costmap.local_costmap]: Timed out waiting for transform from base_link to odom to become available, tf error: Invalid frame ID "odom" passed to canTransform argument target_frame - frame does not exist
2026-08-14T14:22:55: [component_container_isolated-1] [INFO] [1786684975.239645542] [local_costmap.local_costmap]: Timed out waiting for transform from base_link to odom to become available, tf error: Invalid frame ID "odom" passed to canTransform argument target_frame - frame does not exist
2026-08-14T14:22:55: [component_container_isolated-1] [INFO] [1786684975.739600735] [local_costmap.local_costmap]: Timed out waiting for transform from base_link to odom to become available, tf error: Invalid frame ID "odom" passed to canTransform argument target_frame - frame does not exist
2026-08-14T14:22:56: [component_container_isolated-1] [INFO] [1786684976.239617057] [local_costmap.local_costmap]: Timed out waiting for transform from base_link to odom to become available, tf error: Invalid frame ID "odom" passed to canTransform argument target_frame - frame does not exist
2026-08-14T14:22:56: [component_container_isolated-1] [INFO] [1786684976.739598860] [local_costmap.local_costmap]: Timed out waiting for transform from base_link to odom to become available, tf error: Invalid frame ID "odom" passed to canTransform argument target_frame - frame does not exist
2026-08-14T14:22:57: [component_container_isolated-1] [INFO] [1786684977.239646663] [local_costmap.local_costmap]: Timed out waiting for transform from base_link to odom to become available, tf error: Invalid frame ID "odom" passed to canTransform argument target_frame - frame does not exist
2026-08-14T14:22:57: [component_container_isolated-1] [INFO] [1786684977.739613188] [local_costmap.local_costmap]: Timed out waiting for transform from base_link to odom to become available, tf error: Invalid frame ID "odom" passed to canTransform argument target_frame - frame does not exist
2026-08-14T14:22:58: [component_container_isolated-1] [INFO] [1786684978.239604343] [local_costmap.local_costmap]: Timed out waiting for transform from base_link to odom to become available, tf error: Invalid frame ID "odom" passed to canTransform argument target_frame - frame does not exist
2026-08-14T14:22:58: [component_container_isolated-1] [INFO] [1786684978.739605776] [local_costmap.local_costmap]: Timed out waiting for transform from base_link to odom to become available, tf error: Invalid frame ID "odom" passed to canTransform argument target_frame - frame does not exist
2026-08-14T14:22:59: [component_container_isolated-1] [INFO] [1786684979.239609486] [local_costmap.local_costmap]: Timed out waiting for transform from base_link to odom to become available, tf error: Invalid frame ID "odom" passed to canTransform argument target_frame - frame does not exist
2026-08-14T14:22:59: [component_container_isolated-1] [INFO] [1786684979.739624603] [local_costmap.local_costmap]: Timed out waiting for transform from base_link to odom to become available, tf error: Invalid frame ID "odom" passed to canTransform argument target_frame - frame does not exist
2026-08-14T14:23:00: [component_container_isolated-1] [INFO] [1786684980.239644091] [local_costmap.local_costmap]: Timed out waiting for transform from base_link to odom to become available, tf error: Invalid frame ID "odom" passed to canTransform argument target_frame - frame does not exist
2026-08-14T14:23:00: [component_container_isolated-1] [INFO] [1786684980.739604116] [local_costmap.local_costmap]: Timed out waiting for transform from base_link to odom to become available, tf error: Invalid frame ID "odom" passed to canTransform argument target_frame - frame does not exist
2026-08-14T14:23:01: [component_container_isolated-1] [INFO] [1786684981.239614603] [local_costmap.local_costmap]: Timed out waiting for transform from base_link to odom to become available, tf error: Invalid frame ID "odom" passed to canTransform argument target_frame - frame does not exist
2026-08-14T14:23:01: [component_container_isolated-1] [INFO] [1786684981.739652571] [local_costmap.local_costmap]: Timed out waiting for transform from base_link to odom to become available, tf error: Invalid frame ID "odom" passed to canTransform argument target_frame - frame does not exist
2026-08-14T14:23:02: [component_container_isolated-1] [INFO] [1786684982.239598078] [local_costmap.local_costmap]: Timed out waiting for transform from base_link to odom to become available, tf error: Invalid frame ID "odom" passed to canTransform argument target_frame - frame does not exist
2026-08-14T14:23:02: [component_container_isolated-1] [INFO] [1786684982.739603454] [local_costmap.local_costmap]: Timed out waiting for transform from base_link to odom to become available, tf error: Invalid frame ID "odom" passed to canTransform argument target_frame - frame does not exist
2026-08-14T14:23:03: [component_container_isolated-1] [INFO] [1786684983.239617514] [local_costmap.local_costmap]: Timed out waiting for transform from base_link to odom to become available, tf error: Invalid frame ID "odom" passed to canTransform argument target_frame - frame does not exist
2026-08-14T14:23:03: [component_container_isolated-1] [INFO] [1786684983.739615575] [local_costmap.local_costmap]: Timed out waiting for transform from base_link to odom to become available, tf error: Invalid frame ID "odom" passed to canTransform argument target_frame - frame does not exist
2026-08-14T14:23:04: [component_container_isolated-1] [INFO] [1786684984.239596247] [local_costmap.local_costmap]: Timed out waiting for transform from base_link to odom to become available, tf error: Invalid frame ID "odom" passed to canTransform argument target_frame - frame does not exist
2026-08-14T14:23:04: [component_container_isolated-1] [INFO] [1786684984.739639789] [local_costmap.local_costmap]: Timed out waiting for transform from base_link to odom to become available, tf error: Invalid frame ID "odom" passed to canTransform argument target_frame - frame does not exist
2026-08-14T14:23:05: [component_container_isolated-1] [INFO] [1786684985.239608850] [local_costmap.local_costmap]: Timed out waiting for transform from base_link to odom to become available, tf error: Invalid frame ID "odom" passed to canTransform argument target_frame - frame does not exist
2026-08-14T14:23:05: [component_container_isolated-1] [INFO] [1786684985.739688576] [local_costmap.local_costmap]: Timed out waiting for transform from base_link to odom to become available, tf error: Invalid frame ID "odom" passed to canTransform argument target_frame - frame does not exist
2026-08-14T14:23:06: [component_container_isolated-1] [INFO] [1786684986.239608008] [local_costmap.local_costmap]: Timed out waiting for transform from base_link to odom to become available, tf error: Invalid frame ID "odom" passed to canTransform argument target_frame - frame does not exist
2026-08-14T14:23:06: [component_container_isolated-1] [INFO] [1786684986.739619493] [local_costmap.local_costmap]: Timed out waiting for transform from base_link to odom to become available, tf error: Invalid frame ID "odom" passed to canTransform argument target_frame - frame does not exist
2026-08-14T14:23:07: [component_container_isolated-1] [INFO] [1786684987.239609424] [local_costmap.local_costmap]: Timed out waiting for transform from base_link to odom to become available, tf error: Invalid frame ID "odom" passed to canTransform argument target_frame - frame does not exist
2026-08-14T14:23:07: [component_container_isolated-1] [INFO] [1786684987.739612058] [local_costmap.local_costmap]: Timed out waiting for transform from base_link to odom to become available, tf error: Invalid frame ID "odom" passed to canTransform argument target_frame - frame does not exist
2026-08-14T14:23:08: [component_container_isolated-1] [INFO] [1786684988.239596970] [local_costmap.local_costmap]: Timed out waiting for transform from base_link to odom to become available, tf error: Invalid frame ID "odom" passed to canTransform argument target_frame - frame does not exist
2026-08-14T14:23:08: [component_container_isolated-1] [INFO] [1786684988.739600474] [local_costmap.local_costmap]: Timed out waiting for transform from base_link to odom to become available, tf error: Invalid frame ID "odom" passed to canTransform argument target_frame - frame does not exist
2026-08-14T14:23:09: [component_container_isolated-1] [INFO] [1786684989.239682828] [local_costmap.local_costmap]: Timed out waiting for transform from base_link to odom to become available, tf error: Invalid frame ID "odom" passed to canTransform argument target_frame - frame does not exist
2026-08-14T14:23:09: [component_container_isolated-1] [INFO] [1786684989.739606167] [local_costmap.local_costmap]: Timed out waiting for transform from base_link to odom to become available, tf error: Invalid frame ID "odom" passed to canTransform argument target_frame - frame does not exist
2026-08-14T14:23:10: [component_container_isolated-1] [INFO] [1786684990.239708021] [local_costmap.local_costmap]: Timed out waiting for transform from base_link to odom to become available, tf error: Invalid frame ID "odom" passed to canTransform argument target_frame - frame does not exist
2026-08-14T14:23:10: [component_container_isolated-1] [INFO] [1786684990.739615248] [local_costmap.local_costmap]: Timed out waiting for transform from base_link to odom to become available, tf error: Invalid frame ID "odom" passed to canTransform argument target_frame - frame does not exist
2026-08-14T14:23:11: [component_container_isolated-1] [INFO] [1786684991.239619344] [local_costmap.local_costmap]: Timed out waiting for transform from base_link to odom to become available, tf error: Invalid frame ID "odom" passed to canTransform argument target_frame - frame does not exist
2026-08-14T14:23:11: [component_container_isolated-1] [INFO] [1786684991.739624514] [local_costmap.local_costmap]: Timed out waiting for transform from base_link to odom to become available, tf error: Invalid frame ID "odom" passed to canTransform argument target_frame - frame does not exist
2026-08-14T14:23:12: [component_container_isolated-1] [INFO] [1786684992.239616740] [local_costmap.local_costmap]: Timed out waiting for transform from base_link to odom to become available, tf error: Invalid frame ID "odom" passed to canTransform argument target_frame - frame does not exist
2026-08-14T14:23:12: [component_container_isolated-1] [INFO] [1786684992.739612576] [local_costmap.local_costmap]: Timed out waiting for transform from base_link to odom to become available, tf error: Invalid frame ID "odom" passed to canTransform argument target_frame - frame does not exist
2026-08-14T14:23:13: [component_container_isolated-1] [INFO] [1786684993.239615246] [local_costmap.local_costmap]: Timed out waiting for transform from base_link to odom to become available, tf error: Invalid frame ID "odom" passed to canTransform argument target_frame - frame does not exist
2026-08-14T14:23:13: [component_container_isolated-1] [INFO] [1786684993.739629397] [local_costmap.local_costmap]: Timed out waiting for transform from base_link to odom to become available, tf error: Invalid frame ID "odom" passed to canTransform argument target_frame - frame does not exist
2026-08-14T14:23:14: [component_container_isolated-1] [INFO] [1786684994.239646029] [local_costmap.local_costmap]: Timed out waiting for transform from base_link to odom to become available, tf error: Invalid frame ID "odom" passed to canTransform argument target_frame - frame does not exist
2026-08-14T14:23:14: [component_container_isolated-1] [INFO] [1786684994.739612921] [local_costmap.local_costmap]: Timed out waiting for transform from base_link to odom to become available, tf error: Invalid frame ID "odom" passed to canTransform argument target_frame - frame does not exist
2026-08-14T14:23:15: [component_container_isolated-1] [INFO] [1786684995.239618312] [local_costmap.local_costmap]: Timed out waiting for transform from base_link to odom to become available, tf error: Invalid frame ID "odom" passed to canTransform argument target_frame - frame does not exist
2026-08-14T14:23:15: [component_container_isolated-1] [INFO] [1786684995.739945921] [local_costmap.local_costmap]: Timed out waiting for transform from base_link to odom to become available, tf error: Invalid frame ID "odom" passed to canTransform argument target_frame - frame does not exist
2026-08-14T14:23:16: [component_container_isolated-1] [INFO] [1786684996.239610224] [local_costmap.local_costmap]: Timed out waiting for transform from base_link to odom to become available, tf error: Invalid frame ID "odom" passed to canTransform argument target_frame - frame does not exist
2026-08-14T14:23:16: [component_container_isolated-1] [INFO] [1786684996.739615282] [local_costmap.local_costmap]: Timed out waiting for transform from base_link to odom to become available, tf error: Invalid frame ID "odom" passed to canTransform argument target_frame - frame does not exist
2026-08-14T14:23:17: [component_container_isolated-1] [INFO] [1786684997.239615136] [local_costmap.local_costmap]: Timed out waiting for transform from base_link to odom to become available, tf error: Invalid frame ID "odom" passed to canTransform argument target_frame - frame does not exist
2026-08-14T14:23:17: [component_container_isolated-1] [INFO] [1786684997.739623378] [local_costmap.local_costmap]: Timed out waiting for transform from base_link to odom to become available, tf error: Invalid frame ID "odom" passed to canTransform argument target_frame - frame does not exist
2026-08-14T14:23:18: [component_container_isolated-1] [INFO] [1786684998.239950246] [local_costmap.local_costmap]: Timed out waiting for transform from base_link to odom to become available, tf error: Invalid frame ID "odom" passed to canTransform argument target_frame - frame does not exist
2026-08-14T14:23:18: [component_container_isolated-1] [INFO] [1786684998.739616327] [local_costmap.local_costmap]: Timed out waiting for transform from base_link to odom to become available, tf error: Invalid frame ID "odom" passed to canTransform argument target_frame - frame does not exist
2026-08-14T14:23:19: [component_container_isolated-1] [INFO] [1786684999.239619902] [local_costmap.local_costmap]: Timed out waiting for transform from base_link to odom to become available, tf error: Invalid frame ID "odom" passed to canTransform argument target_frame - frame does not exist
2026-08-14T14:23:19: [component_container_isolated-1] [INFO] [1786684999.739624459] [local_costmap.local_costmap]: Timed out waiting for transform from base_link to odom to become available, tf error: Invalid frame ID "odom" passed to canTransform argument target_frame - frame does not exist
2026-08-14T14:23:20: [component_container_isolated-1] [INFO] [1786685000.239765792] [local_costmap.local_costmap]: Timed out waiting for transform from base_link to odom to become available, tf error: Invalid frame ID "odom" passed to canTransform argument target_frame - frame does not exist
2026-08-14T14:23:20: [component_container_isolated-1] [INFO] [1786685000.739606888] [local_costmap.local_costmap]: Timed out waiting for transform from base_link to odom to become available, tf error: Invalid frame ID "odom" passed to canTransform argument target_frame - frame does not exist
2026-08-14T14:23:21: [component_container_isolated-1] [INFO] [1786685001.239610056] [local_costmap.local_costmap]: Timed out waiting for transform from base_link to odom to become available, tf error: Invalid frame ID "odom" passed to canTransform argument target_frame - frame does not exist
2026-08-14T14:23:21: [component_container_isolated-1] [INFO] [1786685001.739617316] [local_costmap.local_costmap]: Timed out waiting for transform from base_link to odom to become available, tf error: Invalid frame ID "odom" passed to canTransform argument target_frame - frame does not exist
2026-08-14T14:23:22: [component_container_isolated-1] [INFO] [1786685002.239602409] [local_costmap.local_costmap]: Timed out waiting for transform from base_link to odom to become available, tf error: Invalid frame ID "odom" passed to canTransform argument target_frame - frame does not exist
2026-08-14T14:23:22: [component_container_isolated-1] [INFO] [1786685002.739612891] [local_costmap.local_costmap]: Timed out waiting for transform from base_link to odom to become available, tf error: Invalid frame ID "odom" passed to canTransform argument target_frame - frame does not exist
2026-08-14T14:23:23: [component_container_isolated-1] [INFO] [1786685003.239623947] [local_costmap.local_costmap]: Timed out waiting for transform from base_link to odom to become available, tf error: Invalid frame ID "odom" passed to canTransform argument target_frame - frame does not exist
2026-08-14T14:23:23: [component_container_isolated-1] [INFO] [1786685003.739687614] [local_costmap.local_costmap]: Timed out waiting for transform from base_link to odom to become available, tf error: Invalid frame ID "odom" passed to canTransform argument target_frame - frame does not exist
2026-08-14T14:23:24: [component_container_isolated-1] [INFO] [1786685004.239611041] [local_costmap.local_costmap]: Timed out waiting for transform from base_link to odom to become available, tf error: Invalid frame ID "odom" passed to canTransform argument target_frame - frame does not exist
2026-08-14T14:23:24: [component_container_isolated-1] [INFO] [1786685004.739613115] [local_costmap.local_costmap]: Timed out waiting for transform from base_link to odom to become available, tf error: Invalid frame ID "odom" passed to canTransform argument target_frame - frame does not exist
2026-08-14T14:23:25: [component_container_isolated-1] [INFO] [1786685005.239603245] [local_costmap.local_costmap]: Timed out waiting for transform from base_link to odom to become available, tf error: Invalid frame ID "odom" passed to canTransform argument target_frame - frame does not exist
2026-08-14T14:23:25: [component_container_isolated-1] [INFO] [1786685005.739615097] [local_costmap.local_costmap]: Timed out waiting for transform from base_link to odom to become available, tf error: Invalid frame ID "odom" passed to canTransform argument target_frame - frame does not exist
2026-08-14T14:23:26: [component_container_isolated-1] [INFO] [1786685006.239620949] [local_costmap.local_costmap]: Timed out waiting for transform from base_link to odom to become available, tf error: Invalid frame ID "odom" passed to canTransform argument target_frame - frame does not exist
2026-08-14T14:23:26: [component_container_isolated-1] [INFO] [1786685006.739616875] [local_costmap.local_costmap]: Timed out waiting for transform from base_link to odom to become available, tf error: Invalid frame ID "odom" passed to canTransform argument target_frame - frame does not exist
2026-08-14T14:23:27: [component_container_isolated-1] [INFO] [1786685007.239610560] [local_costmap.local_costmap]: Timed out waiting for transform from base_link to odom to become available, tf error: Invalid frame ID "odom" passed to canTransform argument target_frame - frame does not exist
2026-08-14T14:23:27: [component_container_isolated-1] [INFO] [1786685007.739658429] [local_costmap.local_costmap]: Timed out waiting for transform from base_link to odom to become available, tf error: Invalid frame ID "odom" passed to canTransform argument target_frame - frame does not exist
2026-08-14T14:23:28: [component_container_isolated-1] [INFO] [1786685008.239614207] [local_costmap.local_costmap]: Timed out waiting for transform from base_link to odom to become available, tf error: Invalid frame ID "odom" passed to canTransform argument target_frame - frame does not exist
2026-08-14T14:23:28: [component_container_isolated-1] [INFO] [1786685008.739612465] [local_costmap.local_costmap]: Timed out waiting for transform from base_link to odom to become available, tf error: Invalid frame ID "odom" passed to canTransform argument target_frame - frame does not exist
2026-08-14T14:23:29: [component_container_isolated-1] [INFO] [1786685009.239610002] [local_costmap.local_costmap]: Timed out waiting for transform from base_link to odom to become available, tf error: Invalid frame ID "odom" passed to canTransform argument target_frame - frame does not exist
2026-08-14T14:23:29: [component_container_isolated-1] [INFO] [1786685009.739593927] [local_costmap.local_costmap]: Timed out waiting for transform from base_link to odom to become available, tf error: Invalid frame ID "odom" passed to canTransform argument target_frame - frame does not exist
2026-08-14T14:23:30: [component_container_isolated-1] [INFO] [1786685010.239631222] [local_costmap.local_costmap]: Timed out waiting for transform from base_link to odom to become available, tf error: Invalid frame ID "odom" passed to canTransform argument target_frame - frame does not exist
2026-08-14T14:23:30: [component_container_isolated-1] [INFO] [1786685010.739692775] [local_costmap.local_costmap]: Timed out waiting for transform from base_link to odom to become available, tf error: Invalid frame ID "odom" passed to canTransform argument target_frame - frame does not exist
2026-08-14T14:23:31: [component_container_isolated-1] [INFO] [1786685011.239806680] [local_costmap.local_costmap]: Timed out waiting for transform from base_link to odom to become available, tf error: Invalid frame ID "odom" passed to canTransform argument target_frame - frame does not exist
2026-08-14T14:23:31: [component_container_isolated-1] [INFO] [1786685011.739617292] [local_costmap.local_costmap]: Timed out waiting for transform from base_link to odom to become available, tf error: Invalid frame ID "odom" passed to canTransform argument target_frame - frame does not exist
2026-08-14T14:23:32: [component_container_isolated-1] [INFO] [1786685012.239614217] [local_costmap.local_costmap]: Timed out waiting for transform from base_link to odom to become available, tf error: Invalid frame ID "odom" passed to canTransform argument target_frame - frame does not exist
2026-08-14T14:23:32: [component_container_isolated-1] [INFO] [1786685012.741334782] [local_costmap.local_costmap]: Timed out waiting for transform from base_link to odom to become available, tf error: Invalid frame ID "odom" passed to canTransform argument target_frame - frame does not exist
2026-08-14T14:23:33: [component_container_isolated-1] [INFO] [1786685013.239600399] [local_costmap.local_costmap]: Timed out waiting for transform from base_link to odom to become available, tf error: Invalid frame ID "odom" passed to canTransform argument target_frame - frame does not exist
2026-08-14T14:23:33: [component_container_isolated-1] [INFO] [1786685013.739642915] [local_costmap.local_costmap]: Timed out waiting for transform from base_link to odom to become available, tf error: Invalid frame ID "odom" passed to canTransform argument target_frame - frame does not exist
2026-08-14T14:23:34: [component_container_isolated-1] [INFO] [1786685014.239597765] [local_costmap.local_costmap]: Timed out waiting for transform from base_link to odom to become available, tf error: Invalid frame ID "odom" passed to canTransform argument target_frame - frame does not exist
2026-08-14T14:23:34: [component_container_isolated-1] [INFO] [1786685014.739700373] [local_costmap.local_costmap]: Timed out waiting for transform from base_link to odom to become available, tf error: Invalid frame ID "odom" passed to canTransform argument target_frame - frame does not exist
2026-08-14T14:23:35: [component_container_isolated-1] [INFO] [1786685015.239609502] [local_costmap.local_costmap]: Timed out waiting for transform from base_link to odom to become available, tf error: Invalid frame ID "odom" passed to canTransform argument target_frame - frame does not exist
2026-08-14T14:23:35: [component_container_isolated-1] [INFO] [1786685015.739606962] [local_costmap.local_costmap]: Timed out waiting for transform from base_link to odom to become available, tf error: Invalid frame ID "odom" passed to canTransform argument target_frame - frame does not exist
2026-08-14T14:23:36: [component_container_isolated-1] [INFO] [1786685016.239622682] [local_costmap.local_costmap]: Timed out waiting for transform from base_link to odom to become available, tf error: Invalid frame ID "odom" passed to canTransform argument target_frame - frame does not exist
2026-08-14T14:23:36: [component_container_isolated-1] [INFO] [1786685016.739618457] [local_costmap.local_costmap]: Timed out waiting for transform from base_link to odom to become available, tf error: Invalid frame ID "odom" passed to canTransform argument target_frame - frame does not exist
2026-08-14T14:23:37: [component_container_isolated-1] [INFO] [1786685017.239617714] [local_costmap.local_costmap]: Timed out waiting for transform from base_link to odom to become available, tf error: Invalid frame ID "odom" passed to canTransform argument target_frame - frame does not exist
2026-08-14T14:23:37: [component_container_isolated-1] [INFO] [1786685017.739612082] [local_costmap.local_costmap]: Timed out waiting for transform from base_link to odom to become available, tf error: Invalid frame ID "odom" passed to canTransform argument target_frame - frame does not exist
2026-08-14T14:23:38: [component_container_isolated-1] [INFO] [1786685018.239608764] [local_costmap.local_costmap]: Timed out waiting for transform from base_link to odom to become available, tf error: Invalid frame ID "odom" passed to canTransform argument target_frame - frame does not exist
2026-08-14T14:23:38: [component_container_isolated-1] [INFO] [1786685018.739599706] [local_costmap.local_costmap]: Timed out waiting for transform from base_link to odom to become available, tf error: Invalid frame ID "odom" passed to canTransform argument target_frame - frame does not exist
2026-08-14T14:23:39: [component_container_isolated-1] [INFO] [1786685019.239624406] [local_costmap.local_costmap]: Timed out waiting for transform from base_link to odom to become available, tf error: Invalid frame ID "odom" passed to canTransform argument target_frame - frame does not exist
2026-08-14T14:23:39: [component_container_isolated-1] [INFO] [1786685019.739595273] [local_costmap.local_costmap]: Timed out waiting for transform from base_link to odom to become available, tf error: Invalid frame ID "odom" passed to canTransform argument target_frame - frame does not exist
2026-08-14T14:23:40: [component_container_isolated-1] [INFO] [1786685020.239657436] [local_costmap.local_costmap]: Timed out waiting for transform from base_link to odom to become available, tf error: Invalid frame ID "odom" passed to canTransform argument target_frame - frame does not exist
2026-08-14T14:23:40: [component_container_isolated-1] [INFO] [1786685020.739607655] [local_costmap.local_costmap]: Timed out waiting for transform from base_link to odom to become available, tf error: Invalid frame ID "odom" passed to canTransform argument target_frame - frame does not exist
2026-08-14T14:23:41: [component_container_isolated-1] [INFO] [1786685021.239611522] [local_costmap.local_costmap]: Timed out waiting for transform from base_link to odom to become available, tf error: Invalid frame ID "odom" passed to canTransform argument target_frame - frame does not exist
2026-08-14T14:23:41: [component_container_isolated-1] [INFO] [1786685021.739674888] [local_costmap.local_costmap]: Timed out waiting for transform from base_link to odom to become available, tf error: Invalid frame ID "odom" passed to canTransform argument target_frame - frame does not exist
2026-08-14T14:23:42: [component_container_isolated-1] [INFO] [1786685022.239610978] [local_costmap.local_costmap]: Timed out waiting for transform from base_link to odom to become available, tf error: Invalid frame ID "odom" passed to canTransform argument target_frame - frame does not exist
2026-08-14T14:23:42: [component_container_isolated-1] [INFO] [1786685022.739662992] [local_costmap.local_costmap]: Timed out waiting for transform from base_link to odom to become available, tf error: Invalid frame ID "odom" passed to canTransform argument target_frame - frame does not exist
2026-08-14T14:23:43: [component_container_isolated-1] [INFO] [1786685023.239612377] [local_costmap.local_costmap]: Timed out waiting for transform from base_link to odom to become available, tf error: Invalid frame ID "odom" passed to canTransform argument target_frame - frame does not exist
2026-08-14T14:23:43: [component_container_isolated-1] [INFO] [1786685023.739629928] [local_costmap.local_costmap]: Timed out waiting for transform from base_link to odom to become available, tf error: Invalid frame ID "odom" passed to canTransform argument target_frame - frame does not exist
2026-08-14T14:23:44: [component_container_isolated-1] [INFO] [1786685024.239618110] [local_costmap.local_costmap]: Timed out waiting for transform from base_link to odom to become available, tf error: Invalid frame ID "odom" passed to canTransform argument target_frame - frame does not exist
2026-08-14T14:23:44: [component_container_isolated-1] [INFO] [1786685024.739729011] [local_costmap.local_costmap]: Timed out waiting for transform from base_link to odom to become available, tf error: Invalid frame ID "odom" passed to canTransform argument target_frame - frame does not exist
2026-08-14T14:23:45: [component_container_isolated-1] [INFO] [1786685025.239653248] [local_costmap.local_costmap]: Timed out waiting for transform from base_link to odom to become available, tf error: Invalid frame ID "odom" passed to canTransform argument target_frame - frame does not exist
2026-08-14T14:23:45: [component_container_isolated-1] [INFO] [1786685025.739657021] [local_costmap.local_costmap]: Timed out waiting for transform from base_link to odom to become available, tf error: Invalid frame ID "odom" passed to canTransform argument target_frame - frame does not exist
2026-08-14T14:23:46: [component_container_isolated-1] [INFO] [1786685026.239659387] [local_costmap.local_costmap]: Timed out waiting for transform from base_link to odom to become available, tf error: Invalid frame ID "odom" passed to canTransform argument target_frame - frame does not exist
2026-08-14T14:23:46: [component_container_isolated-1] [INFO] [1786685026.739615976] [local_costmap.local_costmap]: Timed out waiting for transform from base_link to odom to become available, tf error: Invalid frame ID "odom" passed to canTransform argument target_frame - frame does not exist
2026-08-14T14:23:47: [component_container_isolated-1] [INFO] [1786685027.239686192] [local_costmap.local_costmap]: Timed out waiting for transform from base_link to odom to become available, tf error: Invalid frame ID "odom" passed to canTransform argument target_frame - frame does not exist
2026-08-14T14:23:47: [component_container_isolated-1] [INFO] [1786685027.739603114] [local_costmap.local_costmap]: Timed out waiting for transform from base_link to odom to become available, tf error: Invalid frame ID "odom" passed to canTransform argument target_frame - frame does not exist
2026-08-14T14:23:48: [component_container_isolated-1] [INFO] [1786685028.239624331] [local_costmap.local_costmap]: Timed out waiting for transform from base_link to odom to become available, tf error: Invalid frame ID "odom" passed to canTransform argument target_frame - frame does not exist
2026-08-14T14:23:48: [component_container_isolated-1] [INFO] [1786685028.739645677] [local_costmap.local_costmap]: Timed out waiting for transform from base_link to odom to become available, tf error: Invalid frame ID "odom" passed to canTransform argument target_frame - frame does not exist
2026-08-14T14:23:49: [component_container_isolated-1] [INFO] [1786685029.239607598] [local_costmap.local_costmap]: Timed out waiting for transform from base_link to odom to become available, tf error: Invalid frame ID "odom" passed to canTransform argument target_frame - frame does not exist
2026-08-14T14:23:49: [component_container_isolated-1] [INFO] [1786685029.739627852] [local_costmap.local_costmap]: Timed out waiting for transform from base_link to odom to become available, tf error: Invalid frame ID "odom" passed to canTransform argument target_frame - frame does not exist
2026-08-14T14:23:50: [component_container_isolated-1] [INFO] [1786685030.239784529] [local_costmap.local_costmap]: Timed out waiting for transform from base_link to odom to become available, tf error: Invalid frame ID "odom" passed to canTransform argument target_frame - frame does not exist
2026-08-14T14:23:50: [component_container_isolated-1] [INFO] [1786685030.739609637] [local_costmap.local_costmap]: Timed out waiting for transform from base_link to odom to become available, tf error: Invalid frame ID "odom" passed to canTransform argument target_frame - frame does not exist
2026-08-14T14:23:51: [component_container_isolated-1] [INFO] [1786685031.239630020] [local_costmap.local_costmap]: Timed out waiting for transform from base_link to odom to become available, tf error: Invalid frame ID "odom" passed to canTransform argument target_frame - frame does not exist
2026-08-14T14:23:51: [component_container_isolated-1] [INFO] [1786685031.739680180] [local_costmap.local_costmap]: Timed out waiting for transform from base_link to odom to become available, tf error: Invalid frame ID "odom" passed to canTransform argument target_frame - frame does not exist
2026-08-14T14:23:52: [component_container_isolated-1] [INFO] [1786685032.239616804] [local_costmap.local_costmap]: Timed out waiting for transform from base_link to odom to become available, tf error: Invalid frame ID "odom" passed to canTransform argument target_frame - frame does not exist
2026-08-14T14:23:52: [component_container_isolated-1] [INFO] [1786685032.739636539] [local_costmap.local_costmap]: Timed out waiting for transform from base_link to odom to become available, tf error: Invalid frame ID "odom" passed to canTransform argument target_frame - frame does not exist
2026-08-14T14:23:53: [component_container_isolated-1] [INFO] [1786685033.239636847] [local_costmap.local_costmap]: Timed out waiting for transform from base_link to odom to become available, tf error: Invalid frame ID "odom" passed to canTransform argument target_frame - frame does not exist
2026-08-14T14:23:53: [component_container_isolated-1] [INFO] [1786685033.739695229] [local_costmap.local_costmap]: Timed out waiting for transform from base_link to odom to become available, tf error: Invalid frame ID "odom" passed to canTransform argument target_frame - frame does not exist
2026-08-14T14:23:54: [component_container_isolated-1] [INFO] [1786685034.239616723] [local_costmap.local_costmap]: Timed out waiting for transform from base_link to odom to become available, tf error: Invalid frame ID "odom" passed to canTransform argument target_frame - frame does not exist
2026-08-14T14:23:54: [component_container_isolated-1] [INFO] [1786685034.739611087] [local_costmap.local_costmap]: Timed out waiting for transform from base_link to odom to become available, tf error: Invalid frame ID "odom" passed to canTransform argument target_frame - frame does not exist
2026-08-14T14:23:55: [component_container_isolated-1] [INFO] [1786685035.239713024] [local_costmap.local_costmap]: Timed out waiting for transform from base_link to odom to become available, tf error: Invalid frame ID "odom" passed to canTransform argument target_frame - frame does not exist
2026-08-14T14:23:55: [component_container_isolated-1] [INFO] [1786685035.744810274] [local_costmap.local_costmap]: Timed out waiting for transform from base_link to odom to become available, tf error: Invalid frame ID "odom" passed to canTransform argument target_frame - frame does not exist
2026-08-14T14:23:56: [component_container_isolated-1] [INFO] [1786685036.239605678] [local_costmap.local_costmap]: Timed out waiting for transform from base_link to odom to become available, tf error: Invalid frame ID "odom" passed to canTransform argument target_frame - frame does not exist
2026-08-14T14:23:56: [component_container_isolated-1] [INFO] [1786685036.739603856] [local_costmap.local_costmap]: Timed out waiting for transform from base_link to odom to become available, tf error: Invalid frame ID "odom" passed to canTransform argument target_frame - frame does not exist
2026-08-14T14:23:57: [component_container_isolated-1] [INFO] [1786685037.239666848] [local_costmap.local_costmap]: Timed out waiting for transform from base_link to odom to become available, tf error: Invalid frame ID "odom" passed to canTransform argument target_frame - frame does not exist
2026-08-14T14:23:57: [component_container_isolated-1] [INFO] [1786685037.739608268] [local_costmap.local_costmap]: Timed out waiting for transform from base_link to odom to become available, tf error: Invalid frame ID "odom" passed to canTransform argument target_frame - frame does not exist
2026-08-14T14:23:58: [component_container_isolated-1] [INFO] [1786685038.239618057] [local_costmap.local_costmap]: Timed out waiting for transform from base_link to odom to become available, tf error: Invalid frame ID "odom" passed to canTransform argument target_frame - frame does not exist
2026-08-14T14:23:58: [component_container_isolated-1] [INFO] [1786685038.739621105] [local_costmap.local_costmap]: Timed out waiting for transform from base_link to odom to become available, tf error: Invalid frame ID "odom" passed to canTransform argument target_frame - frame does not exist
2026-08-14T14:23:59: [component_container_isolated-1] [INFO] [1786685039.239610893] [local_costmap.local_costmap]: Timed out waiting for transform from base_link to odom to become available, tf error: Invalid frame ID "odom" passed to canTransform argument target_frame - frame does not exist
2026-08-14T14:23:59: [component_container_isolated-1] [INFO] [1786685039.739620182] [local_costmap.local_costmap]: Timed out waiting for transform from base_link to odom to become available, tf error: Invalid frame ID "odom" passed to canTransform argument target_frame - frame does not exist
2026-08-14T14:24:00: [component_container_isolated-1] [INFO] [1786685040.239613508] [local_costmap.local_costmap]: Timed out waiting for transform from base_link to odom to become available, tf error: Invalid frame ID "odom" passed to canTransform argument target_frame - frame does not exist
2026-08-14T14:24:00: [component_container_isolated-1] [INFO] [1786685040.739610759] [local_costmap.local_costmap]: Timed out waiting for transform from base_link to odom to become available, tf error: Invalid frame ID "odom" passed to canTransform argument target_frame - frame does not exist
2026-08-14T14:24:01: [component_container_isolated-1] [INFO] [1786685041.239634713] [local_costmap.local_costmap]: Timed out waiting for transform from base_link to odom to become available, tf error: Invalid frame ID "odom" passed to canTransform argument target_frame - frame does not exist
2026-08-14T14:24:01: [component_container_isolated-1] [INFO] [1786685041.739626224] [local_costmap.local_costmap]: Timed out waiting for transform from base_link to odom to become available, tf error: Invalid frame ID "odom" passed to canTransform argument target_frame - frame does not exist
2026-08-14T14:24:02: [component_container_isolated-1] [INFO] [1786685042.239612975] [local_costmap.local_costmap]: Timed out waiting for transform from base_link to odom to become available, tf error: Invalid frame ID "odom" passed to canTransform argument target_frame - frame does not exist
2026-08-14T14:24:02: [component_container_isolated-1] [INFO] [1786685042.739648596] [local_costmap.local_costmap]: Timed out waiting for transform from base_link to odom to become available, tf error: Invalid frame ID "odom" passed to canTransform argument target_frame - frame does not exist
2026-08-14T14:24:03: [component_container_isolated-1] [INFO] [1786685043.239606347] [local_costmap.local_costmap]: Timed out waiting for transform from base_link to odom to become available, tf error: Invalid frame ID "odom" passed to canTransform argument target_frame - frame does not exist
2026-08-14T14:24:03: [component_container_isolated-1] [INFO] [1786685043.739619839] [local_costmap.local_costmap]: Timed out waiting for transform from base_link to odom to become available, tf error: Invalid frame ID "odom" passed to canTransform argument target_frame - frame does not exist
2026-08-14T14:24:04: [component_container_isolated-1] [INFO] [1786685044.239868548] [local_costmap.local_costmap]: Timed out waiting for transform from base_link to odom to become available, tf error: Invalid frame ID "odom" passed to canTransform argument target_frame - frame does not exist
2026-08-14T14:24:04: [component_container_isolated-1] [INFO] [1786685044.739626266] [local_costmap.local_costmap]: Timed out waiting for transform from base_link to odom to become available, tf error: Invalid frame ID "odom" passed to canTransform argument target_frame - frame does not exist
2026-08-14T14:24:05: [component_container_isolated-1] [INFO] [1786685045.239608090] [local_costmap.local_costmap]: Timed out waiting for transform from base_link to odom to become available, tf error: Invalid frame ID "odom" passed to canTransform argument target_frame - frame does not exist
2026-08-14T14:24:05: [component_container_isolated-1] [INFO] [1786685045.739604618] [local_costmap.local_costmap]: Timed out waiting for transform from base_link to odom to become available, tf error: Invalid frame ID "odom" passed to canTransform argument target_frame - frame does not exist
2026-08-14T14:24:06: [component_container_isolated-1] [INFO] [1786685046.239613387] [local_costmap.local_costmap]: Timed out waiting for transform from base_link to odom to become available, tf error: Invalid frame ID "odom" passed to canTransform argument target_frame - frame does not exist
2026-08-14T14:24:06: [component_container_isolated-1] [INFO] [1786685046.739663469] [local_costmap.local_costmap]: Timed out waiting for transform from base_link to odom to become available, tf error: Invalid frame ID "odom" passed to canTransform argument target_frame - frame does not exist
2026-08-14T14:24:07: [component_container_isolated-1] [INFO] [1786685047.239621257] [local_costmap.local_costmap]: Timed out waiting for transform from base_link to odom to become available, tf error: Invalid frame ID "odom" passed to canTransform argument target_frame - frame does not exist
2026-08-14T14:24:07: [component_container_isolated-1] [INFO] [1786685047.739615951] [local_costmap.local_costmap]: Timed out waiting for transform from base_link to odom to become available, tf error: Invalid frame ID "odom" passed to canTransform argument target_frame - frame does not exist
2026-08-14T14:24:08: [component_container_isolated-1] [INFO] [1786685048.239625386] [local_costmap.local_costmap]: Timed out waiting for transform from base_link to odom to become available, tf error: Invalid frame ID "odom" passed to canTransform argument target_frame - frame does not exist
2026-08-14T14:24:08: [component_container_isolated-1] [INFO] [1786685048.740278033] [local_costmap.local_costmap]: Timed out waiting for transform from base_link to odom to become available, tf error: Invalid frame ID "odom" passed to canTransform argument target_frame - frame does not exist
2026-08-14T14:24:09: [component_container_isolated-1] [INFO] [1786685049.239617626] [local_costmap.local_costmap]: Timed out waiting for transform from base_link to odom to become available, tf error: Invalid frame ID "odom" passed to canTransform argument target_frame - frame does not exist
2026-08-14T14:24:09: [component_container_isolated-1] [INFO] [1786685049.739631042] [local_costmap.local_costmap]: Timed out waiting for transform from base_link to odom to become available, tf error: Invalid frame ID "odom" passed to canTransform argument target_frame - frame does not exist
2026-08-14T14:24:10: [component_container_isolated-1] [INFO] [1786685050.239688513] [local_costmap.local_costmap]: Timed out waiting for transform from base_link to odom to become available, tf error: Invalid frame ID "odom" passed to canTransform argument target_frame - frame does not exist
2026-08-14T14:24:10: [component_container_isolated-1] [INFO] [1786685050.739652596] [local_costmap.local_costmap]: Timed out waiting for transform from base_link to odom to become available, tf error: Invalid frame ID "odom" passed to canTransform argument target_frame - frame does not exist
2026-08-14T14:24:11: [component_container_isolated-1] [INFO] [1786685051.239596068] [local_costmap.local_costmap]: Timed out waiting for transform from base_link to odom to become available, tf error: Invalid frame ID "odom" passed to canTransform argument target_frame - frame does not exist
2026-08-14T14:24:11: [component_container_isolated-1] [INFO] [1786685051.739646335] [local_costmap.local_costmap]: Timed out waiting for transform from base_link to odom to become available, tf error: Invalid frame ID "odom" passed to canTransform argument target_frame - frame does not exist
2026-08-14T14:24:12: [component_container_isolated-1] [INFO] [1786685052.239641509] [local_costmap.local_costmap]: Timed out waiting for transform from base_link to odom to become available, tf error: Invalid frame ID "odom" passed to canTransform argument target_frame - frame does not exist
2026-08-14T14:24:12: [component_container_isolated-1] [INFO] [1786685052.739622036] [local_costmap.local_costmap]: Timed out waiting for transform from base_link to odom to become available, tf error: Invalid frame ID "odom" passed to canTransform argument target_frame - frame does not exist
2026-08-14T14:24:13: [component_container_isolated-1] [INFO] [1786685053.239630377] [local_costmap.local_costmap]: Timed out waiting for transform from base_link to odom to become available, tf error: Invalid frame ID "odom" passed to canTransform argument target_frame - frame does not exist
2026-08-14T14:24:13: [component_container_isolated-1] [INFO] [1786685053.739627385] [local_costmap.local_costmap]: Timed out waiting for transform from base_link to odom to become available, tf error: Invalid frame ID "odom" passed to canTransform argument target_frame - frame does not exist
2026-08-14T14:24:14: [component_container_isolated-1] [INFO] [1786685054.239702632] [local_costmap.local_costmap]: Timed out waiting for transform from base_link to odom to become available, tf error: Invalid frame ID "odom" passed to canTransform argument target_frame - frame does not exist
2026-08-14T14:24:14: [component_container_isolated-1] [INFO] [1786685054.739625882] [local_costmap.local_costmap]: Timed out waiting for transform from base_link to odom to become available, tf error: Invalid frame ID "odom" passed to canTransform argument target_frame - frame does not exist
2026-08-14T14:24:15: [component_container_isolated-1] [INFO] [1786685055.239612797] [local_costmap.local_costmap]: Timed out waiting for transform from base_link to odom to become available, tf error: Invalid frame ID "odom" passed to canTransform argument target_frame - frame does not exist
2026-08-14T14:24:15: [component_container_isolated-1] [INFO] [1786685055.739631619] [local_costmap.local_costmap]: Timed out waiting for transform from base_link to odom to become available, tf error: Invalid frame ID "odom" passed to canTransform argument target_frame - frame does not exist
2026-08-14T14:24:16: [component_container_isolated-1] [INFO] [1786685056.239622293] [local_costmap.local_costmap]: Timed out waiting for transform from base_link to odom to become available, tf error: Invalid frame ID "odom" passed to canTransform argument target_frame - frame does not exist
2026-08-14T14:24:16: [component_container_isolated-1] [INFO] [1786685056.739606263] [local_costmap.local_costmap]: Timed out waiting for transform from base_link to odom to become available, tf error: Invalid frame ID "odom" passed to canTransform argument target_frame - frame does not exist
2026-08-14T14:24:17: [component_container_isolated-1] [INFO] [1786685057.239630548] [local_costmap.local_costmap]: Timed out waiting for transform from base_link to odom to become available, tf error: Invalid frame ID "odom" passed to canTransform argument target_frame - frame does not exist
2026-08-14T14:24:17: [component_container_isolated-1] [INFO] [1786685057.739597685] [local_costmap.local_costmap]: Timed out waiting for transform from base_link to odom to become available, tf error: Invalid frame ID "odom" passed to canTransform argument target_frame - frame does not exist
2026-08-14T14:24:18: [component_container_isolated-1] [INFO] [1786685058.239622154] [local_costmap.local_costmap]: Timed out waiting for transform from base_link to odom to become available, tf error: Invalid frame ID "odom" passed to canTransform argument target_frame - frame does not exist
2026-08-14T14:24:18: [component_container_isolated-1] [INFO] [1786685058.739615828] [local_costmap.local_costmap]: Timed out waiting for transform from base_link to odom to become available, tf error: Invalid frame ID "odom" passed to canTransform argument target_frame - frame does not exist
2026-08-14T14:24:19: [component_container_isolated-1] [INFO] [1786685059.239616038] [local_costmap.local_costmap]: Timed out waiting for transform from base_link to odom to become available, tf error: Invalid frame ID "odom" passed to canTransform argument target_frame - frame does not exist
2026-08-14T14:24:19: [component_container_isolated-1] [INFO] [1786685059.739637822] [local_costmap.local_costmap]: Timed out waiting for transform from base_link to odom to become available, tf error: Invalid frame ID "odom" passed to canTransform argument target_frame - frame does not exist
2026-08-14T14:24:20: [component_container_isolated-1] [INFO] [1786685060.239716438] [local_costmap.local_costmap]: Timed out waiting for transform from base_link to odom to become available, tf error: Invalid frame ID "odom" passed to canTransform argument target_frame - frame does not exist
2026-08-14T14:24:20: [component_container_isolated-1] [INFO] [1786685060.739632335] [local_costmap.local_costmap]: Timed out waiting for transform from base_link to odom to become available, tf error: Invalid frame ID "odom" passed to canTransform argument target_frame - frame does not exist
2026-08-14T14:24:21: [component_container_isolated-1] [INFO] [1786685061.239616471] [local_costmap.local_costmap]: Timed out waiting for transform from base_link to odom to become available, tf error: Invalid frame ID "odom" passed to canTransform argument target_frame - frame does not exist
2026-08-14T14:24:21: [component_container_isolated-1] [INFO] [1786685061.739662939] [local_costmap.local_costmap]: Timed out waiting for transform from base_link to odom to become available, tf error: Invalid frame ID "odom" passed to canTransform argument target_frame - frame does not exist
2026-08-14T14:24:22: [component_container_isolated-1] [INFO] [1786685062.239641371] [local_costmap.local_costmap]: Timed out waiting for transform from base_link to odom to become available, tf error: Invalid frame ID "odom" passed to canTransform argument target_frame - frame does not exist
2026-08-14T14:24:22: [component_container_isolated-1] [INFO] [1786685062.739673821] [local_costmap.local_costmap]: Timed out waiting for transform from base_link to odom to become available, tf error: Invalid frame ID "odom" passed to canTransform argument target_frame - frame does not exist
2026-08-14T14:24:23: [component_container_isolated-1] [INFO] [1786685063.239638753] [local_costmap.local_costmap]: Timed out waiting for transform from base_link to odom to become available, tf error: Invalid frame ID "odom" passed to canTransform argument target_frame - frame does not exist
2026-08-14T14:24:23: [component_container_isolated-1] [INFO] [1786685063.739617296] [local_costmap.local_costmap]: Timed out waiting for transform from base_link to odom to become available, tf error: Invalid frame ID "odom" passed to canTransform argument target_frame - frame does not exist
2026-08-14T14:24:24: [component_container_isolated-1] [INFO] [1786685064.239693782] [local_costmap.local_costmap]: Timed out waiting for transform from base_link to odom to become available, tf error: Invalid frame ID "odom" passed to canTransform argument target_frame - frame does not exist
2026-08-14T14:24:24: [component_container_isolated-1] [INFO] [1786685064.739618196] [local_costmap.local_costmap]: Timed out waiting for transform from base_link to odom to become available, tf error: Invalid frame ID "odom" passed to canTransform argument target_frame - frame does not exist
2026-08-14T14:24:25: [component_container_isolated-1] [INFO] [1786685065.242876005] [local_costmap.local_costmap]: Timed out waiting for transform from base_link to odom to become available, tf error: Invalid frame ID "odom" passed to canTransform argument target_frame - frame does not exist
2026-08-14T14:24:25: [component_container_isolated-1] [INFO] [1786685065.739629299] [local_costmap.local_costmap]: Timed out waiting for transform from base_link to odom to become available, tf error: Invalid frame ID "odom" passed to canTransform argument target_frame - frame does not exist
2026-08-14T14:24:26: [component_container_isolated-1] [INFO] [1786685066.239650860] [local_costmap.local_costmap]: Timed out waiting for transform from base_link to odom to become available, tf error: Invalid frame ID "odom" passed to canTransform argument target_frame - frame does not exist
2026-08-14T14:24:26: [component_container_isolated-1] [INFO] [1786685066.739606143] [local_costmap.local_costmap]: Timed out waiting for transform from base_link to odom to become available, tf error: Invalid frame ID "odom" passed to canTransform argument target_frame - frame does not exist
2026-08-14T14:24:27: [component_container_isolated-1] [INFO] [1786685067.239612593] [local_costmap.local_costmap]: Timed out waiting for transform from base_link to odom to become available, tf error: Invalid frame ID "odom" passed to canTransform argument target_frame - frame does not exist
2026-08-14T14:24:27: [component_container_isolated-1] [INFO] [1786685067.739646967] [local_costmap.local_costmap]: Timed out waiting for transform from base_link to odom to become available, tf error: Invalid frame ID "odom" passed to canTransform argument target_frame - frame does not exist
2026-08-14T14:24:28: [component_container_isolated-1] [INFO] [1786685068.245122131] [local_costmap.local_costmap]: Timed out waiting for transform from base_link to odom to become available, tf error: Invalid frame ID "odom" passed to canTransform argument target_frame - frame does not exist
2026-08-14T14:24:28: [component_container_isolated-1] [INFO] [1786685068.739629273] [local_costmap.local_costmap]: Timed out waiting for transform from base_link to odom to become available, tf error: Invalid frame ID "odom" passed to canTransform argument target_frame - frame does not exist
2026-08-14T14:24:29: [component_container_isolated-1] [INFO] [1786685069.239636407] [local_costmap.local_costmap]: Timed out waiting for transform from base_link to odom to become available, tf error: Invalid frame ID "odom" passed to canTransform argument target_frame - frame does not exist
2026-08-14T14:24:29: [component_container_isolated-1] [INFO] [1786685069.739683170] [local_costmap.local_costmap]: Timed out waiting for transform from base_link to odom to become available, tf error: Invalid frame ID "odom" passed to canTransform argument target_frame - frame does not exist
2026-08-14T14:24:30: [component_container_isolated-1] [INFO] [1786685070.239599898] [local_costmap.local_costmap]: Timed out waiting for transform from base_link to odom to become available, tf error: Invalid frame ID "odom" passed to canTransform argument target_frame - frame does not exist
2026-08-14T14:24:30: [component_container_isolated-1] [INFO] [1786685070.739614309] [local_costmap.local_costmap]: Timed out waiting for transform from base_link to odom to become available, tf error: Invalid frame ID "odom" passed to canTransform argument target_frame - frame does not exist
2026-08-14T14:24:31: [component_container_isolated-1] [INFO] [1786685071.239686998] [local_costmap.local_costmap]: Timed out waiting for transform from base_link to odom to become available, tf error: Invalid frame ID "odom" passed to canTransform argument target_frame - frame does not exist
2026-08-14T14:24:31: [component_container_isolated-1] [INFO] [1786685071.739623299] [local_costmap.local_costmap]: Timed out waiting for transform from base_link to odom to become available, tf error: Invalid frame ID "odom" passed to canTransform argument target_frame - frame does not exist
2026-08-14T14:24:32: [component_container_isolated-1] [INFO] [1786685072.239623618] [local_costmap.local_costmap]: Timed out waiting for transform from base_link to odom to become available, tf error: Invalid frame ID "odom" passed to canTransform argument target_frame - frame does not exist
2026-08-14T14:24:32: [component_container_isolated-1] [INFO] [1786685072.739619733] [local_costmap.local_costmap]: Timed out waiting for transform from base_link to odom to become available, tf error: Invalid frame ID "odom" passed to canTransform argument target_frame - frame does not exist
2026-08-14T14:24:33: [component_container_isolated-1] [INFO] [1786685073.241357803] [local_costmap.local_costmap]: Timed out waiting for transform from base_link to odom to become available, tf error: Invalid frame ID "odom" passed to canTransform argument target_frame - frame does not exist
2026-08-14T14:24:33: [component_container_isolated-1] [INFO] [1786685073.739623777] [local_costmap.local_costmap]: Timed out waiting for transform from base_link to odom to become available, tf error: Invalid frame ID "odom" passed to canTransform argument target_frame - frame does not exist
2026-08-14T14:24:34: [component_container_isolated-1] [INFO] [1786685074.239642613] [local_costmap.local_costmap]: Timed out waiting for transform from base_link to odom to become available, tf error: Invalid frame ID "odom" passed to canTransform argument target_frame - frame does not exist
2026-08-14T14:24:34: [component_container_isolated-1] [INFO] [1786685074.739626821] [local_costmap.local_costmap]: Timed out waiting for transform from base_link to odom to become available, tf error: Invalid frame ID "odom" passed to canTransform argument target_frame - frame does not exist
2026-08-14T14:24:35: [component_container_isolated-1] [INFO] [1786685075.239614102] [local_costmap.local_costmap]: Timed out waiting for transform from base_link to odom to become available, tf error: Invalid frame ID "odom" passed to canTransform argument target_frame - frame does not exist
2026-08-14T14:24:35: [component_container_isolated-1] [INFO] [1786685075.739683808] [local_costmap.local_costmap]: Timed out waiting for transform from base_link to odom to become available, tf error: Invalid frame ID "odom" passed to canTransform argument target_frame - frame does not exist
2026-08-14T14:24:36: [component_container_isolated-1] [INFO] [1786685076.239631682] [local_costmap.local_costmap]: Timed out waiting for transform from base_link to odom to become available, tf error: Invalid frame ID "odom" passed to canTransform argument target_frame - frame does not exist
2026-08-14T14:24:36: [component_container_isolated-1] [INFO] [1786685076.739628204] [local_costmap.local_costmap]: Timed out waiting for transform from base_link to odom to become available, tf error: Invalid frame ID "odom" passed to canTransform argument target_frame - frame does not exist
2026-08-14T14:24:37: [component_container_isolated-1] [INFO] [1786685077.239792519] [local_costmap.local_costmap]: Timed out waiting for transform from base_link to odom to become available, tf error: Invalid frame ID "odom" passed to canTransform argument target_frame - frame does not exist
2026-08-14T14:24:37: [component_container_isolated-1] [INFO] [1786685077.739607413] [local_costmap.local_costmap]: Timed out waiting for transform from base_link to odom to become available, tf error: Invalid frame ID "odom" passed to canTransform argument target_frame - frame does not exist
2026-08-14T14:24:38: [component_container_isolated-1] [INFO] [1786685078.239686378] [local_costmap.local_costmap]: Timed out waiting for transform from base_link to odom to become available, tf error: Invalid frame ID "odom" passed to canTransform argument target_frame - frame does not exist
2026-08-14T14:24:38: [component_container_isolated-1] [INFO] [1786685078.739626344] [local_costmap.local_costmap]: Timed out waiting for transform from base_link to odom to become available, tf error: Invalid frame ID "odom" passed to canTransform argument target_frame - frame does not exist
2026-08-14T14:24:39: [component_container_isolated-1] [INFO] [1786685079.239619661] [local_costmap.local_costmap]: Timed out waiting for transform from base_link to odom to become available, tf error: Invalid frame ID "odom" passed to canTransform argument target_frame - frame does not exist
2026-08-14T14:24:39: [component_container_isolated-1] [INFO] [1786685079.739630775] [local_costmap.local_costmap]: Timed out waiting for transform from base_link to odom to become available, tf error: Invalid frame ID "odom" passed to canTransform argument target_frame - frame does not exist
2026-08-14T14:24:40: [component_container_isolated-1] [INFO] [1786685080.241242068] [local_costmap.local_costmap]: Timed out waiting for transform from base_link to odom to become available, tf error: Invalid frame ID "odom" passed to canTransform argument target_frame - frame does not exist
2026-08-14T14:24:40: [component_container_isolated-1] [INFO] [1786685080.739621983] [local_costmap.local_costmap]: Timed out waiting for transform from base_link to odom to become available, tf error: Invalid frame ID "odom" passed to canTransform argument target_frame - frame does not exist
2026-08-14T14:24:41: [component_container_isolated-1] [INFO] [1786685081.239603763] [local_costmap.local_costmap]: Timed out waiting for transform from base_link to odom to become available, tf error: Invalid frame ID "odom" passed to canTransform argument target_frame - frame does not exist
2026-08-14T14:24:41: [component_container_isolated-1] [INFO] [1786685081.739622246] [local_costmap.local_costmap]: Timed out waiting for transform from base_link to odom to become available, tf error: Invalid frame ID "odom" passed to canTransform argument target_frame - frame does not exist
2026-08-14T14:24:42: [component_container_isolated-1] [INFO] [1786685082.242501094] [local_costmap.local_costmap]: Timed out waiting for transform from base_link to odom to become available, tf error: Invalid frame ID "odom" passed to canTransform argument target_frame - frame does not exist
2026-08-14T14:24:42: [component_container_isolated-1] [INFO] [1786685082.745407515] [local_costmap.local_costmap]: Timed out waiting for transform from base_link to odom to become available, tf error: Invalid frame ID "odom" passed to canTransform argument target_frame - frame does not exist
2026-08-14T14:24:43: [component_container_isolated-1] [INFO] [1786685083.239642714] [local_costmap.local_costmap]: Timed out waiting for transform from base_link to odom to become available, tf error: Invalid frame ID "odom" passed to canTransform argument target_frame - frame does not exist
2026-08-14T14:24:43: [component_container_isolated-1] [INFO] [1786685083.739610494] [local_costmap.local_costmap]: Timed out waiting for transform from base_link to odom to become available, tf error: Invalid frame ID "odom" passed to canTransform argument target_frame - frame does not exist
2026-08-14T14:24:44: [component_container_isolated-1] [INFO] [1786685084.239639051] [local_costmap.local_costmap]: Timed out waiting for transform from base_link to odom to become available, tf error: Invalid frame ID "odom" passed to canTransform argument target_frame - frame does not exist
2026-08-14T14:24:44: [component_container_isolated-1] [INFO] [1786685084.739621441] [local_costmap.local_costmap]: Timed out waiting for transform from base_link to odom to become available, tf error: Invalid frame ID "odom" passed to canTransform argument target_frame - frame does not exist
2026-08-14T14:24:45: [component_container_isolated-1] [INFO] [1786685085.239614924] [local_costmap.local_costmap]: Timed out waiting for transform from base_link to odom to become available, tf error: Invalid frame ID "odom" passed to canTransform argument target_frame - frame does not exist
2026-08-14T14:24:45: [component_container_isolated-1] [INFO] [1786685085.739608833] [local_costmap.local_costmap]: Timed out waiting for transform from base_link to odom to become available, tf error: Invalid frame ID "odom" passed to canTransform argument target_frame - frame does not exist
2026-08-14T14:24:46: [component_container_isolated-1] [INFO] [1786685086.239652981] [local_costmap.local_costmap]: Timed out waiting for transform from base_link to odom to become available, tf error: Invalid frame ID "odom" passed to canTransform argument target_frame - frame does not exist
2026-08-14T14:24:46: [component_container_isolated-1] [INFO] [1786685086.739663834] [local_costmap.local_costmap]: Timed out waiting for transform from base_link to odom to become available, tf error: Invalid frame ID "odom" passed to canTransform argument target_frame - frame does not exist
2026-08-14T14:24:47: [component_container_isolated-1] [INFO] [1786685087.239776722] [local_costmap.local_costmap]: Timed out waiting for transform from base_link to odom to become available, tf error: Invalid frame ID "odom" passed to canTransform argument target_frame - frame does not exist
2026-08-14T14:24:47: [component_container_isolated-1] [INFO] [1786685087.739614855] [local_costmap.local_costmap]: Timed out waiting for transform from base_link to odom to become available, tf error: Invalid frame ID "odom" passed to canTransform argument target_frame - frame does not exist
2026-08-14T14:24:48: [component_container_isolated-1] [INFO] [1786685088.239615837] [local_costmap.local_costmap]: Timed out waiting for transform from base_link to odom to become available, tf error: Invalid frame ID "odom" passed to canTransform argument target_frame - frame does not exist
2026-08-14T14:24:48: [component_container_isolated-1] [INFO] [1786685088.739615689] [local_costmap.local_costmap]: Timed out waiting for transform from base_link to odom to become available, tf error: Invalid frame ID "odom" passed to canTransform argument target_frame - frame does not exist
2026-08-14T14:24:49: [component_container_isolated-1] [INFO] [1786685089.239645485] [local_costmap.local_costmap]: Timed out waiting for transform from base_link to odom to become available, tf error: Invalid frame ID "odom" passed to canTransform argument target_frame - frame does not exist
2026-08-14T14:24:49: [component_container_isolated-1] [INFO] [1786685089.740096349] [local_costmap.local_costmap]: Timed out waiting for transform from base_link to odom to become available, tf error: Invalid frame ID "odom" passed to canTransform argument target_frame - frame does not exist
2026-08-14T14:24:50: [component_container_isolated-1] [INFO] [1786685090.239611764] [local_costmap.local_costmap]: Timed out waiting for transform from base_link to odom to become available, tf error: Invalid frame ID "odom" passed to canTransform argument target_frame - frame does not exist
2026-08-14T14:24:50: [component_container_isolated-1] [INFO] [1786685090.739680134] [local_costmap.local_costmap]: Timed out waiting for transform from base_link to odom to become available, tf error: Invalid frame ID "odom" passed to canTransform argument target_frame - frame does not exist
2026-08-14T14:24:51: [component_container_isolated-1] [INFO] [1786685091.245352419] [local_costmap.local_costmap]: Timed out waiting for transform from base_link to odom to become available, tf error: Invalid frame ID "odom" passed to canTransform argument target_frame - frame does not exist
2026-08-14T14:24:51: [component_container_isolated-1] [INFO] [1786685091.739607172] [local_costmap.local_costmap]: Timed out waiting for transform from base_link to odom to become available, tf error: Invalid frame ID "odom" passed to canTransform argument target_frame - frame does not exist
2026-08-14T14:24:52: [component_container_isolated-1] [INFO] [1786685092.239668652] [local_costmap.local_costmap]: Timed out waiting for transform from base_link to odom to become available, tf error: Invalid frame ID "odom" passed to canTransform argument target_frame - frame does not exist
2026-08-14T14:24:52: [component_container_isolated-1] [INFO] [1786685092.739611653] [local_costmap.local_costmap]: Timed out waiting for transform from base_link to odom to become available, tf error: Invalid frame ID "odom" passed to canTransform argument target_frame - frame does not exist
2026-08-14T14:24:53: [component_container_isolated-1] [INFO] [1786685093.239601412] [local_costmap.local_costmap]: Timed out waiting for transform from base_link to odom to become available, tf error: Invalid frame ID "odom" passed to canTransform argument target_frame - frame does not exist
2026-08-14T14:24:53: [component_container_isolated-1] [INFO] [1786685093.739612393] [local_costmap.local_costmap]: Timed out waiting for transform from base_link to odom to become available, tf error: Invalid frame ID "odom" passed to canTransform argument target_frame - frame does not exist
2026-08-14T14:24:54: [component_container_isolated-1] [INFO] [1786685094.239619448] [local_costmap.local_costmap]: Timed out waiting for transform from base_link to odom to become available, tf error: Invalid frame ID "odom" passed to canTransform argument target_frame - frame does not exist
2026-08-14T14:24:54: [component_container_isolated-1] [INFO] [1786685094.739621688] [local_costmap.local_costmap]: Timed out waiting for transform from base_link to odom to become available, tf error: Invalid frame ID "odom" passed to canTransform argument target_frame - frame does not exist
2026-08-14T14:24:55: [component_container_isolated-1] [INFO] [1786685095.239662279] [local_costmap.local_costmap]: Timed out waiting for transform from base_link to odom to become available, tf error: Invalid frame ID "odom" passed to canTransform argument target_frame - frame does not exist
2026-08-14T14:24:55: [component_container_isolated-1] [INFO] [1786685095.739606409] [local_costmap.local_costmap]: Timed out waiting for transform from base_link to odom to become available, tf error: Invalid frame ID "odom" passed to canTransform argument target_frame - frame does not exist
2026-08-14T14:24:56: [component_container_isolated-1] [INFO] [1786685096.239620574] [local_costmap.local_costmap]: Timed out waiting for transform from base_link to odom to become available, tf error: Invalid frame ID "odom" passed to canTransform argument target_frame - frame does not exist
2026-08-14T14:24:56: [component_container_isolated-1] [INFO] [1786685096.739627425] [local_costmap.local_costmap]: Timed out waiting for transform from base_link to odom to become available, tf error: Invalid frame ID "odom" passed to canTransform argument target_frame - frame does not exist
2026-08-14T14:24:57: [component_container_isolated-1] [INFO] [1786685097.239615813] [local_costmap.local_costmap]: Timed out waiting for transform from base_link to odom to become available, tf error: Invalid frame ID "odom" passed to canTransform argument target_frame - frame does not exist
2026-08-14T14:24:57: [component_container_isolated-1] [INFO] [1786685097.739633700] [local_costmap.local_costmap]: Timed out waiting for transform from base_link to odom to become available, tf error: Invalid frame ID "odom" passed to canTransform argument target_frame - frame does not exist
2026-08-14T14:24:58: [component_container_isolated-1] [INFO] [1786685098.239604459] [local_costmap.local_costmap]: Timed out waiting for transform from base_link to odom to become available, tf error: Invalid frame ID "odom" passed to canTransform argument target_frame - frame does not exist
2026-08-14T14:24:58: [component_container_isolated-1] [INFO] [1786685098.739611679] [local_costmap.local_costmap]: Timed out waiting for transform from base_link to odom to become available, tf error: Invalid frame ID "odom" passed to canTransform argument target_frame - frame does not exist
2026-08-14T14:24:59: [component_container_isolated-1] [INFO] [1786685099.239627696] [local_costmap.local_costmap]: Timed out waiting for transform from base_link to odom to become available, tf error: Invalid frame ID "odom" passed to canTransform argument target_frame - frame does not exist
2026-08-14T14:24:59: [component_container_isolated-1] [INFO] [1786685099.739625231] [local_costmap.local_costmap]: Timed out waiting for transform from base_link to odom to become available, tf error: Invalid frame ID "odom" passed to canTransform argument target_frame - frame does not exist
2026-08-14T14:25:00: [component_container_isolated-1] [INFO] [1786685100.239623378] [local_costmap.local_costmap]: Timed out waiting for transform from base_link to odom to become available, tf error: Invalid frame ID "odom" passed to canTransform argument target_frame - frame does not exist
2026-08-14T14:25:00: [component_container_isolated-1] [INFO] [1786685100.739616395] [local_costmap.local_costmap]: Timed out waiting for transform from base_link to odom to become available, tf error: Invalid frame ID "odom" passed to canTransform argument target_frame - frame does not exist
2026-08-14T14:25:01: [component_container_isolated-1] [INFO] [1786685101.239612226] [local_costmap.local_costmap]: Timed out waiting for transform from base_link to odom to become available, tf error: Invalid frame ID "odom" passed to canTransform argument target_frame - frame does not exist
2026-08-14T14:25:01: [component_container_isolated-1] [INFO] [1786685101.739620243] [local_costmap.local_costmap]: Timed out waiting for transform from base_link to odom to become available, tf error: Invalid frame ID "odom" passed to canTransform argument target_frame - frame does not exist
2026-08-14T14:25:02: [component_container_isolated-1] [INFO] [1786685102.239644648] [local_costmap.local_costmap]: Timed out waiting for transform from base_link to odom to become available, tf error: Invalid frame ID "odom" passed to canTransform argument target_frame - frame does not exist
2026-08-14T14:25:02: [component_container_isolated-1] [INFO] [1786685102.739606831] [local_costmap.local_costmap]: Timed out waiting for transform from base_link to odom to become available, tf error: Invalid frame ID "odom" passed to canTransform argument target_frame - frame does not exist
2026-08-14T14:25:03: [component_container_isolated-1] [INFO] [1786685103.239620958] [local_costmap.local_costmap]: Timed out waiting for transform from base_link to odom to become available, tf error: Invalid frame ID "odom" passed to canTransform argument target_frame - frame does not exist
2026-08-14T14:25:03: [component_container_isolated-1] [INFO] [1786685103.739797509] [local_costmap.local_costmap]: Timed out waiting for transform from base_link to odom to become available, tf error: Invalid frame ID "odom" passed to canTransform argument target_frame - frame does not exist
2026-08-14T14:25:04: [component_container_isolated-1] [INFO] [1786685104.239620416] [local_costmap.local_costmap]: Timed out waiting for transform from base_link to odom to become available, tf error: Invalid frame ID "odom" passed to canTransform argument target_frame - frame does not exist
2026-08-14T14:25:04: [component_container_isolated-1] [INFO] [1786685104.739614117] [local_costmap.local_costmap]: Timed out waiting for transform from base_link to odom to become available, tf error: Invalid frame ID "odom" passed to canTransform argument target_frame - frame does not exist
2026-08-14T14:25:05: [component_container_isolated-1] [INFO] [1786685105.240704654] [local_costmap.local_costmap]: Timed out waiting for transform from base_link to odom to become available, tf error: Invalid frame ID "odom" passed to canTransform argument target_frame - frame does not exist
2026-08-14T14:25:05: [component_container_isolated-1] [INFO] [1786685105.739604168] [local_costmap.local_costmap]: Timed out waiting for transform from base_link to odom to become available, tf error: Invalid frame ID "odom" passed to canTransform argument target_frame - frame does not exist
2026-08-14T14:25:06: [component_container_isolated-1] [INFO] [1786685106.239621461] [local_costmap.local_costmap]: Timed out waiting for transform from base_link to odom to become available, tf error: Invalid frame ID "odom" passed to canTransform argument target_frame - frame does not exist
2026-08-14T14:25:06: [component_container_isolated-1] [INFO] [1786685106.739848843] [local_costmap.local_costmap]: Timed out waiting for transform from base_link to odom to become available, tf error: Invalid frame ID "odom" passed to canTransform argument target_frame - frame does not exist
2026-08-14T14:25:07: [component_container_isolated-1] [INFO] [1786685107.239612362] [local_costmap.local_costmap]: Timed out waiting for transform from base_link to odom to become available, tf error: Invalid frame ID "odom" passed to canTransform argument target_frame - frame does not exist
2026-08-14T14:25:07: [component_container_isolated-1] [INFO] [1786685107.739657970] [local_costmap.local_costmap]: Timed out waiting for transform from base_link to odom to become available, tf error: Invalid frame ID "odom" passed to canTransform argument target_frame - frame does not exist
2026-08-14T14:25:08: [component_container_isolated-1] [INFO] [1786685108.239607726] [local_costmap.local_costmap]: Timed out waiting for transform from base_link to odom to become available, tf error: Invalid frame ID "odom" passed to canTransform argument target_frame - frame does not exist
2026-08-14T14:25:08: [component_container_isolated-1] [INFO] [1786685108.739621315] [local_costmap.local_costmap]: Timed out waiting for transform from base_link to odom to become available, tf error: Invalid frame ID "odom" passed to canTransform argument target_frame - frame does not exist
2026-08-14T14:25:09: [component_container_isolated-1] [INFO] [1786685109.239602682] [local_costmap.local_costmap]: Timed out waiting for transform from base_link to odom to become available, tf error: Invalid frame ID "odom" passed to canTransform argument target_frame - frame does not exist
2026-08-14T14:25:09: [component_container_isolated-1] [INFO] [1786685109.739653030] [local_costmap.local_costmap]: Timed out waiting for transform from base_link to odom to become available, tf error: Invalid frame ID "odom" passed to canTransform argument target_frame - frame does not exist
2026-08-14T14:25:10: [component_container_isolated-1] [INFO] [1786685110.239623786] [local_costmap.local_costmap]: Timed out waiting for transform from base_link to odom to become available, tf error: Invalid frame ID "odom" passed to canTransform argument target_frame - frame does not exist
2026-08-14T14:25:10: [component_container_isolated-1] [INFO] [1786685110.739625190] [local_costmap.local_costmap]: Timed out waiting for transform from base_link to odom to become available, tf error: Invalid frame ID "odom" passed to canTransform argument target_frame - frame does not exist
2026-08-14T14:25:11: [component_container_isolated-1] [INFO] [1786685111.239619130] [local_costmap.local_costmap]: Timed out waiting for transform from base_link to odom to become available, tf error: Invalid frame ID "odom" passed to canTransform argument target_frame - frame does not exist
2026-08-14T14:25:11: [component_container_isolated-1] [INFO] [1786685111.739604312] [local_costmap.local_costmap]: Timed out waiting for transform from base_link to odom to become available, tf error: Invalid frame ID "odom" passed to canTransform argument target_frame - frame does not exist
2026-08-14T14:25:12: [component_container_isolated-1] [INFO] [1786685112.239610382] [local_costmap.local_costmap]: Timed out waiting for transform from base_link to odom to become available, tf error: Invalid frame ID "odom" passed to canTransform argument target_frame - frame does not exist
2026-08-14T14:25:12: [component_container_isolated-1] [INFO] [1786685112.739619044] [local_costmap.local_costmap]: Timed out waiting for transform from base_link to odom to become available, tf error: Invalid frame ID "odom" passed to canTransform argument target_frame - frame does not exist
2026-08-14T14:25:13: [component_container_isolated-1] [INFO] [1786685113.239616244] [local_costmap.local_costmap]: Timed out waiting for transform from base_link to odom to become available, tf error: Invalid frame ID "odom" passed to canTransform argument target_frame - frame does not exist
2026-08-14T14:25:13: [component_container_isolated-1] [INFO] [1786685113.739604369] [local_costmap.local_costmap]: Timed out waiting for transform from base_link to odom to become available, tf error: Invalid frame ID "odom" passed to canTransform argument target_frame - frame does not exist
2026-08-14T14:25:14: [component_container_isolated-1] [INFO] [1786685114.239613531] [local_costmap.local_costmap]: Timed out waiting for transform from base_link to odom to become available, tf error: Invalid frame ID "odom" passed to canTransform argument target_frame - frame does not exist
2026-08-14T14:25:14: [component_container_isolated-1] [INFO] [1786685114.739607286] [local_costmap.local_costmap]: Timed out waiting for transform from base_link to odom to become available, tf error: Invalid frame ID "odom" passed to canTransform argument target_frame - frame does not exist
2026-08-14T14:25:15: [component_container_isolated-1] [INFO] [1786685115.239611893] [local_costmap.local_costmap]: Timed out waiting for transform from base_link to odom to become available, tf error: Invalid frame ID "odom" passed to canTransform argument target_frame - frame does not exist
2026-08-14T14:25:15: [component_container_isolated-1] [INFO] [1786685115.739604740] [local_costmap.local_costmap]: Timed out waiting for transform from base_link to odom to become available, tf error: Invalid frame ID "odom" passed to canTransform argument target_frame - frame does not exist
2026-08-14T14:25:16: [component_container_isolated-1] [INFO] [1786685116.239605754] [local_costmap.local_costmap]: Timed out waiting for transform from base_link to odom to become available, tf error: Invalid frame ID "odom" passed to canTransform argument target_frame - frame does not exist
2026-08-14T14:25:16: [component_container_isolated-1] [INFO] [1786685116.739615156] [local_costmap.local_costmap]: Timed out waiting for transform from base_link to odom to become available, tf error: Invalid frame ID "odom" passed to canTransform argument target_frame - frame does not exist
2026-08-14T14:25:17: [component_container_isolated-1] [INFO] [1786685117.239624169] [local_costmap.local_costmap]: Timed out waiting for transform from base_link to odom to become available, tf error: Invalid frame ID "odom" passed to canTransform argument target_frame - frame does not exist
2026-08-14T14:25:17: [component_container_isolated-1] [INFO] [1786685117.739607590] [local_costmap.local_costmap]: Timed out waiting for transform from base_link to odom to become available, tf error: Invalid frame ID "odom" passed to canTransform argument target_frame - frame does not exist
2026-08-14T14:25:18: [component_container_isolated-1] [INFO] [1786685118.239676695] [local_costmap.local_costmap]: Timed out waiting for transform from base_link to odom to become available, tf error: Invalid frame ID "odom" passed to canTransform argument target_frame - frame does not exist
2026-08-14T14:25:18: [component_container_isolated-1] [INFO] [1786685118.739611765] [local_costmap.local_costmap]: Timed out waiting for transform from base_link to odom to become available, tf error: Invalid frame ID "odom" passed to canTransform argument target_frame - frame does not exist
2026-08-14T14:25:19: [component_container_isolated-1] [INFO] [1786685119.239612149] [local_costmap.local_costmap]: Timed out waiting for transform from base_link to odom to become available, tf error: Invalid frame ID "odom" passed to canTransform argument target_frame - frame does not exist
2026-08-14T14:25:19: [component_container_isolated-1] [INFO] [1786685119.739622976] [local_costmap.local_costmap]: Timed out waiting for transform from base_link to odom to become available, tf error: Invalid frame ID "odom" passed to canTransform argument target_frame - frame does not exist
2026-08-14T14:25:20: [component_container_isolated-1] [INFO] [1786685120.239616193] [local_costmap.local_costmap]: Timed out waiting for transform from base_link to odom to become available, tf error: Invalid frame ID "odom" passed to canTransform argument target_frame - frame does not exist
2026-08-14T14:25:20: [component_container_isolated-1] [INFO] [1786685120.739612595] [local_costmap.local_costmap]: Timed out waiting for transform from base_link to odom to become available, tf error: Invalid frame ID "odom" passed to canTransform argument target_frame - frame does not exist
2026-08-14T14:25:21: [component_container_isolated-1] [INFO] [1786685121.239603626] [local_costmap.local_costmap]: Timed out waiting for transform from base_link to odom to become available, tf error: Invalid frame ID "odom" passed to canTransform argument target_frame - frame does not exist
2026-08-14T14:25:21: [component_container_isolated-1] [INFO] [1786685121.739631009] [local_costmap.local_costmap]: Timed out waiting for transform from base_link to odom to become available, tf error: Invalid frame ID "odom" passed to canTransform argument target_frame - frame does not exist
2026-08-14T14:25:22: [component_container_isolated-1] [INFO] [1786685122.239609003] [local_costmap.local_costmap]: Timed out waiting for transform from base_link to odom to become available, tf error: Invalid frame ID "odom" passed to canTransform argument target_frame - frame does not exist
2026-08-14T14:25:22: [component_container_isolated-1] [INFO] [1786685122.739601497] [local_costmap.local_costmap]: Timed out waiting for transform from base_link to odom to become available, tf error: Invalid frame ID "odom" passed to canTransform argument target_frame - frame does not exist
2026-08-14T14:25:23: [component_container_isolated-1] [INFO] [1786685123.239607139] [local_costmap.local_costmap]: Timed out waiting for transform from base_link to odom to become available, tf error: Invalid frame ID "odom" passed to canTransform argument target_frame - frame does not exist
2026-08-14T14:25:23: [component_container_isolated-1] [INFO] [1786685123.739603541] [local_costmap.local_costmap]: Timed out waiting for transform from base_link to odom to become available, tf error: Invalid frame ID "odom" passed to canTransform argument target_frame - frame does not exist
2026-08-14T14:25:24: [component_container_isolated-1] [INFO] [1786685124.239606923] [local_costmap.local_costmap]: Timed out waiting for transform from base_link to odom to become available, tf error: Invalid frame ID "odom" passed to canTransform argument target_frame - frame does not exist
2026-08-14T14:25:24: [component_container_isolated-1] [INFO] [1786685124.739624231] [local_costmap.local_costmap]: Timed out waiting for transform from base_link to odom to become available, tf error: Invalid frame ID "odom" passed to canTransform argument target_frame - frame does not exist
2026-08-14T14:25:25: [component_container_isolated-1] [INFO] [1786685125.239638910] [local_costmap.local_costmap]: Timed out waiting for transform from base_link to odom to become available, tf error: Invalid frame ID "odom" passed to canTransform argument target_frame - frame does not exist
2026-08-14T14:25:25: [component_container_isolated-1] [INFO] [1786685125.739890288] [local_costmap.local_costmap]: Timed out waiting for transform from base_link to odom to become available, tf error: Invalid frame ID "odom" passed to canTransform argument target_frame - frame does not exist
2026-08-14T14:25:26: [component_container_isolated-1] [INFO] [1786685126.239607267] [local_costmap.local_costmap]: Timed out waiting for transform from base_link to odom to become available, tf error: Invalid frame ID "odom" passed to canTransform argument target_frame - frame does not exist
2026-08-14T14:25:26: [component_container_isolated-1] [INFO] [1786685126.739623538] [local_costmap.local_costmap]: Timed out waiting for transform from base_link to odom to become available, tf error: Invalid frame ID "odom" passed to canTransform argument target_frame - frame does not exist
2026-08-14T14:25:27: [component_container_isolated-1] [INFO] [1786685127.239622865] [local_costmap.local_costmap]: Timed out waiting for transform from base_link to odom to become available, tf error: Invalid frame ID "odom" passed to canTransform argument target_frame - frame does not exist
2026-08-14T14:25:27: [component_container_isolated-1] [INFO] [1786685127.739638783] [local_costmap.local_costmap]: Timed out waiting for transform from base_link to odom to become available, tf error: Invalid frame ID "odom" passed to canTransform argument target_frame - frame does not exist
2026-08-14T14:25:28: [component_container_isolated-1] [INFO] [1786685128.239600925] [local_costmap.local_costmap]: Timed out waiting for transform from base_link to odom to become available, tf error: Invalid frame ID "odom" passed to canTransform argument target_frame - frame does not exist
2026-08-14T14:25:28: [component_container_isolated-1] [INFO] [1786685128.739628862] [local_costmap.local_costmap]: Timed out waiting for transform from base_link to odom to become available, tf error: Invalid frame ID "odom" passed to canTransform argument target_frame - frame does not exist
2026-08-14T14:25:29: [component_container_isolated-1] [INFO] [1786685129.239631040] [local_costmap.local_costmap]: Timed out waiting for transform from base_link to odom to become available, tf error: Invalid frame ID "odom" passed to canTransform argument target_frame - frame does not exist
2026-08-14T14:25:29: [component_container_isolated-1] [INFO] [1786685129.739619125] [local_costmap.local_costmap]: Timed out waiting for transform from base_link to odom to become available, tf error: Invalid frame ID "odom" passed to canTransform argument target_frame - frame does not exist
2026-08-14T14:25:30: [component_container_isolated-1] [INFO] [1786685130.239625970] [local_costmap.local_costmap]: Timed out waiting for transform from base_link to odom to become available, tf error: Invalid frame ID "odom" passed to canTransform argument target_frame - frame does not exist
2026-08-14T14:25:30: [component_container_isolated-1] [INFO] [1786685130.739615314] [local_costmap.local_costmap]: Timed out waiting for transform from base_link to odom to become available, tf error: Invalid frame ID "odom" passed to canTransform argument target_frame - frame does not exist
2026-08-14T14:25:31: [component_container_isolated-1] [INFO] [1786685131.239649324] [local_costmap.local_costmap]: Timed out waiting for transform from base_link to odom to become available, tf error: Invalid frame ID "odom" passed to canTransform argument target_frame - frame does not exist
2026-08-14T14:25:31: [component_container_isolated-1] [INFO] [1786685131.739616539] [local_costmap.local_costmap]: Timed out waiting for transform from base_link to odom to become available, tf error: Invalid frame ID "odom" passed to canTransform argument target_frame - frame does not exist
2026-08-14T14:25:32: [component_container_isolated-1] [INFO] [1786685132.239629254] [local_costmap.local_costmap]: Timed out waiting for transform from base_link to odom to become available, tf error: Invalid frame ID "odom" passed to canTransform argument target_frame - frame does not exist
2026-08-14T14:25:32: [component_container_isolated-1] [INFO] [1786685132.739690393] [local_costmap.local_costmap]: Timed out waiting for transform from base_link to odom to become available, tf error: Invalid frame ID "odom" passed to canTransform argument target_frame - frame does not exist
2026-08-14T14:25:33: [component_container_isolated-1] [INFO] [1786685133.239729329] [local_costmap.local_costmap]: Timed out waiting for transform from base_link to odom to become available, tf error: Invalid frame ID "odom" passed to canTransform argument target_frame - frame does not exist
2026-08-14T14:25:33: [component_container_isolated-1] [INFO] [1786685133.739624063] [local_costmap.local_costmap]: Timed out waiting for transform from base_link to odom to become available, tf error: Invalid frame ID "odom" passed to canTransform argument target_frame - frame does not exist
2026-08-14T14:25:34: [component_container_isolated-1] [INFO] [1786685134.239796830] [local_costmap.local_costmap]: Timed out waiting for transform from base_link to odom to become available, tf error: Invalid frame ID "odom" passed to canTransform argument target_frame - frame does not exist
2026-08-14T14:25:34: [component_container_isolated-1] [INFO] [1786685134.739604066] [local_costmap.local_costmap]: Timed out waiting for transform from base_link to odom to become available, tf error: Invalid frame ID "odom" passed to canTransform argument target_frame - frame does not exist
2026-08-14T14:25:35: [component_container_isolated-1] [INFO] [1786685135.239622816] [local_costmap.local_costmap]: Timed out waiting for transform from base_link to odom to become available, tf error: Invalid frame ID "odom" passed to canTransform argument target_frame - frame does not exist
2026-08-14T14:25:35: [component_container_isolated-1] [INFO] [1786685135.739614567] [local_costmap.local_costmap]: Timed out waiting for transform from base_link to odom to become available, tf error: Invalid frame ID "odom" passed to canTransform argument target_frame - frame does not exist
2026-08-14T14:25:36: [component_container_isolated-1] [INFO] [1786685136.239608133] [local_costmap.local_costmap]: Timed out waiting for transform from base_link to odom to become available, tf error: Invalid frame ID "odom" passed to canTransform argument target_frame - frame does not exist
2026-08-14T14:25:36: [component_container_isolated-1] [INFO] [1786685136.739670660] [local_costmap.local_costmap]: Timed out waiting for transform from base_link to odom to become available, tf error: Invalid frame ID "odom" passed to canTransform argument target_frame - frame does not exist
2026-08-14T14:25:37: [component_container_isolated-1] [INFO] [1786685137.239658022] [local_costmap.local_costmap]: Timed out waiting for transform from base_link to odom to become available, tf error: Invalid frame ID "odom" passed to canTransform argument target_frame - frame does not exist
2026-08-14T14:25:37: [component_container_isolated-1] [INFO] [1786685137.739604144] [local_costmap.local_costmap]: Timed out waiting for transform from base_link to odom to become available, tf error: Invalid frame ID "odom" passed to canTransform argument target_frame - frame does not exist
2026-08-14T14:25:38: [component_container_isolated-1] [INFO] [1786685138.239624227] [local_costmap.local_costmap]: Timed out waiting for transform from base_link to odom to become available, tf error: Invalid frame ID "odom" passed to canTransform argument target_frame - frame does not exist
2026-08-14T14:25:38: [component_container_isolated-1] [INFO] [1786685138.739632552] [local_costmap.local_costmap]: Timed out waiting for transform from base_link to odom to become available, tf error: Invalid frame ID "odom" passed to canTransform argument target_frame - frame does not exist
2026-08-14T14:25:39: [component_container_isolated-1] [INFO] [1786685139.239627617] [local_costmap.local_costmap]: Timed out waiting for transform from base_link to odom to become available, tf error: Invalid frame ID "odom" passed to canTransform argument target_frame - frame does not exist
2026-08-14T14:25:39: [component_container_isolated-1] [INFO] [1786685139.739605719] [local_costmap.local_costmap]: Timed out waiting for transform from base_link to odom to become available, tf error: Invalid frame ID "odom" passed to canTransform argument target_frame - frame does not exist
2026-08-14T14:25:40: [component_container_isolated-1] [INFO] [1786685140.239606006] [local_costmap.local_costmap]: Timed out waiting for transform from base_link to odom to become available, tf error: Invalid frame ID "odom" passed to canTransform argument target_frame - frame does not exist
2026-08-14T14:25:40: [component_container_isolated-1] [INFO] [1786685140.739642255] [local_costmap.local_costmap]: Timed out waiting for transform from base_link to odom to become available, tf error: Invalid frame ID "odom" passed to canTransform argument target_frame - frame does not exist
2026-08-14T14:25:41: [component_container_isolated-1] [INFO] [1786685141.239622672] [local_costmap.local_costmap]: Timed out waiting for transform from base_link to odom to become available, tf error: Invalid frame ID "odom" passed to canTransform argument target_frame - frame does not exist
2026-08-14T14:25:41: [component_container_isolated-1] [INFO] [1786685141.739636607] [local_costmap.local_costmap]: Timed out waiting for transform from base_link to odom to become available, tf error: Invalid frame ID "odom" passed to canTransform argument target_frame - frame does not exist
2026-08-14T14:25:42: [component_container_isolated-1] [INFO] [1786685142.239648505] [local_costmap.local_costmap]: Timed out waiting for transform from base_link to odom to become available, tf error: Invalid frame ID "odom" passed to canTransform argument target_frame - frame does not exist
2026-08-14T14:25:42: [component_container_isolated-1] [INFO] [1786685142.739629051] [local_costmap.local_costmap]: Timed out waiting for transform from base_link to odom to become available, tf error: Invalid frame ID "odom" passed to canTransform argument target_frame - frame does not exist
2026-08-14T14:25:43: [component_container_isolated-1] [INFO] [1786685143.239606060] [local_costmap.local_costmap]: Timed out waiting for transform from base_link to odom to become available, tf error: Invalid frame ID "odom" passed to canTransform argument target_frame - frame does not exist
2026-08-14T14:25:43: [component_container_isolated-1] [INFO] [1786685143.739778344] [local_costmap.local_costmap]: Timed out waiting for transform from base_link to odom to become available, tf error: Invalid frame ID "odom" passed to canTransform argument target_frame - frame does not exist
2026-08-14T14:25:44: [component_container_isolated-1] [INFO] [1786685144.239698150] [local_costmap.local_costmap]: Timed out waiting for transform from base_link to odom to become available, tf error: Invalid frame ID "odom" passed to canTransform argument target_frame - frame does not exist
2026-08-14T14:25:44: [component_container_isolated-1] [INFO] [1786685144.739614604] [local_costmap.local_costmap]: Timed out waiting for transform from base_link to odom to become available, tf error: Invalid frame ID "odom" passed to canTransform argument target_frame - frame does not exist
2026-08-14T14:25:45: [component_container_isolated-1] [INFO] [1786685145.239649075] [local_costmap.local_costmap]: Timed out waiting for transform from base_link to odom to become available, tf error: Invalid frame ID "odom" passed to canTransform argument target_frame - frame does not exist
2026-08-14T14:25:45: [component_container_isolated-1] [INFO] [1786685145.739617843] [local_costmap.local_costmap]: Timed out waiting for transform from base_link to odom to become available, tf error: Invalid frame ID "odom" passed to canTransform argument target_frame - frame does not exist
2026-08-14T14:25:46: [component_container_isolated-1] [INFO] [1786685146.239608647] [local_costmap.local_costmap]: Timed out waiting for transform from base_link to odom to become available, tf error: Invalid frame ID "odom" passed to canTransform argument target_frame - frame does not exist
2026-08-14T14:25:46: [component_container_isolated-1] [INFO] [1786685146.739644581] [local_costmap.local_costmap]: Timed out waiting for transform from base_link to odom to become available, tf error: Invalid frame ID "odom" passed to canTransform argument target_frame - frame does not exist
2026-08-14T14:25:47: [component_container_isolated-1] [INFO] [1786685147.244228909] [local_costmap.local_costmap]: Timed out waiting for transform from base_link to odom to become available, tf error: Invalid frame ID "odom" passed to canTransform argument target_frame - frame does not exist
2026-08-14T14:25:47: [component_container_isolated-1] [INFO] [1786685147.739690003] [local_costmap.local_costmap]: Timed out waiting for transform from base_link to odom to become available, tf error: Invalid frame ID "odom" passed to canTransform argument target_frame - frame does not exist
2026-08-14T14:25:48: [component_container_isolated-1] [INFO] [1786685148.239622420] [local_costmap.local_costmap]: Timed out waiting for transform from base_link to odom to become available, tf error: Invalid frame ID "odom" passed to canTransform argument target_frame - frame does not exist
2026-08-14T14:25:48: [component_container_isolated-1] [INFO] [1786685148.739674482] [local_costmap.local_costmap]: Timed out waiting for transform from base_link to odom to become available, tf error: Invalid frame ID "odom" passed to canTransform argument target_frame - frame does not exist
2026-08-14T14:25:49: [component_container_isolated-1] [INFO] [1786685149.239618639] [local_costmap.local_costmap]: Timed out waiting for transform from base_link to odom to become available, tf error: Invalid frame ID "odom" passed to canTransform argument target_frame - frame does not exist
2026-08-14T14:25:49: [component_container_isolated-1] [INFO] [1786685149.739693145] [local_costmap.local_costmap]: Timed out waiting for transform from base_link to odom to become available, tf error: Invalid frame ID "odom" passed to canTransform argument target_frame - frame does not exist
2026-08-14T14:25:50: [component_container_isolated-1] [INFO] [1786685150.239628617] [local_costmap.local_costmap]: Timed out waiting for transform from base_link to odom to become available, tf error: Invalid frame ID "odom" passed to canTransform argument target_frame - frame does not exist
2026-08-14T14:25:50: [component_container_isolated-1] [INFO] [1786685150.739607995] [local_costmap.local_costmap]: Timed out waiting for transform from base_link to odom to become available, tf error: Invalid frame ID "odom" passed to canTransform argument target_frame - frame does not exist
2026-08-14T14:25:51: [component_container_isolated-1] [INFO] [1786685151.239641113] [local_costmap.local_costmap]: Timed out waiting for transform from base_link to odom to become available, tf error: Invalid frame ID "odom" passed to canTransform argument target_frame - frame does not exist
2026-08-14T14:25:51: [component_container_isolated-1] [INFO] [1786685151.739606343] [local_costmap.local_costmap]: Timed out waiting for transform from base_link to odom to become available, tf error: Invalid frame ID "odom" passed to canTransform argument target_frame - frame does not exist
2026-08-14T14:25:52: [component_container_isolated-1] [INFO] [1786685152.239619516] [local_costmap.local_costmap]: Timed out waiting for transform from base_link to odom to become available, tf error: Invalid frame ID "odom" passed to canTransform argument target_frame - frame does not exist
2026-08-14T14:25:52: [component_container_isolated-1] [INFO] [1786685152.739626412] [local_costmap.local_costmap]: Timed out waiting for transform from base_link to odom to become available, tf error: Invalid frame ID "odom" passed to canTransform argument target_frame - frame does not exist
2026-08-14T14:25:53: [component_container_isolated-1] [INFO] [1786685153.239613808] [local_costmap.local_costmap]: Timed out waiting for transform from base_link to odom to become available, tf error: Invalid frame ID "odom" passed to canTransform argument target_frame - frame does not exist
2026-08-14T14:25:53: [component_container_isolated-1] [INFO] [1786685153.739613556] [local_costmap.local_costmap]: Timed out waiting for transform from base_link to odom to become available, tf error: Invalid frame ID "odom" passed to canTransform argument target_frame - frame does not exist
2026-08-14T14:25:54: [component_container_isolated-1] [INFO] [1786685154.239666951] [local_costmap.local_costmap]: Timed out waiting for transform from base_link to odom to become available, tf error: Invalid frame ID "odom" passed to canTransform argument target_frame - frame does not exist
2026-08-14T14:25:54: [component_container_isolated-1] [INFO] [1786685154.739627958] [local_costmap.local_costmap]: Timed out waiting for transform from base_link to odom to become available, tf error: Invalid frame ID "odom" passed to canTransform argument target_frame - frame does not exist
2026-08-14T14:25:55: [component_container_isolated-1] [INFO] [1786685155.239613150] [local_costmap.local_costmap]: Timed out waiting for transform from base_link to odom to become available, tf error: Invalid frame ID "odom" passed to canTransform argument target_frame - frame does not exist
2026-08-14T14:25:55: [component_container_isolated-1] [INFO] [1786685155.739623545] [local_costmap.local_costmap]: Timed out waiting for transform from base_link to odom to become available, tf error: Invalid frame ID "odom" passed to canTransform argument target_frame - frame does not exist
2026-08-14T14:25:56: [component_container_isolated-1] [INFO] [1786685156.239718291] [local_costmap.local_costmap]: Timed out waiting for transform from base_link to odom to become available, tf error: Invalid frame ID "odom" passed to canTransform argument target_frame - frame does not exist
2026-08-14T14:25:56: [component_container_isolated-1] [INFO] [1786685156.739623095] [local_costmap.local_costmap]: Timed out waiting for transform from base_link to odom to become available, tf error: Invalid frame ID "odom" passed to canTransform argument target_frame - frame does not exist
2026-08-14T14:25:57: [component_container_isolated-1] [INFO] [1786685157.239636083] [local_costmap.local_costmap]: Timed out waiting for transform from base_link to odom to become available, tf error: Invalid frame ID "odom" passed to canTransform argument target_frame - frame does not exist
2026-08-14T14:25:57: [component_container_isolated-1] [INFO] [1786685157.739620385] [local_costmap.local_costmap]: Timed out waiting for transform from base_link to odom to become available, tf error: Invalid frame ID "odom" passed to canTransform argument target_frame - frame does not exist
2026-08-14T14:25:58: [component_container_isolated-1] [INFO] [1786685158.239602651] [local_costmap.local_costmap]: Timed out waiting for transform from base_link to odom to become available, tf error: Invalid frame ID "odom" passed to canTransform argument target_frame - frame does not exist
2026-08-14T14:25:58: [component_container_isolated-1] [INFO] [1786685158.739602879] [local_costmap.local_costmap]: Timed out waiting for transform from base_link to odom to become available, tf error: Invalid frame ID "odom" passed to canTransform argument target_frame - frame does not exist
2026-08-14T14:25:59: [component_container_isolated-1] [INFO] [1786685159.239599774] [local_costmap.local_costmap]: Timed out waiting for transform from base_link to odom to become available, tf error: Invalid frame ID "odom" passed to canTransform argument target_frame - frame does not exist
2026-08-14T14:25:59: [component_container_isolated-1] [INFO] [1786685159.739619428] [local_costmap.local_costmap]: Timed out waiting for transform from base_link to odom to become available, tf error: Invalid frame ID "odom" passed to canTransform argument target_frame - frame does not exist
2026-08-14T14:26:00: [component_container_isolated-1] [INFO] [1786685160.239609471] [local_costmap.local_costmap]: Timed out waiting for transform from base_link to odom to become available, tf error: Invalid frame ID "odom" passed to canTransform argument target_frame - frame does not exist
2026-08-14T14:26:00: [component_container_isolated-1] [INFO] [1786685160.739640216] [local_costmap.local_costmap]: Timed out waiting for transform from base_link to odom to become available, tf error: Invalid frame ID "odom" passed to canTransform argument target_frame - frame does not exist
2026-08-14T14:26:01: [component_container_isolated-1] [INFO] [1786685161.239671962] [local_costmap.local_costmap]: Timed out waiting for transform from base_link to odom to become available, tf error: Invalid frame ID "odom" passed to canTransform argument target_frame - frame does not exist
2026-08-14T14:26:01: [component_container_isolated-1] [INFO] [1786685161.739627246] [local_costmap.local_costmap]: Timed out waiting for transform from base_link to odom to become available, tf error: Invalid frame ID "odom" passed to canTransform argument target_frame - frame does not exist
2026-08-14T14:26:02: [component_container_isolated-1] [INFO] [1786685162.239618678] [local_costmap.local_costmap]: Timed out waiting for transform from base_link to odom to become available, tf error: Invalid frame ID "odom" passed to canTransform argument target_frame - frame does not exist
2026-08-14T14:26:02: [component_container_isolated-1] [INFO] [1786685162.739628572] [local_costmap.local_costmap]: Timed out waiting for transform from base_link to odom to become available, tf error: Invalid frame ID "odom" passed to canTransform argument target_frame - frame does not exist
2026-08-14T14:26:03: [component_container_isolated-1] [INFO] [1786685163.239641688] [local_costmap.local_costmap]: Timed out waiting for transform from base_link to odom to become available, tf error: Invalid frame ID "odom" passed to canTransform argument target_frame - frame does not exist
2026-08-14T14:26:03: [component_container_isolated-1] [INFO] [1786685163.739609749] [local_costmap.local_costmap]: Timed out waiting for transform from base_link to odom to become available, tf error: Invalid frame ID "odom" passed to canTransform argument target_frame - frame does not exist
2026-08-14T14:26:04: [component_container_isolated-1] [INFO] [1786685164.239600476] [local_costmap.local_costmap]: Timed out waiting for transform from base_link to odom to become available, tf error: Invalid frame ID "odom" passed to canTransform argument target_frame - frame does not exist
2026-08-14T14:26:04: [component_container_isolated-1] [INFO] [1786685164.739639481] [local_costmap.local_costmap]: Timed out waiting for transform from base_link to odom to become available, tf error: Invalid frame ID "odom" passed to canTransform argument target_frame - frame does not exist
2026-08-14T14:26:05: [component_container_isolated-1] [INFO] [1786685165.239656893] [local_costmap.local_costmap]: Timed out waiting for transform from base_link to odom to become available, tf error: Invalid frame ID "odom" passed to canTransform argument target_frame - frame does not exist
2026-08-14T14:26:05: [component_container_isolated-1] [INFO] [1786685165.739622972] [local_costmap.local_costmap]: Timed out waiting for transform from base_link to odom to become available, tf error: Invalid frame ID "odom" passed to canTransform argument target_frame - frame does not exist
2026-08-14T14:26:06: [component_container_isolated-1] [INFO] [1786685166.239629810] [local_costmap.local_costmap]: Timed out waiting for transform from base_link to odom to become available, tf error: Invalid frame ID "odom" passed to canTransform argument target_frame - frame does not exist
2026-08-14T14:26:06: [component_container_isolated-1] [INFO] [1786685166.739699814] [local_costmap.local_costmap]: Timed out waiting for transform from base_link to odom to become available, tf error: Invalid frame ID "odom" passed to canTransform argument target_frame - frame does not exist
2026-08-14T14:26:07: [component_container_isolated-1] [INFO] [1786685167.239661745] [local_costmap.local_costmap]: Timed out waiting for transform from base_link to odom to become available, tf error: Invalid frame ID "odom" passed to canTransform argument target_frame - frame does not exist
2026-08-14T14:26:07: [component_container_isolated-1] [INFO] [1786685167.739629305] [local_costmap.local_costmap]: Timed out waiting for transform from base_link to odom to become available, tf error: Invalid frame ID "odom" passed to canTransform argument target_frame - frame does not exist
2026-08-14T14:26:08: [component_container_isolated-1] [INFO] [1786685168.239635217] [local_costmap.local_costmap]: Timed out waiting for transform from base_link to odom to become available, tf error: Invalid frame ID "odom" passed to canTransform argument target_frame - frame does not exist
2026-08-14T14:26:08: [component_container_isolated-1] [INFO] [1786685168.739693628] [local_costmap.local_costmap]: Timed out waiting for transform from base_link to odom to become available, tf error: Invalid frame ID "odom" passed to canTransform argument target_frame - frame does not exist
2026-08-14T14:26:09: [component_container_isolated-1] [INFO] [1786685169.239683465] [local_costmap.local_costmap]: Timed out waiting for transform from base_link to odom to become available, tf error: Invalid frame ID "odom" passed to canTransform argument target_frame - frame does not exist
2026-08-14T14:26:09: [component_container_isolated-1] [INFO] [1786685169.739623581] [local_costmap.local_costmap]: Timed out waiting for transform from base_link to odom to become available, tf error: Invalid frame ID "odom" passed to canTransform argument target_frame - frame does not exist
2026-08-14T14:26:10: [component_container_isolated-1] [INFO] [1786685170.239812731] [local_costmap.local_costmap]: Timed out waiting for transform from base_link to odom to become available, tf error: Invalid frame ID "odom" passed to canTransform argument target_frame - frame does not exist
2026-08-14T14:26:10: [component_container_isolated-1] [INFO] [1786685170.739613645] [local_costmap.local_costmap]: Timed out waiting for transform from base_link to odom to become available, tf error: Invalid frame ID "odom" passed to canTransform argument target_frame - frame does not exist
2026-08-14T14:26:11: [component_container_isolated-1] [INFO] [1786685171.239621334] [local_costmap.local_costmap]: Timed out waiting for transform from base_link to odom to become available, tf error: Invalid frame ID "odom" passed to canTransform argument target_frame - frame does not exist
2026-08-14T14:26:11: [component_container_isolated-1] [INFO] [1786685171.739620041] [local_costmap.local_costmap]: Timed out waiting for transform from base_link to odom to become available, tf error: Invalid frame ID "odom" passed to canTransform argument target_frame - frame does not exist
2026-08-14T14:26:12: [component_container_isolated-1] [INFO] [1786685172.239620952] [local_costmap.local_costmap]: Timed out waiting for transform from base_link to odom to become available, tf error: Invalid frame ID "odom" passed to canTransform argument target_frame - frame does not exist
2026-08-14T14:26:12: [component_container_isolated-1] [INFO] [1786685172.739600345] [local_costmap.local_costmap]: Timed out waiting for transform from base_link to odom to become available, tf error: Invalid frame ID "odom" passed to canTransform argument target_frame - frame does not exist
2026-08-14T14:26:13: [component_container_isolated-1] [INFO] [1786685173.239619423] [local_costmap.local_costmap]: Timed out waiting for transform from base_link to odom to become available, tf error: Invalid frame ID "odom" passed to canTransform argument target_frame - frame does not exist
2026-08-14T14:26:13: [component_container_isolated-1] [INFO] [1786685173.739662481] [local_costmap.local_costmap]: Timed out waiting for transform from base_link to odom to become available, tf error: Invalid frame ID "odom" passed to canTransform argument target_frame - frame does not exist
2026-08-14T14:26:14: [component_container_isolated-1] [INFO] [1786685174.239664818] [local_costmap.local_costmap]: Timed out waiting for transform from base_link to odom to become available, tf error: Invalid frame ID "odom" passed to canTransform argument target_frame - frame does not exist
2026-08-14T14:26:14: [component_container_isolated-1] [INFO] [1786685174.739618599] [local_costmap.local_costmap]: Timed out waiting for transform from base_link to odom to become available, tf error: Invalid frame ID "odom" passed to canTransform argument target_frame - frame does not exist
2026-08-14T14:26:15: [component_container_isolated-1] [INFO] [1786685175.239697564] [local_costmap.local_costmap]: Timed out waiting for transform from base_link to odom to become available, tf error: Invalid frame ID "odom" passed to canTransform argument target_frame - frame does not exist
2026-08-14T14:26:15: [component_container_isolated-1] [INFO] [1786685175.739654901] [local_costmap.local_costmap]: Timed out waiting for transform from base_link to odom to become available, tf error: Invalid frame ID "odom" passed to canTransform argument target_frame - frame does not exist
2026-08-14T14:26:16: [component_container_isolated-1] [INFO] [1786685176.239603627] [local_costmap.local_costmap]: Timed out waiting for transform from base_link to odom to become available, tf error: Invalid frame ID "odom" passed to canTransform argument target_frame - frame does not exist
2026-08-14T14:26:16: [component_container_isolated-1] [INFO] [1786685176.739603223] [local_costmap.local_costmap]: Timed out waiting for transform from base_link to odom to become available, tf error: Invalid frame ID "odom" passed to canTransform argument target_frame - frame does not exist
2026-08-14T14:26:17: [component_container_isolated-1] [INFO] [1786685177.239619707] [local_costmap.local_costmap]: Timed out waiting for transform from base_link to odom to become available, tf error: Invalid frame ID "odom" passed to canTransform argument target_frame - frame does not exist
2026-08-14T14:26:17: [component_container_isolated-1] [INFO] [1786685177.739635765] [local_costmap.local_costmap]: Timed out waiting for transform from base_link to odom to become available, tf error: Invalid frame ID "odom" passed to canTransform argument target_frame - frame does not exist
2026-08-14T14:26:18: [component_container_isolated-1] [INFO] [1786685178.239625934] [local_costmap.local_costmap]: Timed out waiting for transform from base_link to odom to become available, tf error: Invalid frame ID "odom" passed to canTransform argument target_frame - frame does not exist
2026-08-14T14:26:18: [component_container_isolated-1] [INFO] [1786685178.739669084] [local_costmap.local_costmap]: Timed out waiting for transform from base_link to odom to become available, tf error: Invalid frame ID "odom" passed to canTransform argument target_frame - frame does not exist
2026-08-14T14:26:19: [component_container_isolated-1] [INFO] [1786685179.239621273] [local_costmap.local_costmap]: Timed out waiting for transform from base_link to odom to become available, tf error: Invalid frame ID "odom" passed to canTransform argument target_frame - frame does not exist
2026-08-14T14:26:19: [component_container_isolated-1] [INFO] [1786685179.739617497] [local_costmap.local_costmap]: Timed out waiting for transform from base_link to odom to become available, tf error: Invalid frame ID "odom" passed to canTransform argument target_frame - frame does not exist
2026-08-14T14:26:20: [component_container_isolated-1] [INFO] [1786685180.239641018] [local_costmap.local_costmap]: Timed out waiting for transform from base_link to odom to become available, tf error: Invalid frame ID "odom" passed to canTransform argument target_frame - frame does not exist
2026-08-14T14:26:20: [component_container_isolated-1] [INFO] [1786685180.739613095] [local_costmap.local_costmap]: Timed out waiting for transform from base_link to odom to become available, tf error: Invalid frame ID "odom" passed to canTransform argument target_frame - frame does not exist
2026-08-14T14:26:21: [component_container_isolated-1] [INFO] [1786685181.239617319] [local_costmap.local_costmap]: Timed out waiting for transform from base_link to odom to become available, tf error: Invalid frame ID "odom" passed to canTransform argument target_frame - frame does not exist
2026-08-14T14:26:21: [component_container_isolated-1] [INFO] [1786685181.739660302] [local_costmap.local_costmap]: Timed out waiting for transform from base_link to odom to become available, tf error: Invalid frame ID "odom" passed to canTransform argument target_frame - frame does not exist
2026-08-14T14:26:22: [component_container_isolated-1] [INFO] [1786685182.239645693] [local_costmap.local_costmap]: Timed out waiting for transform from base_link to odom to become available, tf error: Invalid frame ID "odom" passed to canTransform argument target_frame - frame does not exist
2026-08-14T14:26:22: [component_container_isolated-1] [INFO] [1786685182.739895562] [local_costmap.local_costmap]: Timed out waiting for transform from base_link to odom to become available, tf error: Invalid frame ID "odom" passed to canTransform argument target_frame - frame does not exist
2026-08-14T14:26:23: [component_container_isolated-1] [INFO] [1786685183.239616475] [local_costmap.local_costmap]: Timed out waiting for transform from base_link to odom to become available, tf error: Invalid frame ID "odom" passed to canTransform argument target_frame - frame does not exist
2026-08-14T14:26:23: [component_container_isolated-1] [INFO] [1786685183.739667161] [local_costmap.local_costmap]: Timed out waiting for transform from base_link to odom to become available, tf error: Invalid frame ID "odom" passed to canTransform argument target_frame - frame does not exist
2026-08-14T14:26:24: [component_container_isolated-1] [INFO] [1786685184.239634237] [local_costmap.local_costmap]: Timed out waiting for transform from base_link to odom to become available, tf error: Invalid frame ID "odom" passed to canTransform argument target_frame - frame does not exist
2026-08-14T14:26:24: [component_container_isolated-1] [INFO] [1786685184.739613480] [local_costmap.local_costmap]: Timed out waiting for transform from base_link to odom to become available, tf error: Invalid frame ID "odom" passed to canTransform argument target_frame - frame does not exist
2026-08-14T14:26:25: [component_container_isolated-1] [INFO] [1786685185.239627555] [local_costmap.local_costmap]: Timed out waiting for transform from base_link to odom to become available, tf error: Invalid frame ID "odom" passed to canTransform argument target_frame - frame does not exist
2026-08-14T14:26:25: [component_container_isolated-1] [INFO] [1786685185.739735629] [local_costmap.local_costmap]: Timed out waiting for transform from base_link to odom to become available, tf error: Invalid frame ID "odom" passed to canTransform argument target_frame - frame does not exist
2026-08-14T14:26:26: [component_container_isolated-1] [INFO] [1786685186.239682113] [local_costmap.local_costmap]: Timed out waiting for transform from base_link to odom to become available, tf error: Invalid frame ID "odom" passed to canTransform argument target_frame - frame does not exist
2026-08-14T14:26:26: [component_container_isolated-1] [INFO] [1786685186.739612874] [local_costmap.local_costmap]: Timed out waiting for transform from base_link to odom to become available, tf error: Invalid frame ID "odom" passed to canTransform argument target_frame - frame does not exist
2026-08-14T14:26:27: [component_container_isolated-1] [INFO] [1786685187.239621246] [local_costmap.local_costmap]: Timed out waiting for transform from base_link to odom to become available, tf error: Invalid frame ID "odom" passed to canTransform argument target_frame - frame does not exist
2026-08-14T14:26:27: [component_container_isolated-1] [INFO] [1786685187.739626895] [local_costmap.local_costmap]: Timed out waiting for transform from base_link to odom to become available, tf error: Invalid frame ID "odom" passed to canTransform argument target_frame - frame does not exist
2026-08-14T14:26:28: [component_container_isolated-1] [INFO] [1786685188.239611396] [local_costmap.local_costmap]: Timed out waiting for transform from base_link to odom to become available, tf error: Invalid frame ID "odom" passed to canTransform argument target_frame - frame does not exist
2026-08-14T14:26:28: [component_container_isolated-1] [INFO] [1786685188.739623786] [local_costmap.local_costmap]: Timed out waiting for transform from base_link to odom to become available, tf error: Invalid frame ID "odom" passed to canTransform argument target_frame - frame does not exist
2026-08-14T14:26:29: [component_container_isolated-1] [INFO] [1786685189.244206866] [local_costmap.local_costmap]: Timed out waiting for transform from base_link to odom to become available, tf error: Invalid frame ID "odom" passed to canTransform argument target_frame - frame does not exist
2026-08-14T14:26:29: [component_container_isolated-1] [INFO] [1786685189.739614713] [local_costmap.local_costmap]: Timed out waiting for transform from base_link to odom to become available, tf error: Invalid frame ID "odom" passed to canTransform argument target_frame - frame does not exist
2026-08-14T14:26:30: [component_container_isolated-1] [INFO] [1786685190.239634269] [local_costmap.local_costmap]: Timed out waiting for transform from base_link to odom to become available, tf error: Invalid frame ID "odom" passed to canTransform argument target_frame - frame does not exist
2026-08-14T14:26:30: [component_container_isolated-1] [INFO] [1786685190.739652288] [local_costmap.local_costmap]: Timed out waiting for transform from base_link to odom to become available, tf error: Invalid frame ID "odom" passed to canTransform argument target_frame - frame does not exist
2026-08-14T14:26:31: [component_container_isolated-1] [INFO] [1786685191.239627252] [local_costmap.local_costmap]: Timed out waiting for transform from base_link to odom to become available, tf error: Invalid frame ID "odom" passed to canTransform argument target_frame - frame does not exist
2026-08-14T14:26:31: [component_container_isolated-1] [INFO] [1786685191.739630512] [local_costmap.local_costmap]: Timed out waiting for transform from base_link to odom to become available, tf error: Invalid frame ID "odom" passed to canTransform argument target_frame - frame does not exist
2026-08-14T14:26:32: [component_container_isolated-1] [INFO] [1786685192.239617438] [local_costmap.local_costmap]: Timed out waiting for transform from base_link to odom to become available, tf error: Invalid frame ID "odom" passed to canTransform argument target_frame - frame does not exist
2026-08-14T14:26:32: [component_container_isolated-1] [INFO] [1786685192.739604883] [local_costmap.local_costmap]: Timed out waiting for transform from base_link to odom to become available, tf error: Invalid frame ID "odom" passed to canTransform argument target_frame - frame does not exist
2026-08-14T14:26:33: [component_container_isolated-1] [INFO] [1786685193.239598235] [local_costmap.local_costmap]: Timed out waiting for transform from base_link to odom to become available, tf error: Invalid frame ID "odom" passed to canTransform argument target_frame - frame does not exist
2026-08-14T14:26:33: [component_container_isolated-1] [INFO] [1786685193.739618772] [local_costmap.local_costmap]: Timed out waiting for transform from base_link to odom to become available, tf error: Invalid frame ID "odom" passed to canTransform argument target_frame - frame does not exist
2026-08-14T14:26:34: [component_container_isolated-1] [INFO] [1786685194.239640679] [local_costmap.local_costmap]: Timed out waiting for transform from base_link to odom to become available, tf error: Invalid frame ID "odom" passed to canTransform argument target_frame - frame does not exist
2026-08-14T14:26:34: [component_container_isolated-1] [INFO] [1786685194.739669067] [local_costmap.local_costmap]: Timed out waiting for transform from base_link to odom to become available, tf error: Invalid frame ID "odom" passed to canTransform argument target_frame - frame does not exist
2026-08-14T14:26:35: [component_container_isolated-1] [INFO] [1786685195.239656734] [local_costmap.local_costmap]: Timed out waiting for transform from base_link to odom to become available, tf error: Invalid frame ID "odom" passed to canTransform argument target_frame - frame does not exist
2026-08-14T14:26:35: [component_container_isolated-1] [INFO] [1786685195.739659604] [local_costmap.local_costmap]: Timed out waiting for transform from base_link to odom to become available, tf error: Invalid frame ID "odom" passed to canTransform argument target_frame - frame does not exist
2026-08-14T14:26:36: [component_container_isolated-1] [INFO] [1786685196.239624845] [local_costmap.local_costmap]: Timed out waiting for transform from base_link to odom to become available, tf error: Invalid frame ID "odom" passed to canTransform argument target_frame - frame does not exist
2026-08-14T14:26:36: [component_container_isolated-1] [INFO] [1786685196.739617123] [local_costmap.local_costmap]: Timed out waiting for transform from base_link to odom to become available, tf error: Invalid frame ID "odom" passed to canTransform argument target_frame - frame does not exist
2026-08-14T14:26:37: [component_container_isolated-1] [INFO] [1786685197.239681714] [local_costmap.local_costmap]: Timed out waiting for transform from base_link to odom to become available, tf error: Invalid frame ID "odom" passed to canTransform argument target_frame - frame does not exist
2026-08-14T14:26:37: [component_container_isolated-1] [INFO] [1786685197.739653529] [local_costmap.local_costmap]: Timed out waiting for transform from base_link to odom to become available, tf error: Invalid frame ID "odom" passed to canTransform argument target_frame - frame does not exist
2026-08-14T14:26:38: [component_container_isolated-1] [INFO] [1786685198.239629028] [local_costmap.local_costmap]: Timed out waiting for transform from base_link to odom to become available, tf error: Invalid frame ID "odom" passed to canTransform argument target_frame - frame does not exist
2026-08-14T14:26:38: [component_container_isolated-1] [INFO] [1786685198.739608583] [local_costmap.local_costmap]: Timed out waiting for transform from base_link to odom to become available, tf error: Invalid frame ID "odom" passed to canTransform argument target_frame - frame does not exist
2026-08-14T14:26:39: [component_container_isolated-1] [INFO] [1786685199.239613601] [local_costmap.local_costmap]: Timed out waiting for transform from base_link to odom to become available, tf error: Invalid frame ID "odom" passed to canTransform argument target_frame - frame does not exist
2026-08-14T14:26:39: [component_container_isolated-1] [INFO] [1786685199.739623193] [local_costmap.local_costmap]: Timed out waiting for transform from base_link to odom to become available, tf error: Invalid frame ID "odom" passed to canTransform argument target_frame - frame does not exist
2026-08-14T14:26:40: [component_container_isolated-1] [INFO] [1786685200.239665765] [local_costmap.local_costmap]: Timed out waiting for transform from base_link to odom to become available, tf error: Invalid frame ID "odom" passed to canTransform argument target_frame - frame does not exist
2026-08-14T14:26:40: [component_container_isolated-1] [INFO] [1786685200.739612506] [local_costmap.local_costmap]: Timed out waiting for transform from base_link to odom to become available, tf error: Invalid frame ID "odom" passed to canTransform argument target_frame - frame does not exist
2026-08-14T14:26:41: [component_container_isolated-1] [INFO] [1786685201.239627949] [local_costmap.local_costmap]: Timed out waiting for transform from base_link to odom to become available, tf error: Invalid frame ID "odom" passed to canTransform argument target_frame - frame does not exist
2026-08-14T14:26:41: [component_container_isolated-1] [INFO] [1786685201.739613485] [local_costmap.local_costmap]: Timed out waiting for transform from base_link to odom to become available, tf error: Invalid frame ID "odom" passed to canTransform argument target_frame - frame does not exist
2026-08-14T14:26:42: [component_container_isolated-1] [INFO] [1786685202.239613187] [local_costmap.local_costmap]: Timed out waiting for transform from base_link to odom to become available, tf error: Invalid frame ID "odom" passed to canTransform argument target_frame - frame does not exist
2026-08-14T14:26:42: [component_container_isolated-1] [INFO] [1786685202.739615890] [local_costmap.local_costmap]: Timed out waiting for transform from base_link to odom to become available, tf error: Invalid frame ID "odom" passed to canTransform argument target_frame - frame does not exist
2026-08-14T14:26:43: [component_container_isolated-1] [INFO] [1786685203.239722164] [local_costmap.local_costmap]: Timed out waiting for transform from base_link to odom to become available, tf error: Invalid frame ID "odom" passed to canTransform argument target_frame - frame does not exist
2026-08-14T14:26:43: [component_container_isolated-1] [INFO] [1786685203.739619590] [local_costmap.local_costmap]: Timed out waiting for transform from base_link to odom to become available, tf error: Invalid frame ID "odom" passed to canTransform argument target_frame - frame does not exist
2026-08-14T14:26:44: [component_container_isolated-1] [INFO] [1786685204.239606033] [local_costmap.local_costmap]: Timed out waiting for transform from base_link to odom to become available, tf error: Invalid frame ID "odom" passed to canTransform argument target_frame - frame does not exist
2026-08-14T14:26:44: [component_container_isolated-1] [INFO] [1786685204.739650864] [local_costmap.local_costmap]: Timed out waiting for transform from base_link to odom to become available, tf error: Invalid frame ID "odom" passed to canTransform argument target_frame - frame does not exist
2026-08-14T14:26:45: [component_container_isolated-1] [INFO] [1786685205.239667251] [local_costmap.local_costmap]: Timed out waiting for transform from base_link to odom to become available, tf error: Invalid frame ID "odom" passed to canTransform argument target_frame - frame does not exist
2026-08-14T14:26:45: [component_container_isolated-1] [INFO] [1786685205.739614121] [local_costmap.local_costmap]: Timed out waiting for transform from base_link to odom to become available, tf error: Invalid frame ID "odom" passed to canTransform argument target_frame - frame does not exist
2026-08-14T14:26:46: [component_container_isolated-1] [INFO] [1786685206.239615804] [local_costmap.local_costmap]: Timed out waiting for transform from base_link to odom to become available, tf error: Invalid frame ID "odom" passed to canTransform argument target_frame - frame does not exist
2026-08-14T14:26:46: [component_container_isolated-1] [INFO] [1786685206.739653394] [local_costmap.local_costmap]: Timed out waiting for transform from base_link to odom to become available, tf error: Invalid frame ID "odom" passed to canTransform argument target_frame - frame does not exist
2026-08-14T14:26:47: [component_container_isolated-1] [INFO] [1786685207.239624763] [local_costmap.local_costmap]: Timed out waiting for transform from base_link to odom to become available, tf error: Invalid frame ID "odom" passed to canTransform argument target_frame - frame does not exist
2026-08-14T14:26:47: [component_container_isolated-1] [INFO] [1786685207.739625075] [local_costmap.local_costmap]: Timed out waiting for transform from base_link to odom to become available, tf error: Invalid frame ID "odom" passed to canTransform argument target_frame - frame does not exist
2026-08-14T14:26:48: [component_container_isolated-1] [INFO] [1786685208.239618184] [local_costmap.local_costmap]: Timed out waiting for transform from base_link to odom to become available, tf error: Invalid frame ID "odom" passed to canTransform argument target_frame - frame does not exist
2026-08-14T14:26:48: [component_container_isolated-1] [INFO] [1786685208.739608904] [local_costmap.local_costmap]: Timed out waiting for transform from base_link to odom to become available, tf error: Invalid frame ID "odom" passed to canTransform argument target_frame - frame does not exist
2026-08-14T14:26:49: [component_container_isolated-1] [INFO] [1786685209.239625846] [local_costmap.local_costmap]: Timed out waiting for transform from base_link to odom to become available, tf error: Invalid frame ID "odom" passed to canTransform argument target_frame - frame does not exist
2026-08-14T14:26:49: [component_container_isolated-1] [INFO] [1786685209.739616066] [local_costmap.local_costmap]: Timed out waiting for transform from base_link to odom to become available, tf error: Invalid frame ID "odom" passed to canTransform argument target_frame - frame does not exist
2026-08-14T14:26:50: [component_container_isolated-1] [INFO] [1786685210.239595138] [local_costmap.local_costmap]: Timed out waiting for transform from base_link to odom to become available, tf error: Invalid frame ID "odom" passed to canTransform argument target_frame - frame does not exist
2026-08-14T14:26:50: [component_container_isolated-1] [INFO] [1786685210.739696652] [local_costmap.local_costmap]: Timed out waiting for transform from base_link to odom to become available, tf error: Invalid frame ID "odom" passed to canTransform argument target_frame - frame does not exist
2026-08-14T14:26:51: [component_container_isolated-1] [INFO] [1786685211.239621836] [local_costmap.local_costmap]: Timed out waiting for transform from base_link to odom to become available, tf error: Invalid frame ID "odom" passed to canTransform argument target_frame - frame does not exist
2026-08-14T14:26:51: [component_container_isolated-1] [INFO] [1786685211.739629370] [local_costmap.local_costmap]: Timed out waiting for transform from base_link to odom to become available, tf error: Invalid frame ID "odom" passed to canTransform argument target_frame - frame does not exist
2026-08-14T14:26:52: [component_container_isolated-1] [INFO] [1786685212.239621849] [local_costmap.local_costmap]: Timed out waiting for transform from base_link to odom to become available, tf error: Invalid frame ID "odom" passed to canTransform argument target_frame - frame does not exist
2026-08-14T14:26:52: [component_container_isolated-1] [INFO] [1786685212.739609957] [local_costmap.local_costmap]: Timed out waiting for transform from base_link to odom to become available, tf error: Invalid frame ID "odom" passed to canTransform argument target_frame - frame does not exist
2026-08-14T14:26:53: [component_container_isolated-1] [INFO] [1786685213.239604806] [local_costmap.local_costmap]: Timed out waiting for transform from base_link to odom to become available, tf error: Invalid frame ID "odom" passed to canTransform argument target_frame - frame does not exist
2026-08-14T14:26:53: [component_container_isolated-1] [INFO] [1786685213.739625988] [local_costmap.local_costmap]: Timed out waiting for transform from base_link to odom to become available, tf error: Invalid frame ID "odom" passed to canTransform argument target_frame - frame does not exist
2026-08-14T14:26:54: [component_container_isolated-1] [INFO] [1786685214.239612948] [local_costmap.local_costmap]: Timed out waiting for transform from base_link to odom to become available, tf error: Invalid frame ID "odom" passed to canTransform argument target_frame - frame does not exist
2026-08-14T14:26:54: [component_container_isolated-1] [INFO] [1786685214.739642648] [local_costmap.local_costmap]: Timed out waiting for transform from base_link to odom to become available, tf error: Invalid frame ID "odom" passed to canTransform argument target_frame - frame does not exist
2026-08-14T14:26:55: [component_container_isolated-1] [INFO] [1786685215.239620867] [local_costmap.local_costmap]: Timed out waiting for transform from base_link to odom to become available, tf error: Invalid frame ID "odom" passed to canTransform argument target_frame - frame does not exist
2026-08-14T14:26:55: [component_container_isolated-1] [INFO] [1786685215.739661548] [local_costmap.local_costmap]: Timed out waiting for transform from base_link to odom to become available, tf error: Invalid frame ID "odom" passed to canTransform argument target_frame - frame does not exist
2026-08-14T14:26:56: [component_container_isolated-1] [INFO] [1786685216.239650248] [local_costmap.local_costmap]: Timed out waiting for transform from base_link to odom to become available, tf error: Invalid frame ID "odom" passed to canTransform argument target_frame - frame does not exist
2026-08-14T14:26:56: [component_container_isolated-1] [INFO] [1786685216.739615375] [local_costmap.local_costmap]: Timed out waiting for transform from base_link to odom to become available, tf error: Invalid frame ID "odom" passed to canTransform argument target_frame - frame does not exist
2026-08-14T14:26:57: [component_container_isolated-1] [INFO] [1786685217.239648445] [local_costmap.local_costmap]: Timed out waiting for transform from base_link to odom to become available, tf error: Invalid frame ID "odom" passed to canTransform argument target_frame - frame does not exist
2026-08-14T14:26:57: [component_container_isolated-1] [INFO] [1786685217.739608071] [local_costmap.local_costmap]: Timed out waiting for transform from base_link to odom to become available, tf error: Invalid frame ID "odom" passed to canTransform argument target_frame - frame does not exist
2026-08-14T14:26:58: [component_container_isolated-1] [INFO] [1786685218.239613845] [local_costmap.local_costmap]: Timed out waiting for transform from base_link to odom to become available, tf error: Invalid frame ID "odom" passed to canTransform argument target_frame - frame does not exist
2026-08-14T14:26:58: [component_container_isolated-1] [INFO] [1786685218.739606416] [local_costmap.local_costmap]: Timed out waiting for transform from base_link to odom to become available, tf error: Invalid frame ID "odom" passed to canTransform argument target_frame - frame does not exist
2026-08-14T14:26:59: [component_container_isolated-1] [INFO] [1786685219.239630282] [local_costmap.local_costmap]: Timed out waiting for transform from base_link to odom to become available, tf error: Invalid frame ID "odom" passed to canTransform argument target_frame - frame does not exist
2026-08-14T14:26:59: [component_container_isolated-1] [INFO] [1786685219.739607963] [local_costmap.local_costmap]: Timed out waiting for transform from base_link to odom to become available, tf error: Invalid frame ID "odom" passed to canTransform argument target_frame - frame does not exist
2026-08-14T14:27:00: [component_container_isolated-1] [INFO] [1786685220.239607626] [local_costmap.local_costmap]: Timed out waiting for transform from base_link to odom to become available, tf error: Invalid frame ID "odom" passed to canTransform argument target_frame - frame does not exist
2026-08-14T14:27:00: [component_container_isolated-1] [INFO] [1786685220.739633288] [local_costmap.local_costmap]: Timed out waiting for transform from base_link to odom to become available, tf error: Invalid frame ID "odom" passed to canTransform argument target_frame - frame does not exist
2026-08-14T14:27:01: [component_container_isolated-1] [INFO] [1786685221.240738526] [local_costmap.local_costmap]: Timed out waiting for transform from base_link to odom to become available, tf error: Invalid frame ID "odom" passed to canTransform argument target_frame - frame does not exist
2026-08-14T14:27:01: [component_container_isolated-1] [INFO] [1786685221.739623557] [local_costmap.local_costmap]: Timed out waiting for transform from base_link to odom to become available, tf error: Invalid frame ID "odom" passed to canTransform argument target_frame - frame does not exist
2026-08-14T14:27:02: [component_container_isolated-1] [INFO] [1786685222.239613109] [local_costmap.local_costmap]: Timed out waiting for transform from base_link to odom to become available, tf error: Invalid frame ID "odom" passed to canTransform argument target_frame - frame does not exist
2026-08-14T14:27:02: [component_container_isolated-1] [INFO] [1786685222.739627715] [local_costmap.local_costmap]: Timed out waiting for transform from base_link to odom to become available, tf error: Invalid frame ID "odom" passed to canTransform argument target_frame - frame does not exist
2026-08-14T14:27:02: [component_container_isolated-1] [INFO] [1786685222.841334874] [amcl]: createLaserObject
2026-08-14T14:27:02: [component_container_isolated-1] [WARN] [1786685222.960282588] [amcl]: AMCL cannot publish a pose or update the transform. Please set the initial pose...
2026-08-14T14:27:03: [component_container_isolated-1] [INFO] [1786685223.239945354] [local_costmap.local_costmap]: start
2026-08-14T14:27:03: [component_container_isolated-1] [INFO] [1786685223.308455603] [controller_server]: Creating bond (controller_server) to lifecycle manager.
2026-08-14T14:27:03: [component_container_isolated-1] [INFO] [1786685223.314864026] [amcl]: Message Filter dropping message: frame 'base_scan' at time 1786685222.313 for reason 'the timestamp on the message is earlier than all the data in the transform cache'
2026-08-14T14:27:03: [component_container_isolated-1] [INFO] [1786685223.734102455] [lifecycle_manager_navigation]: Server controller_server connected with bond.
2026-08-14T14:27:03: [component_container_isolated-1] [INFO] [1786685223.734664854] [lifecycle_manager_navigation]: [34m[1mActivating smoother_server[0m[0m
2026-08-14T14:27:03: [component_container_isolated-1] [INFO] [1786685223.743857920] [smoother_server]: Activating
2026-08-14T14:27:03: [component_container_isolated-1] [INFO] [1786685223.744073157] [smoother_server]: Creating bond (smoother_server) to lifecycle manager.
2026-08-14T14:27:03: [component_container_isolated-1] [INFO] [1786685223.879133371] [lifecycle_manager_navigation]: Server smoother_server connected with bond.
2026-08-14T14:27:03: [component_container_isolated-1] [INFO] [1786685223.879304665] [lifecycle_manager_navigation]: [34m[1mActivating planner_server[0m[0m
2026-08-14T14:27:03: [component_container_isolated-1] [INFO] [1786685223.881466762] [planner_server]: Activating
2026-08-14T14:27:03: [component_container_isolated-1] [INFO] [1786685223.881683685] [global_costmap.global_costmap]: Activating
2026-08-14T14:27:03: [component_container_isolated-1] [INFO] [1786685223.882834390] [global_costmap.global_costmap]: Checking transform
2026-08-14T14:27:03: [component_container_isolated-1] [INFO] [1786685223.882925166] [global_costmap.global_costmap]: Timed out waiting for transform from base_link to map to become available, tf error: Invalid frame ID "map" passed to canTransform argument target_frame - frame does not exist
2026-08-14T14:27:04: [component_container_isolated-1] [INFO] [1786685224.383032104] [global_costmap.global_costmap]: Timed out waiting for transform from base_link to map to become available, tf error: Invalid frame ID "map" passed to canTransform argument target_frame - frame does not exist
2026-08-14T14:27:04: [component_container_isolated-1] [INFO] [1786685224.883028173] [global_costmap.global_costmap]: Timed out waiting for transform from base_link to map to become available, tf error: Invalid frame ID "map" passed to canTransform argument target_frame - frame does not exist
2026-08-14T14:27:05: [component_container_isolated-1] [WARN] [1786685225.020256058] [amcl]: AMCL cannot publish a pose or update the transform. Please set the initial pose...
2026-08-14T14:27:05: [component_container_isolated-1] [INFO] [1786685225.384583793] [global_costmap.global_costmap]: Timed out waiting for transform from base_link to map to become available, tf error: Invalid frame ID "map" passed to canTransform argument target_frame - frame does not exist
2026-08-14T14:27:05: [component_container_isolated-1] [INFO] [1786685225.883104070] [global_costmap.global_costmap]: Timed out waiting for transform from base_link to map to become available, tf error: Invalid frame ID "map" passed to canTransform argument target_frame - frame does not exist
2026-08-14T14:27:06: [component_container_isolated-1] [INFO] [1786685226.383033307] [global_costmap.global_costmap]: Timed out waiting for transform from base_link to map to become available, tf error: Invalid frame ID "map" passed to canTransform argument target_frame - frame does not exist
2026-08-14T14:27:06: [component_container_isolated-1] [INFO] [1786685226.883060153] [global_costmap.global_costmap]: Timed out waiting for transform from base_link to map to become available, tf error: Invalid frame ID "map" passed to canTransform argument target_frame - frame does not exist
2026-08-14T14:27:07: [component_container_isolated-1] [WARN] [1786685227.022575466] [amcl]: AMCL cannot publish a pose or update the transform. Please set the initial pose...
2026-08-14T14:27:07: [component_container_isolated-1] [INFO] [1786685227.383058666] [global_costmap.global_costmap]: Timed out waiting for transform from base_link to map to become available, tf error: Invalid frame ID "map" passed to canTransform argument target_frame - frame does not exist
2026-08-14T14:27:07: [component_container_isolated-1] [INFO] [1786685227.883108290] [global_costmap.global_costmap]: Timed out waiting for transform from base_link to map to become available, tf error: Invalid frame ID "map" passed to canTransform argument target_frame - frame does not exist
2026-08-14T14:27:08: [component_container_isolated-1] [INFO] [1786685228.385396380] [global_costmap.global_costmap]: Timed out waiting for transform from base_link to map to become available, tf error: Invalid frame ID "map" passed to canTransform argument target_frame - frame does not exist
2026-08-14T14:27:08: [component_container_isolated-1] [INFO] [1786685228.883075205] [global_costmap.global_costmap]: Timed out waiting for transform from base_link to map to become available, tf error: Invalid frame ID "map" passed to canTransform argument target_frame - frame does not exist
2026-08-14T14:27:09: [component_container_isolated-1] [WARN] [1786685229.024624470] [amcl]: AMCL cannot publish a pose or update the transform. Please set the initial pose...
2026-08-14T14:27:09: [component_container_isolated-1] [INFO] [1786685229.383138829] [global_costmap.global_costmap]: Timed out waiting for transform from base_link to map to become available, tf error: Invalid frame ID "map" passed to canTransform argument target_frame - frame does not exist
2026-08-14T14:27:09: [component_container_isolated-1] [INFO] [1786685229.883022677] [global_costmap.global_costmap]: Timed out waiting for transform from base_link to map to become available, tf error: Invalid frame ID "map" passed to canTransform argument target_frame - frame does not exist
2026-08-14T14:27:10: [component_container_isolated-1] [INFO] [1786685230.383033152] [global_costmap.global_costmap]: Timed out waiting for transform from base_link to map to become available, tf error: Invalid frame ID "map" passed to canTransform argument target_frame - frame does not exist
2026-08-14T14:27:10: [component_container_isolated-1] [INFO] [1786685230.883040702] [global_costmap.global_costmap]: Timed out waiting for transform from base_link to map to become available, tf error: Invalid frame ID "map" passed to canTransform argument target_frame - frame does not exist
2026-08-14T14:27:11: [component_container_isolated-1] [WARN] [1786685231.024974423] [amcl]: AMCL cannot publish a pose or update the transform. Please set the initial pose...
2026-08-14T14:27:11: [component_container_isolated-1] [INFO] [1786685231.383033733] [global_costmap.global_costmap]: Timed out waiting for transform from base_link to map to become available, tf error: Invalid frame ID "map" passed to canTransform argument target_frame - frame does not exist
2026-08-14T14:27:11: [component_container_isolated-1] [INFO] [1786685231.883025209] [global_costmap.global_costmap]: Timed out waiting for transform from base_link to map to become available, tf error: Invalid frame ID "map" passed to canTransform argument target_frame - frame does not exist
2026-08-14T14:27:12: [component_container_isolated-1] [INFO] [1786685232.383024388] [global_costmap.global_costmap]: Timed out waiting for transform from base_link to map to become available, tf error: Invalid frame ID "map" passed to canTransform argument target_frame - frame does not exist
2026-08-14T14:27:12: [component_container_isolated-1] [INFO] [1786685232.883035993] [global_costmap.global_costmap]: Timed out waiting for transform from base_link to map to become available, tf error: Invalid frame ID "map" passed to canTransform argument target_frame - frame does not exist
2026-08-14T14:27:13: [component_container_isolated-1] [WARN] [1786685233.033007890] [amcl]: AMCL cannot publish a pose or update the transform. Please set the initial pose...
2026-08-14T14:27:13: [component_container_isolated-1] [INFO] [1786685233.383786772] [global_costmap.global_costmap]: Timed out waiting for transform from base_link to map to become available, tf error: Invalid frame ID "map" passed to canTransform argument target_frame - frame does not exist
2026-08-14T14:27:13: [component_container_isolated-1] [INFO] [1786685233.884179223] [global_costmap.global_costmap]: Timed out waiting for transform from base_link to map to become available, tf error: Invalid frame ID "map" passed to canTransform argument target_frame - frame does not exist
2026-08-14T14:27:13: [component_container_isolated-1] [INFO] [1786685233.970784312] [local_costmap.local_costmap]: Message Filter dropping message: frame 'base_scan' at time 1786685233.669 for reason 'the timestamp on the message is earlier than all the data in the transform cache'
2026-08-14T14:27:14: [component_container_isolated-1] [INFO] [1786685234.385751508] [global_costmap.global_costmap]: Timed out waiting for transform from base_link to map to become available, tf error: Invalid frame ID "map" passed to canTransform argument target_frame - frame does not exist
2026-08-14T14:27:14: [component_container_isolated-1] [INFO] [1786685234.883049283] [global_costmap.global_costmap]: Timed out waiting for transform from base_link to map to become available, tf error: Invalid frame ID "map" passed to canTransform argument target_frame - frame does not exist
2026-08-14T14:27:15: [component_container_isolated-1] [WARN] [1786685235.069024824] [amcl]: AMCL cannot publish a pose or update the transform. Please set the initial pose...
2026-08-14T14:27:15: [component_container_isolated-1] [INFO] [1786685235.383890208] [global_costmap.global_costmap]: Timed out waiting for transform from base_link to map to become available, tf error: Invalid frame ID "map" passed to canTransform argument target_frame - frame does not exist
2026-08-14T14:27:15: [component_container_isolated-1] [INFO] [1786685235.883032567] [global_costmap.global_costmap]: Timed out waiting for transform from base_link to map to become available, tf error: Invalid frame ID "map" passed to canTransform argument target_frame - frame does not exist
2026-08-14T14:27:16: [component_container_isolated-1] [INFO] [1786685236.383031949] [global_costmap.global_costmap]: Timed out waiting for transform from base_link to map to become available, tf error: Invalid frame ID "map" passed to canTransform argument target_frame - frame does not exist
2026-08-14T14:27:16: [component_container_isolated-1] [INFO] [1786685236.883032239] [global_costmap.global_costmap]: Timed out waiting for transform from base_link to map to become available, tf error: Invalid frame ID "map" passed to canTransform argument target_frame - frame does not exist
2026-08-14T14:27:17: [component_container_isolated-1] [WARN] [1786685237.121475029] [amcl]: AMCL cannot publish a pose or update the transform. Please set the initial pose...
2026-08-14T14:27:17: [component_container_isolated-1] [INFO] [1786685237.383026121] [global_costmap.global_costmap]: Timed out waiting for transform from base_link to map to become available, tf error: Invalid frame ID "map" passed to canTransform argument target_frame - frame does not exist
2026-08-14T14:27:17: [component_container_isolated-1] [INFO] [1786685237.883027207] [global_costmap.global_costmap]: Timed out waiting for transform from base_link to map to become available, tf error: Invalid frame ID "map" passed to canTransform argument target_frame - frame does not exist
2026-08-14T14:27:18: [component_container_isolated-1] [INFO] [1786685238.383101125] [global_costmap.global_costmap]: Timed out waiting for transform from base_link to map to become available, tf error: Invalid frame ID "map" passed to canTransform argument target_frame - frame does not exist
2026-08-14T14:27:18: [component_container_isolated-1] [INFO] [1786685238.883047748] [global_costmap.global_costmap]: Timed out waiting for transform from base_link to map to become available, tf error: Invalid frame ID "map" passed to canTransform argument target_frame - frame does not exist
2026-08-14T14:27:19: [component_container_isolated-1] [WARN] [1786685239.175037697] [amcl]: AMCL cannot publish a pose or update the transform. Please set the initial pose...
2026-08-14T14:27:19: [component_container_isolated-1] [INFO] [1786685239.383067093] [global_costmap.global_costmap]: Timed out waiting for transform from base_link to map to become available, tf error: Invalid frame ID "map" passed to canTransform argument target_frame - frame does not exist
2026-08-14T14:27:19: [component_container_isolated-1] [INFO] [1786685239.883042067] [global_costmap.global_costmap]: Timed out waiting for transform from base_link to map to become available, tf error: Invalid frame ID "map" passed to canTransform argument target_frame - frame does not exist
2026-08-14T14:27:20: [component_container_isolated-1] [INFO] [1786685240.383043838] [global_costmap.global_costmap]: Timed out waiting for transform from base_link to map to become available, tf error: Invalid frame ID "map" passed to canTransform argument target_frame - frame does not exist
2026-08-14T14:27:20: [component_container_isolated-1] [INFO] [1786685240.883191421] [global_costmap.global_costmap]: Timed out waiting for transform from base_link to map to become available, tf error: Invalid frame ID "map" passed to canTransform argument target_frame - frame does not exist
2026-08-14T14:27:21: [component_container_isolated-1] [WARN] [1786685241.175422033] [amcl]: AMCL cannot publish a pose or update the transform. Please set the initial pose...
2026-08-14T14:27:21: [component_container_isolated-1] [INFO] [1786685241.383025972] [global_costmap.global_costmap]: Timed out waiting for transform from base_link to map to become available, tf error: Invalid frame ID "map" passed to canTransform argument target_frame - frame does not exist
2026-08-14T14:27:21: [component_container_isolated-1] [INFO] [1786685241.883030557] [global_costmap.global_costmap]: Timed out waiting for transform from base_link to map to become available, tf error: Invalid frame ID "map" passed to canTransform argument target_frame - frame does not exist
2026-08-14T14:27:22: [component_container_isolated-1] [INFO] [1786685242.383052049] [global_costmap.global_costmap]: Timed out waiting for transform from base_link to map to become available, tf error: Invalid frame ID "map" passed to canTransform argument target_frame - frame does not exist
2026-08-14T14:27:22: [component_container_isolated-1] [INFO] [1786685242.883017764] [global_costmap.global_costmap]: Timed out waiting for transform from base_link to map to become available, tf error: Invalid frame ID "map" passed to canTransform argument target_frame - frame does not exist
2026-08-14T14:27:23: [component_container_isolated-1] [WARN] [1786685243.279249889] [amcl]: AMCL cannot publish a pose or update the transform. Please set the initial pose...
2026-08-14T14:27:23: [component_container_isolated-1] [INFO] [1786685243.383054886] [global_costmap.global_costmap]: Timed out waiting for transform from base_link to map to become available, tf error: Invalid frame ID "map" passed to canTransform argument target_frame - frame does not exist
2026-08-14T14:27:23: [component_container_isolated-1] [INFO] [1786685243.883061415] [global_costmap.global_costmap]: Timed out waiting for transform from base_link to map to become available, tf error: Invalid frame ID "map" passed to canTransform argument target_frame - frame does not exist
2026-08-14T14:27:24: [component_container_isolated-1] [INFO] [1786685244.383047759] [global_costmap.global_costmap]: Timed out waiting for transform from base_link to map to become available, tf error: Invalid frame ID "map" passed to canTransform argument target_frame - frame does not exist
2026-08-14T14:27:24: [component_container_isolated-1] [INFO] [1786685244.883033456] [global_costmap.global_costmap]: Timed out waiting for transform from base_link to map to become available, tf error: Invalid frame ID "map" passed to canTransform argument target_frame - frame does not exist
2026-08-14T14:27:25: [component_container_isolated-1] [WARN] [1786685245.285828555] [amcl]: AMCL cannot publish a pose or update the transform. Please set the initial pose...
2026-08-14T14:27:25: [component_container_isolated-1] [INFO] [1786685245.383035374] [global_costmap.global_costmap]: Timed out waiting for transform from base_link to map to become available, tf error: Invalid frame ID "map" passed to canTransform argument target_frame - frame does not exist
2026-08-14T14:27:25: [component_container_isolated-1] [INFO] [1786685245.883111957] [global_costmap.global_costmap]: Timed out waiting for transform from base_link to map to become available, tf error: Invalid frame ID "map" passed to canTransform argument target_frame - frame does not exist
2026-08-14T14:27:26: [component_container_isolated-1] [INFO] [1786685246.383052561] [global_costmap.global_costmap]: Timed out waiting for transform from base_link to map to become available, tf error: Invalid frame ID "map" passed to canTransform argument target_frame - frame does not exist
2026-08-14T14:27:26: [component_container_isolated-1] [INFO] [1786685246.883455399] [global_costmap.global_costmap]: Timed out waiting for transform from base_link to map to become available, tf error: Invalid frame ID "map" passed to canTransform argument target_frame - frame does not exist
2026-08-14T14:27:27: [component_container_isolated-1] [WARN] [1786685247.372622683] [amcl]: AMCL cannot publish a pose or update the transform. Please set the initial pose...
2026-08-14T14:27:27: [component_container_isolated-1] [INFO] [1786685247.383051248] [global_costmap.global_costmap]: Timed out waiting for transform from base_link to map to become available, tf error: Invalid frame ID "map" passed to canTransform argument target_frame - frame does not exist
2026-08-14T14:27:27: [component_container_isolated-1] [INFO] [1786685247.883033963] [global_costmap.global_costmap]: Timed out waiting for transform from base_link to map to become available, tf error: Invalid frame ID "map" passed to canTransform argument target_frame - frame does not exist
2026-08-14T14:27:28: [component_container_isolated-1] [INFO] [1786685248.383446485] [global_costmap.global_costmap]: Timed out waiting for transform from base_link to map to become available, tf error: Invalid frame ID "map" passed to canTransform argument target_frame - frame does not exist
2026-08-14T14:27:28: [component_container_isolated-1] [INFO] [1786685248.890483241] [global_costmap.global_costmap]: Timed out waiting for transform from base_link to map to become available, tf error: Invalid frame ID "map" passed to canTransform argument target_frame - frame does not exist
2026-08-14T14:27:29: [component_container_isolated-1] [INFO] [1786685249.383032011] [global_costmap.global_costmap]: Timed out waiting for transform from base_link to map to become available, tf error: Invalid frame ID "map" passed to canTransform argument target_frame - frame does not exist
2026-08-14T14:27:29: [component_container_isolated-1] [WARN] [1786685249.475971857] [amcl]: AMCL cannot publish a pose or update the transform. Please set the initial pose...
2026-08-14T14:27:29: [component_container_isolated-1] [INFO] [1786685249.883073113] [global_costmap.global_costmap]: Timed out waiting for transform from base_link to map to become available, tf error: Invalid frame ID "map" passed to canTransform argument target_frame - frame does not exist
2026-08-14T14:27:30: [component_container_isolated-1] [INFO] [1786685250.383458599] [global_costmap.global_costmap]: Timed out waiting for transform from base_link to map to become available, tf error: Invalid frame ID "map" passed to canTransform argument target_frame - frame does not exist
2026-08-14T14:27:30: [component_container_isolated-1] [INFO] [1786685250.883045745] [global_costmap.global_costmap]: Timed out waiting for transform from base_link to map to become available, tf error: Invalid frame ID "map" passed to canTransform argument target_frame - frame does not exist
2026-08-14T14:27:31: [component_container_isolated-1] [INFO] [1786685251.383057143] [global_costmap.global_costmap]: Timed out waiting for transform from base_link to map to become available, tf error: Invalid frame ID "map" passed to canTransform argument target_frame - frame does not exist
2026-08-14T14:27:31: [component_container_isolated-1] [WARN] [1786685251.521953298] [amcl]: AMCL cannot publish a pose or update the transform. Please set the initial pose...
2026-08-14T14:27:31: [component_container_isolated-1] [INFO] [1786685251.883036005] [global_costmap.global_costmap]: Timed out waiting for transform from base_link to map to become available, tf error: Invalid frame ID "map" passed to canTransform argument target_frame - frame does not exist
2026-08-14T14:27:32: [component_container_isolated-1] [INFO] [1786685252.383075070] [global_costmap.global_costmap]: Timed out waiting for transform from base_link to map to become available, tf error: Invalid frame ID "map" passed to canTransform argument target_frame - frame does not exist
2026-08-14T14:27:32: [component_container_isolated-1] [WARN] [1786685252.560726679] [rcl_lifecycle]: No transition matching 3 found for current state active
2026-08-14T14:27:32: [component_container_isolated-1] [WARN] [1786685252.560833863] [rcl_lifecycle]: No transition matching 3 found for current state active
2026-08-14T14:27:32: [component_container_isolated-1] [ERROR] [1786685252.560886455] [controller_server]: Unable to start transition 3 from current state active: Transition is not registered., at ./src/rcl_lifecycle.c:355
2026-08-14T14:27:32: [component_container_isolated-1] [INFO] [1786685252.883156911] [global_costmap.global_costmap]: Timed out waiting for transform from base_link to map to become available, tf error: Invalid frame ID "map" passed to canTransform argument target_frame - frame does not exist
2026-08-14T14:27:33: [component_container_isolated-1] [INFO] [1786685253.383056737] [global_costmap.global_costmap]: Timed out waiting for transform from base_link to map to become available, tf error: Invalid frame ID "map" passed to canTransform argument target_frame - frame does not exist
2026-08-14T14:27:33: [component_container_isolated-1] [WARN] [1786685253.534061525] [amcl]: AMCL cannot publish a pose or update the transform. Please set the initial pose...
2026-08-14T14:27:33: [component_container_isolated-1] [INFO] [1786685253.883098727] [global_costmap.global_costmap]: Timed out waiting for transform from base_link to map to become available, tf error: Invalid frame ID "map" passed to canTransform argument target_frame - frame does not exist
2026-08-14T14:27:34: [component_container_isolated-1] [INFO] [1786685254.383051182] [global_costmap.global_costmap]: Timed out waiting for transform from base_link to map to become available, tf error: Invalid frame ID "map" passed to canTransform argument target_frame - frame does not exist
2026-08-14T14:27:34: [component_container_isolated-1] [INFO] [1786685254.883053246] [global_costmap.global_costmap]: Timed out waiting for transform from base_link to map to become available, tf error: Invalid frame ID "map" passed to canTransform argument target_frame - frame does not exist
2026-08-14T14:27:35: [component_container_isolated-1] [INFO] [1786685255.383496397] [global_costmap.global_costmap]: Timed out waiting for transform from base_link to map to become available, tf error: Invalid frame ID "map" passed to canTransform argument target_frame - frame does not exist
2026-08-14T14:27:35: [component_container_isolated-1] [WARN] [1786685255.630619630] [amcl]: AMCL cannot publish a pose or update the transform. Please set the initial pose...
2026-08-14T14:27:35: [component_container_isolated-1] [INFO] [1786685255.883106671] [global_costmap.global_costmap]: Timed out waiting for transform from base_link to map to become available, tf error: Invalid frame ID "map" passed to canTransform argument target_frame - frame does not exist
2026-08-14T14:27:36: [component_container_isolated-1] [INFO] [1786685256.345204083] [amcl]: initialPoseReceived
2026-08-14T14:27:36: [component_container_isolated-1] [WARN] [1786685256.345719149] [amcl]: Failed to transform initial pose in time (Lookup would require extrapolation into the future.  Requested time 1786685256.345490 but the latest data is at time 1786685256.315103, when looking up transform from frame [base_footprint] to frame [odom])
2026-08-14T14:27:36: [component_container_isolated-1] [INFO] [1786685256.345866573] [amcl]: Setting pose (1786685256.345863): -2.639 1.999 0.007
2026-08-14T14:27:36: [component_container_isolated-1] [INFO] [1786685256.386893901] [global_costmap.global_costmap]: Timed out waiting for transform from base_link to map to become available, tf error: Invalid frame ID "map" passed to canTransform argument target_frame - frame does not exist
2026-08-14T14:27:36: [component_container_isolated-1] [INFO] [1786685256.883087023] [global_costmap.global_costmap]: Timed out waiting for transform from base_link to map to become available, tf error: Lookup would require extrapolation into the past.  Requested time 1786685256.865076 but the earliest data is at time 1786685257.385076, when looking up transform from frame [base_link] to frame [map]
2026-08-14T14:27:37: [component_container_isolated-1] [INFO] [1786685257.383151809] [global_costmap.global_costmap]: Timed out waiting for transform from base_link to map to become available, tf error: Lookup would require extrapolation into the past.  Requested time 1786685257.365090 but the earliest data is at time 1786685257.385076, when looking up transform from frame [base_link] to frame [map]
2026-08-14T14:27:37: [component_container_isolated-1] [INFO] [1786685257.883278390] [global_costmap.global_costmap]: start
2026-08-14T14:27:38: [component_container_isolated-1] [INFO] [1786685258.898065666] [planner_server]: Activating plugin GridBased of type NavfnPlanner
2026-08-14T14:27:39: [component_container_isolated-1] [INFO] [1786685259.233845864] [planner_server]: Creating bond (planner_server) to lifecycle manager.
2026-08-14T14:27:40: [component_container_isolated-1] [INFO] [1786685260.000409072] [lifecycle_manager_navigation]: Server planner_server connected with bond.
2026-08-14T14:27:40: [component_container_isolated-1] [INFO] [1786685260.000640902] [lifecycle_manager_navigation]: [34m[1mActivating behavior_server[0m[0m
2026-08-14T14:27:40: [component_container_isolated-1] [INFO] [1786685260.001838569] [behavior_server]: Activating
2026-08-14T14:27:40: [component_container_isolated-1] [INFO] [1786685260.001990771] [behavior_server]: Activating spin
2026-08-14T14:27:40: [component_container_isolated-1] [INFO] [1786685260.002106361] [behavior_server]: Activating backup
2026-08-14T14:27:40: [component_container_isolated-1] [INFO] [1786685260.002177879] [behavior_server]: Activating drive_on_heading
2026-08-14T14:27:40: [component_container_isolated-1] [INFO] [1786685260.002236489] [behavior_server]: Activating wait
2026-08-14T14:27:40: [component_container_isolated-1] [INFO] [1786685260.002307470] [behavior_server]: Creating bond (behavior_server) to lifecycle manager.
2026-08-14T14:27:40: [component_container_isolated-1] [INFO] [1786685260.356219654] [lifecycle_manager_navigation]: Server behavior_server connected with bond.
2026-08-14T14:27:40: [component_container_isolated-1] [INFO] [1786685260.356387670] [lifecycle_manager_navigation]: [34m[1mActivating bt_navigator[0m[0m
2026-08-14T14:27:40: [component_container_isolated-1] [INFO] [1786685260.357460968] [bt_navigator]: Activating
2026-08-14T14:27:43: [component_container_isolated-1] [WARN] [1786685263.748380571] [rcl_lifecycle]: No transition matching 3 found for current state active
2026-08-14T14:27:43: [component_container_isolated-1] [WARN] [1786685263.748500292] [rcl_lifecycle]: No transition matching 3 found for current state active
2026-08-14T14:27:43: [component_container_isolated-1] [ERROR] [1786685263.748719252] [behavior_server]: Unable to start transition 3 from current state active: Transition is not registered., at ./src/rcl_lifecycle.c:355
2026-08-14T14:27:46: [component_container_isolated-1] Warning: TF_OLD_DATA ignoring data from the past for frame odom at time 1786685245.133428 according to authority Authority undetectable
2026-08-14T14:27:46: [component_container_isolated-1] Possible reasons are listed at http://wiki.ros.org/tf/Errors%20explained
2026-08-14T14:27:46: [component_container_isolated-1]          at line 294 in ./src/buffer_core.cpp
2026-08-14T14:27:46: [component_container_isolated-1] Warning: TF_OLD_DATA ignoring data from the past for frame odom at time 1786685245.133428 according to authority Authority undetectable
2026-08-14T14:27:46: [component_container_isolated-1] Possible reasons are listed at http://wiki.ros.org/tf/Errors%20explained
2026-08-14T14:27:46: [component_container_isolated-1]          at line 294 in ./src/buffer_core.cpp
2026-08-14T14:27:46: [component_container_isolated-1] Warning: TF_OLD_DATA ignoring data from the past for frame odom at time 1786685245.133428 according to authority Authority undetectable
2026-08-14T14:27:46: [component_container_isolated-1] Possible reasons are listed at http://wiki.ros.org/tf/Errors%20explained
2026-08-14T14:27:46: [component_container_isolated-1]          at line 294 in ./src/buffer_core.cpp
2026-08-14T14:27:46: [component_container_isolated-1] Warning: TF_OLD_DATA ignoring data from the past for frame odom at time 1786685245.133428 according to authority Authority undetectable
2026-08-14T14:27:46: [component_container_isolated-1] Possible reasons are listed at http://wiki.ros.org/tf/Errors%20explained
2026-08-14T14:27:46: [component_container_isolated-1]          at line 294 in ./src/buffer_core.cpp
2026-08-14T14:27:46: [component_container_isolated-1] Warning: TF_OLD_DATA ignoring data from the past for frame odom at time 1786685245.133428 according to authority Authority undetectable
2026-08-14T14:27:46: [component_container_isolated-1] Possible reasons are listed at http://wiki.ros.org/tf/Errors%20explained
2026-08-14T14:27:46: [component_container_isolated-1]          at line 294 in ./src/buffer_core.cpp
2026-08-14T14:27:46: [component_container_isolated-1] [INFO] [1786685266.770577155] [amcl]: initialPoseReceived
2026-08-14T14:27:46: [component_container_isolated-1] [WARN] [1786685266.774008214] [amcl]: Failed to transform initial pose in time (Lookup would require extrapolation into the future.  Requested time 1786685266.773876 but the latest data is at time 1786685266.765092, when looking up transform from frame [base_footprint] to frame [odom])
2026-08-14T14:27:46: [component_container_isolated-1] [INFO] [1786685266.774159008] [amcl]: Setting pose (1786685266.774155): -2.677 1.998 0.024
2026-08-14T14:27:48: [component_container_isolated-1] Warning: TF_OLD_DATA ignoring data from the past for frame odom at time 1786685245.433390 according to authority Authority undetectable
2026-08-14T14:27:48: [component_container_isolated-1] Possible reasons are listed at http://wiki.ros.org/tf/Errors%20explained
2026-08-14T14:27:48: [component_container_isolated-1]          at line 294 in ./src/buffer_core.cpp
2026-08-14T14:27:48: [component_container_isolated-1] Warning: TF_OLD_DATA ignoring data from the past for frame odom at time 1786685245.433390 according to authority Authority undetectable
2026-08-14T14:27:48: [component_container_isolated-1] Possible reasons are listed at http://wiki.ros.org/tf/Errors%20explained
2026-08-14T14:27:48: [component_container_isolated-1]          at line 294 in ./src/buffer_core.cpp
2026-08-14T14:27:48: [component_container_isolated-1] Warning: TF_OLD_DATA ignoring data from the past for frame odom at time 1786685245.433390 according to authority Authority undetectable
2026-08-14T14:27:48: [component_container_isolated-1] Possible reasons are listed at http://wiki.ros.org/tf/Errors%20explained
2026-08-14T14:27:48: [component_container_isolated-1]          at line 294 in ./src/buffer_core.cpp
2026-08-14T14:27:48: [component_container_isolated-1] Warning: TF_OLD_DATA ignoring data from the past for frame odom at time 1786685245.532288 according to authority Authority undetectable
2026-08-14T14:27:48: [component_container_isolated-1] Possible reasons are listed at http://wiki.ros.org/tf/Errors%20explained
2026-08-14T14:27:48: [component_container_isolated-1]          at line 294 in ./src/buffer_core.cpp
2026-08-14T14:27:48: [component_container_isolated-1] Warning: TF_OLD_DATA ignoring data from the past for frame odom at time 1786685245.631305 according to authority Authority undetectable
2026-08-14T14:27:48: [component_container_isolated-1] Possible reasons are listed at http://wiki.ros.org/tf/Errors%20explained
2026-08-14T14:27:48: [component_container_isolated-1]          at line 294 in ./src/buffer_core.cpp
2026-08-14T14:27:48: [component_container_isolated-1] Warning: TF_OLD_DATA ignoring data from the past for frame odom at time 1786685245.732975 according to authority Authority undetectable
2026-08-14T14:27:48: [component_container_isolated-1] Possible reasons are listed at http://wiki.ros.org/tf/Errors%20explained
2026-08-14T14:27:48: [component_container_isolated-1]          at line 294 in ./src/buffer_core.cpp
2026-08-14T14:27:48: [component_container_isolated-1] Warning: TF_OLD_DATA ignoring data from the past for frame odom at time 1786685245.831844 according to authority Authority undetectable
2026-08-14T14:27:48: [component_container_isolated-1] Possible reasons are listed at http://wiki.ros.org/tf/Errors%20explained
2026-08-14T14:27:48: [component_container_isolated-1]          at line 294 in ./src/buffer_core.cpp
2026-08-14T14:27:48: [component_container_isolated-1] Warning: TF_OLD_DATA ignoring data from the past for frame odom at time 1786685245.433390 according to authority Authority undetectable
2026-08-14T14:27:48: [component_container_isolated-1] Possible reasons are listed at http://wiki.ros.org/tf/Errors%20explained
2026-08-14T14:27:48: [component_container_isolated-1]          at line 294 in ./src/buffer_core.cpp
2026-08-14T14:27:48: [component_container_isolated-1] Warning: TF_OLD_DATA ignoring data from the past for frame odom at time 1786685245.433390 according to authority Authority undetectable
2026-08-14T14:27:48: [component_container_isolated-1] Possible reasons are listed at http://wiki.ros.org/tf/Errors%20explained
2026-08-14T14:27:48: [component_container_isolated-1]          at line 294 in ./src/buffer_core.cpp
2026-08-14T14:27:48: [component_container_isolated-1] Warning: TF_OLD_DATA ignoring data from the past for frame odom at time 1786685245.532288 according to authority Authority undetectable
2026-08-14T14:27:48: [component_container_isolated-1] Possible reasons are listed at http://wiki.ros.org/tf/Errors%20explained
2026-08-14T14:27:48: [component_container_isolated-1]          at line 294 in ./src/buffer_core.cpp
2026-08-14T14:27:48: [component_container_isolated-1] Warning: TF_OLD_DATA ignoring data from the past for frame odom at time 1786685245.532288 according to authority Authority undetectable
2026-08-14T14:27:48: [component_container_isolated-1] Possible reasons are listed at http://wiki.ros.org/tf/Errors%20explained
2026-08-14T14:27:48: [component_container_isolated-1]          at line 294 in ./src/buffer_core.cpp
2026-08-14T14:27:48: [component_container_isolated-1] Warning: TF_OLD_DATA ignoring data from the past for frame odom at time 1786685245.631305 according to authority Authority undetectable
2026-08-14T14:27:48: [component_container_isolated-1] Possible reasons are listed at http://wiki.ros.org/tf/Errors%20explained
2026-08-14T14:27:48: [component_container_isolated-1]          at line 294 in ./src/buffer_core.cpp
2026-08-14T14:27:48: [component_container_isolated-1] Warning: TF_OLD_DATA ignoring data from the past for frame odom at time 1786685245.732975 according to authority Authority undetectable
2026-08-14T14:27:48: [component_container_isolated-1] Possible reasons are listed at http://wiki.ros.org/tf/Errors%20explained
2026-08-14T14:27:48: [component_container_isolated-1]          at line 294 in ./src/buffer_core.cpp
2026-08-14T14:27:48: [component_container_isolated-1] Warning: TF_OLD_DATA ignoring data from the past for frame odom at time 1786685245.831844 according to authority Authority undetectable
2026-08-14T14:27:48: [component_container_isolated-1] Possible reasons are listed at http://wiki.ros.org/tf/Errors%20explained
2026-08-14T14:27:48: [component_container_isolated-1]          at line 294 in ./src/buffer_core.cpp
2026-08-14T14:27:48: [component_container_isolated-1] Warning: TF_OLD_DATA ignoring data from the past for frame odom at time 1786685245.631305 according to authority Authority undetectable
2026-08-14T14:27:48: [component_container_isolated-1] Possible reasons are listed at http://wiki.ros.org/tf/Errors%20explained
2026-08-14T14:27:48: [component_container_isolated-1]          at line 294 in ./src/buffer_core.cpp
2026-08-14T14:27:48: [component_container_isolated-1] Warning: TF_OLD_DATA ignoring data from the past for frame odom at time 1786685245.732975 according to authority Authority undetectable
2026-08-14T14:27:48: [component_container_isolated-1] Possible reasons are listed at http://wiki.ros.org/tf/Errors%20explained
2026-08-14T14:27:48: [component_container_isolated-1]          at line 294 in ./src/buffer_core.cpp
2026-08-14T14:27:48: [component_container_isolated-1] Warning: TF_OLD_DATA ignoring data from the past for frame odom at time 1786685245.831844 according to authority Authority undetectable
2026-08-14T14:27:48: [component_container_isolated-1] Possible reasons are listed at http://wiki.ros.org/tf/Errors%20explained
2026-08-14T14:27:48: [component_container_isolated-1]          at line 294 in ./src/buffer_core.cpp
2026-08-14T14:27:48: [component_container_isolated-1] Warning: TF_OLD_DATA ignoring data from the past for frame odom at time 1786685245.931145 according to authority Authority undetectable
2026-08-14T14:27:48: [component_container_isolated-1] Possible reasons are listed at http://wiki.ros.org/tf/Errors%20explained
2026-08-14T14:27:48: [component_container_isolated-1]          at line 294 in ./src/buffer_core.cpp
2026-08-14T14:27:48: [component_container_isolated-1] Warning: TF_OLD_DATA ignoring data from the past for frame odom at time 1786685246.029977 according to authority Authority undetectable
2026-08-14T14:27:48: [component_container_isolated-1] Possible reasons are listed at http://wiki.ros.org/tf/Errors%20explained
2026-08-14T14:27:48: [component_container_isolated-1]          at line 294 in ./src/buffer_core.cpp
2026-08-14T14:27:48: [component_container_isolated-1] Warning: TF_OLD_DATA ignoring data from the past for frame odom at time 1786685247.026033 according to authority Authority undetectable
2026-08-14T14:27:48: [component_container_isolated-1] Possible reasons are listed at http://wiki.ros.org/tf/Errors%20explained
2026-08-14T14:27:48: [component_container_isolated-1]          at line 294 in ./src/buffer_core.cpp
2026-08-14T14:27:48: [component_container_isolated-1] Warning: TF_OLD_DATA ignoring data from the past for frame odom at time 1786685247.324799 according to authority Authority undetectable
2026-08-14T14:27:48: [component_container_isolated-1] Possible reasons are listed at http://wiki.ros.org/tf/Errors%20explained
2026-08-14T14:27:48: [component_container_isolated-1]          at line 294 in ./src/buffer_core.cpp
2026-08-14T14:27:48: [component_container_isolated-1] Warning: TF_OLD_DATA ignoring data from the past for frame odom at time 1786685247.425271 according to authority Authority undetectable
2026-08-14T14:27:48: [component_container_isolated-1] Possible reasons are listed at http://wiki.ros.org/tf/Errors%20explained
2026-08-14T14:27:48: [component_container_isolated-1]          at line 294 in ./src/buffer_core.cpp
2026-08-14T14:27:48: [component_container_isolated-1] Warning: TF_OLD_DATA ignoring data from the past for frame odom at time 1786685247.623474 according to authority Authority undetectable
2026-08-14T14:27:48: [component_container_isolated-1] Possible reasons are listed at http://wiki.ros.org/tf/Errors%20explained
2026-08-14T14:27:48: [component_container_isolated-1]          at line 294 in ./src/buffer_core.cpp
2026-08-14T14:27:48: [component_container_isolated-1] Warning: TF_OLD_DATA ignoring data from the past for frame odom at time 1786685247.723748 according to authority Authority undetectable
2026-08-14T14:27:48: [component_container_isolated-1] Possible reasons are listed at http://wiki.ros.org/tf/Errors%20explained
2026-08-14T14:27:48: [component_container_isolated-1]          at line 294 in ./src/buffer_core.cpp
2026-08-14T14:27:48: [component_container_isolated-1] Warning: TF_OLD_DATA ignoring data from the past for frame odom at time 1786685245.931145 according to authority Authority undetectable
2026-08-14T14:27:48: [component_container_isolated-1] Possible reasons are listed at http://wiki.ros.org/tf/Errors%20explained
2026-08-14T14:27:48: [component_container_isolated-1]          at line 294 in ./src/buffer_core.cpp
2026-08-14T14:27:48: [component_container_isolated-1] Warning: TF_OLD_DATA ignoring data from the past for frame odom at time 1786685247.822842 according to authority Authority undetectable
2026-08-14T14:27:48: [component_container_isolated-1] Possible reasons are listed at http://wiki.ros.org/tf/Errors%20explained
2026-08-14T14:27:48: [component_container_isolated-1]          at line 294 in ./src/buffer_core.cpp
2026-08-14T14:27:48: [component_container_isolated-1] Warning: TF_OLD_DATA ignoring data from the past for frame odom at time 1786685246.029977 according to authority Authority undetectable
2026-08-14T14:27:48: [component_container_isolated-1] Possible reasons are listed at http://wiki.ros.org/tf/Errors%20explained
2026-08-14T14:27:48: [component_container_isolated-1]          at line 294 in ./src/buffer_core.cpp
2026-08-14T14:27:48: [component_container_isolated-1] Warning: TF_OLD_DATA ignoring data from the past for frame odom at time 1786685245.532288 according to authority Authority undetectable
2026-08-14T14:27:48: [component_container_isolated-1] Possible reasons are listed at http://wiki.ros.org/tf/Errors%20explained
2026-08-14T14:27:48: [component_container_isolated-1]          at line 294 in ./src/buffer_core.cpp
2026-08-14T14:27:48: [component_container_isolated-1] Warning: TF_OLD_DATA ignoring data from the past for frame odom at time 1786685245.931145 according to authority Authority undetectable
2026-08-14T14:27:48: [component_container_isolated-1] Possible reasons are listed at http://wiki.ros.org/tf/Errors%20explained
2026-08-14T14:27:48: [component_container_isolated-1]          at line 294 in ./src/buffer_core.cpp
2026-08-14T14:27:48: [component_container_isolated-1] Warning: TF_OLD_DATA ignoring data from the past for frame odom at time 1786685248.022235 according to authority Authority undetectable
2026-08-14T14:27:48: [component_container_isolated-1] Possible reasons are listed at http://wiki.ros.org/tf/Errors%20explained
2026-08-14T14:27:48: [component_container_isolated-1]          at line 294 in ./src/buffer_core.cpp
2026-08-14T14:27:48: [component_container_isolated-1] Warning: TF_OLD_DATA ignoring data from the past for frame odom at time 1786685247.026033 according to authority Authority undetectable
2026-08-14T14:27:48: [component_container_isolated-1] Possible reasons are listed at http://wiki.ros.org/tf/Errors%20explained
2026-08-14T14:27:48: [component_container_isolated-1]          at line 294 in ./src/buffer_core.cpp
2026-08-14T14:27:48: [component_container_isolated-1] Warning: TF_OLD_DATA ignoring data from the past for frame odom at time 1786685245.631305 according to authority Authority undetectable
2026-08-14T14:27:48: [component_container_isolated-1] Possible reasons are listed at http://wiki.ros.org/tf/Errors%20explained
2026-08-14T14:27:48: [component_container_isolated-1]          at line 294 in ./src/buffer_core.cpp
2026-08-14T14:27:48: [component_container_isolated-1] Warning: TF_OLD_DATA ignoring data from the past for frame odom at time 1786685245.732975 according to authority Authority undetectable
2026-08-14T14:27:48: [component_container_isolated-1] Possible reasons are listed at http://wiki.ros.org/tf/Errors%20explained
2026-08-14T14:27:48: [component_container_isolated-1]          at line 294 in ./src/buffer_core.cpp
2026-08-14T14:27:48: [component_container_isolated-1] Warning: TF_OLD_DATA ignoring data from the past for frame odom at time 1786685245.831844 according to authority Authority undetectable
2026-08-14T14:27:48: [component_container_isolated-1] Possible reasons are listed at http://wiki.ros.org/tf/Errors%20explained
2026-08-14T14:27:48: [component_container_isolated-1]          at line 294 in ./src/buffer_core.cpp
2026-08-14T14:27:48: [component_container_isolated-1] Warning: TF_OLD_DATA ignoring data from the past for frame odom at time 1786685245.931145 according to authority Authority undetectable
2026-08-14T14:27:48: [component_container_isolated-1] Possible reasons are listed at http://wiki.ros.org/tf/Errors%20explained
2026-08-14T14:27:48: [component_container_isolated-1]          at line 294 in ./src/buffer_core.cpp
2026-08-14T14:27:48: [component_container_isolated-1] Warning: TF_OLD_DATA ignoring data from the past for frame odom at time 1786685246.029977 according to authority Authority undetectable
2026-08-14T14:27:48: [component_container_isolated-1] Possible reasons are listed at http://wiki.ros.org/tf/Errors%20explained
2026-08-14T14:27:48: [component_container_isolated-1]          at line 294 in ./src/buffer_core.cpp
2026-08-14T14:27:48: [component_container_isolated-1] Warning: TF_OLD_DATA ignoring data from the past for frame odom at time 1786685247.026033 according to authority Authority undetectable
2026-08-14T14:27:48: [component_container_isolated-1] Possible reasons are listed at http://wiki.ros.org/tf/Errors%20explained
2026-08-14T14:27:48: [component_container_isolated-1]          at line 294 in ./src/buffer_core.cpp
2026-08-14T14:27:48: [component_container_isolated-1] Warning: TF_OLD_DATA ignoring data from the past for frame odom at time 1786685247.324799 according to authority Authority undetectable
2026-08-14T14:27:48: [component_container_isolated-1] Possible reasons are listed at http://wiki.ros.org/tf/Errors%20explained
2026-08-14T14:27:48: [component_container_isolated-1]          at line 294 in ./src/buffer_core.cpp
2026-08-14T14:27:48: [component_container_isolated-1] Warning: TF_OLD_DATA ignoring data from the past for frame odom at time 1786685247.425271 according to authority Authority undetectable
2026-08-14T14:27:48: [component_container_isolated-1] Possible reasons are listed at http://wiki.ros.org/tf/Errors%20explained
2026-08-14T14:27:48: [component_container_isolated-1]          at line 294 in ./src/buffer_core.cpp
2026-08-14T14:27:48: [component_container_isolated-1] Warning: TF_OLD_DATA ignoring data from the past for frame odom at time 1786685247.623474 according to authority Authority undetectable
2026-08-14T14:27:48: [component_container_isolated-1] Possible reasons are listed at http://wiki.ros.org/tf/Errors%20explained
2026-08-14T14:27:48: [component_container_isolated-1]          at line 294 in ./src/buffer_core.cpp
2026-08-14T14:27:48: [component_container_isolated-1] Warning: TF_OLD_DATA ignoring data from the past for frame odom at time 1786685247.723748 according to authority Authority undetectable
2026-08-14T14:27:48: [component_container_isolated-1] Possible reasons are listed at http://wiki.ros.org/tf/Errors%20explained
2026-08-14T14:27:48: [component_container_isolated-1]          at line 294 in ./src/buffer_core.cpp
2026-08-14T14:27:48: [component_container_isolated-1] Warning: TF_OLD_DATA ignoring data from the past for frame odom at time 1786685247.822842 according to authority Authority undetectable
2026-08-14T14:27:48: [component_container_isolated-1] Possible reasons are listed at http://wiki.ros.org/tf/Errors%20explained
2026-08-14T14:27:48: [component_container_isolated-1]          at line 294 in ./src/buffer_core.cpp
2026-08-14T14:27:48: [component_container_isolated-1] Warning: TF_OLD_DATA ignoring data from the past for frame odom at time 1786685248.022235 according to authority Authority undetectable
2026-08-14T14:27:48: [component_container_isolated-1] Possible reasons are listed at http://wiki.ros.org/tf/Errors%20explained
2026-08-14T14:27:48: [component_container_isolated-1]          at line 294 in ./src/buffer_core.cpp
2026-08-14T14:27:48: [component_container_isolated-1] Warning: TF_OLD_DATA ignoring data from the past for frame odom at time 1786685248.420523 according to authority Authority undetectable
2026-08-14T14:27:48: [component_container_isolated-1] Possible reasons are listed at http://wiki.ros.org/tf/Errors%20explained
2026-08-14T14:27:48: [component_container_isolated-1]          at line 294 in ./src/buffer_core.cpp
2026-08-14T14:27:48: [component_container_isolated-1] Warning: TF_OLD_DATA ignoring data from the past for frame odom at time 1786685248.819095 according to authority Authority undetectable
2026-08-14T14:27:48: [component_container_isolated-1] Possible reasons are listed at http://wiki.ros.org/tf/Errors%20explained
2026-08-14T14:27:48: [component_container_isolated-1]          at line 294 in ./src/buffer_core.cpp
2026-08-14T14:27:48: [component_container_isolated-1] Warning: TF_OLD_DATA ignoring data from the past for frame odom at time 1786685249.019119 according to authority Authority undetectable
2026-08-14T14:27:48: [component_container_isolated-1] Possible reasons are listed at http://wiki.ros.org/tf/Errors%20explained
2026-08-14T14:27:48: [component_container_isolated-1]          at line 294 in ./src/buffer_core.cpp
2026-08-14T14:27:48: [component_container_isolated-1] Warning: TF_OLD_DATA ignoring data from the past for frame odom at time 1786685249.317424 according to authority Authority undetectable
2026-08-14T14:27:48: [component_container_isolated-1] Possible reasons are listed at http://wiki.ros.org/tf/Errors%20explained
2026-08-14T14:27:48: [component_container_isolated-1]          at line 294 in ./src/buffer_core.cpp
2026-08-14T14:27:48: [component_container_isolated-1] Warning: TF_OLD_DATA ignoring data from the past for frame odom at time 1786685249.715995 according to authority Authority undetectable
2026-08-14T14:27:48: [component_container_isolated-1] Possible reasons are listed at http://wiki.ros.org/tf/Errors%20explained
2026-08-14T14:27:48: [component_container_isolated-1]          at line 294 in ./src/buffer_core.cpp
2026-08-14T14:27:48: [component_container_isolated-1] Warning: TF_OLD_DATA ignoring data from the past for frame odom at time 1786685249.915482 according to authority Authority undetectable
2026-08-14T14:27:48: [component_container_isolated-1] Possible reasons are listed at http://wiki.ros.org/tf/Errors%20explained
2026-08-14T14:27:48: [component_container_isolated-1]          at line 294 in ./src/buffer_core.cpp
2026-08-14T14:27:48: [component_container_isolated-1] Warning: TF_OLD_DATA ignoring data from the past for frame odom at time 1786685250.213923 according to authority Authority undetectable
2026-08-14T14:27:48: [component_container_isolated-1] Possible reasons are listed at http://wiki.ros.org/tf/Errors%20explained
2026-08-14T14:27:48: [component_container_isolated-1]          at line 294 in ./src/buffer_core.cpp
2026-08-14T14:27:48: [component_container_isolated-1] Warning: TF_OLD_DATA ignoring data from the past for frame odom at time 1786685255.392488 according to authority Authority undetectable
2026-08-14T14:27:48: [component_container_isolated-1] Possible reasons are listed at http://wiki.ros.org/tf/Errors%20explained
2026-08-14T14:27:48: [component_container_isolated-1]          at line 294 in ./src/buffer_core.cpp
2026-08-14T14:27:48: [component_container_isolated-1] Warning: TF_OLD_DATA ignoring data from the past for frame odom at time 1786685255.491053 according to authority Authority undetectable
2026-08-14T14:27:48: [component_container_isolated-1] Possible reasons are listed at http://wiki.ros.org/tf/Errors%20explained
2026-08-14T14:27:48: [component_container_isolated-1]          at line 294 in ./src/buffer_core.cpp
2026-08-14T14:27:48: [component_container_isolated-1] Warning: TF_OLD_DATA ignoring data from the past for frame odom at time 1786685255.590541 according to authority Authority undetectable
2026-08-14T14:27:48: [component_container_isolated-1] Possible reasons are listed at http://wiki.ros.org/tf/Errors%20explained
2026-08-14T14:27:48: [component_container_isolated-1]          at line 294 in ./src/buffer_core.cpp
2026-08-14T14:27:48: [component_container_isolated-1] Warning: TF_OLD_DATA ignoring data from the past for frame odom at time 1786685255.690206 according to authority Authority undetectable
2026-08-14T14:27:48: [component_container_isolated-1] Possible reasons are listed at http://wiki.ros.org/tf/Errors%20explained
2026-08-14T14:27:48: [component_container_isolated-1]          at line 294 in ./src/buffer_core.cpp
2026-08-14T14:27:48: [component_container_isolated-1] Warning: TF_OLD_DATA ignoring data from the past for frame odom at time 1786685255.789849 according to authority Authority undetectable
2026-08-14T14:27:48: [component_container_isolated-1] Possible reasons are listed at http://wiki.ros.org/tf/Errors%20explained
2026-08-14T14:27:48: [component_container_isolated-1]          at line 294 in ./src/buffer_core.cpp
2026-08-14T14:27:48: [component_container_isolated-1] Warning: TF_OLD_DATA ignoring data from the past for frame odom at time 1786685255.889429 according to authority Authority undetectable
2026-08-14T14:27:48: [component_container_isolated-1] Possible reasons are listed at http://wiki.ros.org/tf/Errors%20explained
2026-08-14T14:27:48: [component_container_isolated-1]          at line 294 in ./src/buffer_core.cpp
2026-08-14T14:27:48: [component_container_isolated-1] Warning: TF_OLD_DATA ignoring data from the past for frame odom at time 1786685255.988813 according to authority Authority undetectable
2026-08-14T14:27:48: [component_container_isolated-1] Possible reasons are listed at http://wiki.ros.org/tf/Errors%20explained
2026-08-14T14:27:48: [component_container_isolated-1]          at line 294 in ./src/buffer_core.cpp
2026-08-14T14:27:48: [component_container_isolated-1] Warning: TF_OLD_DATA ignoring data from the past for frame odom at time 1786685256.088653 according to authority Authority undetectable
2026-08-14T14:27:48: [component_container_isolated-1] Possible reasons are listed at http://wiki.ros.org/tf/Errors%20explained
2026-08-14T14:27:48: [component_container_isolated-1]          at line 294 in ./src/buffer_core.cpp
2026-08-14T14:27:48: [component_container_isolated-1] Warning: TF_OLD_DATA ignoring data from the past for frame odom at time 1786685256.188990 according to authority Authority undetectable
2026-08-14T14:27:48: [component_container_isolated-1] Possible reasons are listed at http://wiki.ros.org/tf/Errors%20explained
2026-08-14T14:27:48: [component_container_isolated-1]          at line 294 in ./src/buffer_core.cpp
2026-08-14T14:27:48: [component_container_isolated-1] Warning: TF_OLD_DATA ignoring data from the past for frame odom at time 1786685247.324799 according to authority Authority undetectable
2026-08-14T14:27:48: [component_container_isolated-1] Possible reasons are listed at http://wiki.ros.org/tf/Errors%20explained
2026-08-14T14:27:48: [component_container_isolated-1]          at line 294 in ./src/buffer_core.cpp
2026-08-14T14:27:48: [component_container_isolated-1] Warning: TF_OLD_DATA ignoring data from the past for frame odom at time 1786685245.532288 according to authority Authority undetectable
2026-08-14T14:27:48: [component_container_isolated-1] Possible reasons are listed at http://wiki.ros.org/tf/Errors%20explained
2026-08-14T14:27:48: [component_container_isolated-1]          at line 294 in ./src/buffer_core.cpp
2026-08-14T14:27:48: [component_container_isolated-1] Warning: TF_OLD_DATA ignoring data from the past for frame odom at time 1786685247.425271 according to authority Authority undetectable
2026-08-14T14:27:48: [component_container_isolated-1] Possible reasons are listed at http://wiki.ros.org/tf/Errors%20explained
2026-08-14T14:27:48: [component_container_isolated-1]          at line 294 in ./src/buffer_core.cpp
2026-08-14T14:27:48: [component_container_isolated-1] Warning: TF_OLD_DATA ignoring data from the past for frame odom at time 1786685248.420523 according to authority Authority undetectable
2026-08-14T14:27:48: [component_container_isolated-1] Possible reasons are listed at http://wiki.ros.org/tf/Errors%20explained
2026-08-14T14:27:48: [component_container_isolated-1]          at line 294 in ./src/buffer_core.cpp
2026-08-14T14:27:48: [component_container_isolated-1] Warning: TF_OLD_DATA ignoring data from the past for frame odom at time 1786685248.819095 according to authority Authority undetectable
2026-08-14T14:27:48: [component_container_isolated-1] Possible reasons are listed at http://wiki.ros.org/tf/Errors%20explained
2026-08-14T14:27:48: [component_container_isolated-1]          at line 294 in ./src/buffer_core.cpp
2026-08-14T14:27:48: [component_container_isolated-1] Warning: TF_OLD_DATA ignoring data from the past for frame odom at time 1786685249.019119 according to authority Authority undetectable
2026-08-14T14:27:48: [component_container_isolated-1] Possible reasons are listed at http://wiki.ros.org/tf/Errors%20explained
2026-08-14T14:27:48: [component_container_isolated-1]          at line 294 in ./src/buffer_core.cpp
2026-08-14T14:27:48: [component_container_isolated-1] Warning: TF_OLD_DATA ignoring data from the past for frame odom at time 1786685249.317424 according to authority Authority undetectable
2026-08-14T14:27:48: [component_container_isolated-1] Possible reasons are listed at http://wiki.ros.org/tf/Errors%20explained
2026-08-14T14:27:48: [component_container_isolated-1]          at line 294 in ./src/buffer_core.cpp
2026-08-14T14:27:48: [component_container_isolated-1] Warning: TF_OLD_DATA ignoring data from the past for frame odom at time 1786685249.715995 according to authority Authority undetectable
2026-08-14T14:27:48: [component_container_isolated-1] Possible reasons are listed at http://wiki.ros.org/tf/Errors%20explained
2026-08-14T14:27:48: [component_container_isolated-1]          at line 294 in ./src/buffer_core.cpp
2026-08-14T14:27:48: [component_container_isolated-1] Warning: TF_OLD_DATA ignoring data from the past for frame odom at time 1786685249.915482 according to authority Authority undetectable
2026-08-14T14:27:48: [component_container_isolated-1] Possible reasons are listed at http://wiki.ros.org/tf/Errors%20explained
2026-08-14T14:27:48: [component_container_isolated-1]          at line 294 in ./src/buffer_core.cpp
2026-08-14T14:27:48: [component_container_isolated-1] Warning: TF_OLD_DATA ignoring data from the past for frame odom at time 1786685250.213923 according to authority Authority undetectable
2026-08-14T14:27:48: [component_container_isolated-1] Possible reasons are listed at http://wiki.ros.org/tf/Errors%20explained
2026-08-14T14:27:48: [component_container_isolated-1]          at line 294 in ./src/buffer_core.cpp
2026-08-14T14:27:48: [component_container_isolated-1] Warning: TF_OLD_DATA ignoring data from the past for frame odom at time 1786685255.392488 according to authority Authority undetectable
2026-08-14T14:27:48: [component_container_isolated-1] Possible reasons are listed at http://wiki.ros.org/tf/Errors%20explained
2026-08-14T14:27:48: [component_container_isolated-1]          at line 294 in ./src/buffer_core.cpp
2026-08-14T14:27:48: [component_container_isolated-1] Warning: TF_OLD_DATA ignoring data from the past for frame odom at time 1786685255.491053 according to authority Authority undetectable
2026-08-14T14:27:48: [component_container_isolated-1] Possible reasons are listed at http://wiki.ros.org/tf/Errors%20explained
2026-08-14T14:27:48: [component_container_isolated-1]          at line 294 in ./src/buffer_core.cpp
2026-08-14T14:27:48: [component_container_isolated-1] Warning: TF_OLD_DATA ignoring data from the past for frame odom at time 1786685255.590541 according to authority Authority undetectable
2026-08-14T14:27:48: [component_container_isolated-1] Possible reasons are listed at http://wiki.ros.org/tf/Errors%20explained
2026-08-14T14:27:48: [component_container_isolated-1]          at line 294 in ./src/buffer_core.cpp
2026-08-14T14:27:48: [component_container_isolated-1] Warning: TF_OLD_DATA ignoring data from the past for frame odom at time 1786685255.690206 according to authority Authority undetectable
2026-08-14T14:27:48: [component_container_isolated-1] Possible reasons are listed at http://wiki.ros.org/tf/Errors%20explained
2026-08-14T14:27:48: [component_container_isolated-1]          at line 294 in ./src/buffer_core.cpp
2026-08-14T14:27:48: [component_container_isolated-1] Warning: TF_OLD_DATA ignoring data from the past for frame odom at time 1786685255.789849 according to authority Authority undetectable
2026-08-14T14:27:48: [component_container_isolated-1] Possible reasons are listed at http://wiki.ros.org/tf/Errors%20explained
2026-08-14T14:27:48: [component_container_isolated-1]          at line 294 in ./src/buffer_core.cpp
2026-08-14T14:27:48: [component_container_isolated-1] Warning: TF_OLD_DATA ignoring data from the past for frame odom at time 1786685255.889429 according to authority Authority undetectable
2026-08-14T14:27:48: [component_container_isolated-1] Possible reasons are listed at http://wiki.ros.org/tf/Errors%20explained
2026-08-14T14:27:48: [component_container_isolated-1]          at line 294 in ./src/buffer_core.cpp
2026-08-14T14:27:48: [component_container_isolated-1] Warning: TF_OLD_DATA ignoring data from the past for frame odom at time 1786685255.988813 according to authority Authority undetectable
2026-08-14T14:27:48: [component_container_isolated-1] Possible reasons are listed at http://wiki.ros.org/tf/Errors%20explained
2026-08-14T14:27:48: [component_container_isolated-1]          at line 294 in ./src/buffer_core.cpp
2026-08-14T14:27:48: [component_container_isolated-1] Warning: TF_OLD_DATA ignoring data from the past for frame odom at time 1786685256.088653 according to authority Authority undetectable
2026-08-14T14:27:48: [component_container_isolated-1] Possible reasons are listed at http://wiki.ros.org/tf/Errors%20explained
2026-08-14T14:27:48: [component_container_isolated-1]          at line 294 in ./src/buffer_core.cpp
2026-08-14T14:27:48: [component_container_isolated-1] Warning: TF_OLD_DATA ignoring data from the past for frame odom at time 1786685256.188990 according to authority Authority undetectable
2026-08-14T14:27:48: [component_container_isolated-1] Possible reasons are listed at http://wiki.ros.org/tf/Errors%20explained
2026-08-14T14:27:48: [component_container_isolated-1]          at line 294 in ./src/buffer_core.cpp
2026-08-14T14:27:48: [component_container_isolated-1] Warning: TF_OLD_DATA ignoring data from the past for frame odom at time 1786685247.623474 according to authority Authority undetectable
2026-08-14T14:27:48: [component_container_isolated-1] Possible reasons are listed at http://wiki.ros.org/tf/Errors%20explained
2026-08-14T14:27:48: [component_container_isolated-1]          at line 294 in ./src/buffer_core.cpp
2026-08-14T14:27:48: [component_container_isolated-1] Warning: TF_OLD_DATA ignoring data from the past for frame odom at time 1786685245.631305 according to authority Authority undetectable
2026-08-14T14:27:48: [component_container_isolated-1] Possible reasons are listed at http://wiki.ros.org/tf/Errors%20explained
2026-08-14T14:27:48: [component_container_isolated-1]          at line 294 in ./src/buffer_core.cpp
2026-08-14T14:27:48: [component_container_isolated-1] Warning: TF_OLD_DATA ignoring data from the past for frame odom at time 1786685245.732975 according to authority Authority undetectable
2026-08-14T14:27:48: [component_container_isolated-1] Possible reasons are listed at http://wiki.ros.org/tf/Errors%20explained
2026-08-14T14:27:48: [component_container_isolated-1]          at line 294 in ./src/buffer_core.cpp
2026-08-14T14:27:48: [component_container_isolated-1] Warning: TF_OLD_DATA ignoring data from the past for frame odom at time 1786685245.831844 according to authority Authority undetectable
2026-08-14T14:27:48: [component_container_isolated-1] Possible reasons are listed at http://wiki.ros.org/tf/Errors%20explained
2026-08-14T14:27:48: [component_container_isolated-1]          at line 294 in ./src/buffer_core.cpp
2026-08-14T14:27:48: [component_container_isolated-1] Warning: TF_OLD_DATA ignoring data from the past for frame odom at time 1786685245.931145 according to authority Authority undetectable
2026-08-14T14:27:48: [component_container_isolated-1] Possible reasons are listed at http://wiki.ros.org/tf/Errors%20explained
2026-08-14T14:27:48: [component_container_isolated-1]          at line 294 in ./src/buffer_core.cpp
2026-08-14T14:27:48: [component_container_isolated-1] Warning: TF_OLD_DATA ignoring data from the past for frame odom at time 1786685247.723748 according to authority Authority undetectable
2026-08-14T14:27:48: [component_container_isolated-1] Possible reasons are listed at http://wiki.ros.org/tf/Errors%20explained
2026-08-14T14:27:48: [component_container_isolated-1]          at line 294 in ./src/buffer_core.cpp
2026-08-14T14:27:48: [component_container_isolated-1] Warning: TF_OLD_DATA ignoring data from the past for frame odom at time 1786685246.029977 according to authority Authority undetectable
2026-08-14T14:27:48: [component_container_isolated-1] Possible reasons are listed at http://wiki.ros.org/tf/Errors%20explained
2026-08-14T14:27:48: [component_container_isolated-1]          at line 294 in ./src/buffer_core.cpp
2026-08-14T14:27:48: [component_container_isolated-1] Warning: TF_OLD_DATA ignoring data from the past for frame odom at time 1786685247.026033 according to authority Authority undetectable
2026-08-14T14:27:48: [component_container_isolated-1] Possible reasons are listed at http://wiki.ros.org/tf/Errors%20explained
2026-08-14T14:27:48: [component_container_isolated-1]          at line 294 in ./src/buffer_core.cpp
2026-08-14T14:27:48: [component_container_isolated-1] Warning: TF_OLD_DATA ignoring data from the past for frame odom at time 1786685247.324799 according to authority Authority undetectable
2026-08-14T14:27:48: [component_container_isolated-1] Possible reasons are listed at http://wiki.ros.org/tf/Errors%20explained
2026-08-14T14:27:48: [component_container_isolated-1]          at line 294 in ./src/buffer_core.cpp
2026-08-14T14:27:48: [component_container_isolated-1] Warning: TF_OLD_DATA ignoring data from the past for frame odom at time 1786685247.425271 according to authority Authority undetectable
2026-08-14T14:27:48: [component_container_isolated-1] Possible reasons are listed at http://wiki.ros.org/tf/Errors%20explained
2026-08-14T14:27:48: [component_container_isolated-1]          at line 294 in ./src/buffer_core.cpp
2026-08-14T14:27:48: [component_container_isolated-1] Warning: TF_OLD_DATA ignoring data from the past for frame odom at time 1786685247.623474 according to authority Authority undetectable
2026-08-14T14:27:48: [component_container_isolated-1] Possible reasons are listed at http://wiki.ros.org/tf/Errors%20explained
2026-08-14T14:27:48: [component_container_isolated-1]          at line 294 in ./src/buffer_core.cpp
2026-08-14T14:27:48: [component_container_isolated-1] Warning: TF_OLD_DATA ignoring data from the past for frame odom at time 1786685247.723748 according to authority Authority undetectable
2026-08-14T14:27:48: [component_container_isolated-1] Possible reasons are listed at http://wiki.ros.org/tf/Errors%20explained
2026-08-14T14:27:48: [component_container_isolated-1]          at line 294 in ./src/buffer_core.cpp
2026-08-14T14:27:48: [component_container_isolated-1] Warning: TF_OLD_DATA ignoring data from the past for frame odom at time 1786685247.822842 according to authority Authority undetectable
2026-08-14T14:27:48: [component_container_isolated-1] Possible reasons are listed at http://wiki.ros.org/tf/Errors%20explained
2026-08-14T14:27:48: [component_container_isolated-1]          at line 294 in ./src/buffer_core.cpp
2026-08-14T14:27:48: [component_container_isolated-1] Warning: TF_OLD_DATA ignoring data from the past for frame odom at time 1786685248.022235 according to authority Authority undetectable
2026-08-14T14:27:48: [component_container_isolated-1] Possible reasons are listed at http://wiki.ros.org/tf/Errors%20explained
2026-08-14T14:27:48: [component_container_isolated-1]          at line 294 in ./src/buffer_core.cpp
2026-08-14T14:27:48: [component_container_isolated-1] Warning: TF_OLD_DATA ignoring data from the past for frame odom at time 1786685248.420523 according to authority Authority undetectable
2026-08-14T14:27:48: [component_container_isolated-1] Possible reasons are listed at http://wiki.ros.org/tf/Errors%20explained
2026-08-14T14:27:48: [component_container_isolated-1]          at line 294 in ./src/buffer_core.cpp
2026-08-14T14:27:48: [component_container_isolated-1] Warning: TF_OLD_DATA ignoring data from the past for frame odom at time 1786685248.819095 according to authority Authority undetectable
2026-08-14T14:27:48: [component_container_isolated-1] Possible reasons are listed at http://wiki.ros.org/tf/Errors%20explained
2026-08-14T14:27:48: [component_container_isolated-1]          at line 294 in ./src/buffer_core.cpp
2026-08-14T14:27:48: [component_container_isolated-1] Warning: TF_OLD_DATA ignoring data from the past for frame odom at time 1786685247.822842 according to authority Authority undetectable
2026-08-14T14:27:48: [component_container_isolated-1] Possible reasons are listed at http://wiki.ros.org/tf/Errors%20explained
2026-08-14T14:27:48: [component_container_isolated-1]          at line 294 in ./src/buffer_core.cpp
2026-08-14T14:27:48: [component_container_isolated-1] Warning: TF_OLD_DATA ignoring data from the past for frame odom at time 1786685248.022235 according to authority Authority undetectable
2026-08-14T14:27:48: [component_container_isolated-1] Possible reasons are listed at http://wiki.ros.org/tf/Errors%20explained
2026-08-14T14:27:48: [component_container_isolated-1]          at line 294 in ./src/buffer_core.cpp
2026-08-14T14:27:48: [component_container_isolated-1] Warning: TF_OLD_DATA ignoring data from the past for frame odom at time 1786685248.420523 according to authority Authority undetectable
2026-08-14T14:27:48: [component_container_isolated-1] Possible reasons are listed at http://wiki.ros.org/tf/Errors%20explained
2026-08-14T14:27:48: [component_container_isolated-1]          at line 294 in ./src/buffer_core.cpp
2026-08-14T14:27:48: [component_container_isolated-1] Warning: TF_OLD_DATA ignoring data from the past for frame odom at time 1786685248.819095 according to authority Authority undetectable
2026-08-14T14:27:48: [component_container_isolated-1] Possible reasons are listed at http://wiki.ros.org/tf/Errors%20explained
2026-08-14T14:27:48: [component_container_isolated-1]          at line 294 in ./src/buffer_core.cpp
2026-08-14T14:27:48: [component_container_isolated-1] Warning: TF_OLD_DATA ignoring data from the past for frame odom at time 1786685249.019119 according to authority Authority undetectable
2026-08-14T14:27:48: [component_container_isolated-1] Possible reasons are listed at http://wiki.ros.org/tf/Errors%20explained
2026-08-14T14:27:48: [component_container_isolated-1]          at line 294 in ./src/buffer_core.cpp
2026-08-14T14:27:48: [component_container_isolated-1] Warning: TF_OLD_DATA ignoring data from the past for frame odom at time 1786685249.317424 according to authority Authority undetectable
2026-08-14T14:27:48: [component_container_isolated-1] Possible reasons are listed at http://wiki.ros.org/tf/Errors%20explained
2026-08-14T14:27:48: [component_container_isolated-1]          at line 294 in ./src/buffer_core.cpp
2026-08-14T14:27:48: [component_container_isolated-1] Warning: TF_OLD_DATA ignoring data from the past for frame odom at time 1786685249.715995 according to authority Authority undetectable
2026-08-14T14:27:48: [component_container_isolated-1] Possible reasons are listed at http://wiki.ros.org/tf/Errors%20explained
2026-08-14T14:27:48: [component_container_isolated-1]          at line 294 in ./src/buffer_core.cpp
2026-08-14T14:27:48: [component_container_isolated-1] Warning: TF_OLD_DATA ignoring data from the past for frame odom at time 1786685249.915482 according to authority Authority undetectable
2026-08-14T14:27:48: [component_container_isolated-1] Possible reasons are listed at http://wiki.ros.org/tf/Errors%20explained
2026-08-14T14:27:48: [component_container_isolated-1]          at line 294 in ./src/buffer_core.cpp
2026-08-14T14:27:48: [component_container_isolated-1] Warning: TF_OLD_DATA ignoring data from the past for frame odom at time 1786685246.029977 according to authority Authority undetectable
2026-08-14T14:27:48: [component_container_isolated-1] Possible reasons are listed at http://wiki.ros.org/tf/Errors%20explained
2026-08-14T14:27:48: [component_container_isolated-1]          at line 294 in ./src/buffer_core.cpp
2026-08-14T14:27:48: [component_container_isolated-1] Warning: TF_OLD_DATA ignoring data from the past for frame odom at time 1786685247.026033 according to authority Authority undetectable
2026-08-14T14:27:48: [component_container_isolated-1] Possible reasons are listed at http://wiki.ros.org/tf/Errors%20explained
2026-08-14T14:27:48: [component_container_isolated-1]          at line 294 in ./src/buffer_core.cpp
2026-08-14T14:27:48: [component_container_isolated-1] Warning: TF_OLD_DATA ignoring data from the past for frame odom at time 1786685247.324799 according to authority Authority undetectable
2026-08-14T14:27:48: [component_container_isolated-1] Possible reasons are listed at http://wiki.ros.org/tf/Errors%20explained
2026-08-14T14:27:48: [component_container_isolated-1]          at line 294 in ./src/buffer_core.cpp
2026-08-14T14:27:48: [component_container_isolated-1] Warning: TF_OLD_DATA ignoring data from the past for frame odom at time 1786685247.425271 according to authority Authority undetectable
2026-08-14T14:27:48: [component_container_isolated-1] Possible reasons are listed at http://wiki.ros.org/tf/Errors%20explained
2026-08-14T14:27:48: [component_container_isolated-1]          at line 294 in ./src/buffer_core.cpp
2026-08-14T14:27:48: [component_container_isolated-1] Warning: TF_OLD_DATA ignoring data from the past for frame odom at time 1786685247.623474 according to authority Authority undetectable
2026-08-14T14:27:48: [component_container_isolated-1] Possible reasons are listed at http://wiki.ros.org/tf/Errors%20explained
2026-08-14T14:27:48: [component_container_isolated-1]          at line 294 in ./src/buffer_core.cpp
2026-08-14T14:27:48: [component_container_isolated-1] Warning: TF_OLD_DATA ignoring data from the past for frame odom at time 1786685247.723748 according to authority Authority undetectable
2026-08-14T14:27:48: [component_container_isolated-1] Possible reasons are listed at http://wiki.ros.org/tf/Errors%20explained
2026-08-14T14:27:48: [component_container_isolated-1]          at line 294 in ./src/buffer_core.cpp
2026-08-14T14:27:48: [component_container_isolated-1] Warning: TF_OLD_DATA ignoring data from the past for frame odom at time 1786685247.822842 according to authority Authority undetectable
2026-08-14T14:27:48: [component_container_isolated-1] Possible reasons are listed at http://wiki.ros.org/tf/Errors%20explained
2026-08-14T14:27:48: [component_container_isolated-1]          at line 294 in ./src/buffer_core.cpp
2026-08-14T14:27:48: [component_container_isolated-1] Warning: TF_OLD_DATA ignoring data from the past for frame odom at time 1786685248.022235 according to authority Authority undetectable
2026-08-14T14:27:48: [component_container_isolated-1] Possible reasons are listed at http://wiki.ros.org/tf/Errors%20explained
2026-08-14T14:27:48: [component_container_isolated-1]          at line 294 in ./src/buffer_core.cpp
2026-08-14T14:27:48: [component_container_isolated-1] Warning: TF_OLD_DATA ignoring data from the past for frame odom at time 1786685248.420523 according to authority Authority undetectable
2026-08-14T14:27:48: [component_container_isolated-1] Possible reasons are listed at http://wiki.ros.org/tf/Errors%20explained
2026-08-14T14:27:48: [component_container_isolated-1]          at line 294 in ./src/buffer_core.cpp
2026-08-14T14:27:48: [component_container_isolated-1] Warning: TF_OLD_DATA ignoring data from the past for frame odom at time 1786685248.819095 according to authority Authority undetectable
2026-08-14T14:27:48: [component_container_isolated-1] Possible reasons are listed at http://wiki.ros.org/tf/Errors%20explained
2026-08-14T14:27:48: [component_container_isolated-1]          at line 294 in ./src/buffer_core.cpp
2026-08-14T14:27:48: [component_container_isolated-1] Warning: TF_OLD_DATA ignoring data from the past for frame odom at time 1786685249.019119 according to authority Authority undetectable
2026-08-14T14:27:48: [component_container_isolated-1] Possible reasons are listed at http://wiki.ros.org/tf/Errors%20explained
2026-08-14T14:27:48: [component_container_isolated-1]          at line 294 in ./src/buffer_core.cpp
2026-08-14T14:27:48: [component_container_isolated-1] Warning: TF_OLD_DATA ignoring data from the past for frame odom at time 1786685249.317424 according to authority Authority undetectable
2026-08-14T14:27:48: [component_container_isolated-1] Possible reasons are listed at http://wiki.ros.org/tf/Errors%20explained
2026-08-14T14:27:48: [component_container_isolated-1]          at line 294 in ./src/buffer_core.cpp
2026-08-14T14:27:48: [component_container_isolated-1] Warning: TF_OLD_DATA ignoring data from the past for frame odom at time 1786685249.715995 according to authority Authority undetectable
2026-08-14T14:27:48: [component_container_isolated-1] Possible reasons are listed at http://wiki.ros.org/tf/Errors%20explained
2026-08-14T14:27:48: [component_container_isolated-1]          at line 294 in ./src/buffer_core.cpp
2026-08-14T14:27:48: [component_container_isolated-1] Warning: TF_OLD_DATA ignoring data from the past for frame odom at time 1786685249.915482 according to authority Authority undetectable
2026-08-14T14:27:48: [component_container_isolated-1] Possible reasons are listed at http://wiki.ros.org/tf/Errors%20explained
2026-08-14T14:27:48: [component_container_isolated-1]          at line 294 in ./src/buffer_core.cpp
2026-08-14T14:27:48: [component_container_isolated-1] Warning: TF_OLD_DATA ignoring data from the past for frame odom at time 1786685250.213923 according to authority Authority undetectable
2026-08-14T14:27:48: [component_container_isolated-1] Possible reasons are listed at http://wiki.ros.org/tf/Errors%20explained
2026-08-14T14:27:48: [component_container_isolated-1]          at line 294 in ./src/buffer_core.cpp
2026-08-14T14:27:48: [component_container_isolated-1] Warning: TF_OLD_DATA ignoring data from the past for frame odom at time 1786685255.392488 according to authority Authority undetectable
2026-08-14T14:27:48: [component_container_isolated-1] Possible reasons are listed at http://wiki.ros.org/tf/Errors%20explained
2026-08-14T14:27:48: [component_container_isolated-1]          at line 294 in ./src/buffer_core.cpp
2026-08-14T14:27:48: [component_container_isolated-1] Warning: TF_OLD_DATA ignoring data from the past for frame odom at time 1786685255.491053 according to authority Authority undetectable
2026-08-14T14:27:48: [component_container_isolated-1] Possible reasons are listed at http://wiki.ros.org/tf/Errors%20explained
2026-08-14T14:27:48: [component_container_isolated-1]          at line 294 in ./src/buffer_core.cpp
2026-08-14T14:27:48: [component_container_isolated-1] Warning: TF_OLD_DATA ignoring data from the past for frame odom at time 1786685255.590541 according to authority Authority undetectable
2026-08-14T14:27:48: [component_container_isolated-1] Possible reasons are listed at http://wiki.ros.org/tf/Errors%20explained
2026-08-14T14:27:48: [component_container_isolated-1]          at line 294 in ./src/buffer_core.cpp
2026-08-14T14:27:48: [component_container_isolated-1] Warning: TF_OLD_DATA ignoring data from the past for frame odom at time 1786685255.690206 according to authority Authority undetectable
2026-08-14T14:27:48: [component_container_isolated-1] Possible reasons are listed at http://wiki.ros.org/tf/Errors%20explained
2026-08-14T14:27:48: [component_container_isolated-1]          at line 294 in ./src/buffer_core.cpp
2026-08-14T14:27:48: [component_container_isolated-1] Warning: TF_OLD_DATA ignoring data from the past for frame odom at time 1786685255.789849 according to authority Authority undetectable
2026-08-14T14:27:48: [component_container_isolated-1] Possible reasons are listed at http://wiki.ros.org/tf/Errors%20explained
2026-08-14T14:27:48: [component_container_isolated-1]          at line 294 in ./src/buffer_core.cpp
2026-08-14T14:27:48: [component_container_isolated-1] Warning: TF_OLD_DATA ignoring data from the past for frame odom at time 1786685255.889429 according to authority Authority undetectable
2026-08-14T14:27:48: [component_container_isolated-1] Possible reasons are listed at http://wiki.ros.org/tf/Errors%20explained
2026-08-14T14:27:48: [component_container_isolated-1]          at line 294 in ./src/buffer_core.cpp
2026-08-14T14:27:48: [component_container_isolated-1] Warning: TF_OLD_DATA ignoring data from the past for frame odom at time 1786685255.988813 according to authority Authority undetectable
2026-08-14T14:27:48: [component_container_isolated-1] Possible reasons are listed at http://wiki.ros.org/tf/Errors%20explained
2026-08-14T14:27:48: [component_container_isolated-1]          at line 294 in ./src/buffer_core.cpp
2026-08-14T14:27:48: [component_container_isolated-1] Warning: TF_OLD_DATA ignoring data from the past for frame odom at time 1786685256.088653 according to authority Authority undetectable
2026-08-14T14:27:48: [component_container_isolated-1] Possible reasons are listed at http://wiki.ros.org/tf/Errors%20explained
2026-08-14T14:27:48: [component_container_isolated-1]          at line 294 in ./src/buffer_core.cpp
2026-08-14T14:27:48: [component_container_isolated-1] Warning: TF_OLD_DATA ignoring data from the past for frame odom at time 1786685256.188990 according to authority Authority undetectable
2026-08-14T14:27:48: [component_container_isolated-1] Possible reasons are listed at http://wiki.ros.org/tf/Errors%20explained
2026-08-14T14:27:48: [component_container_isolated-1]          at line 294 in ./src/buffer_core.cpp
2026-08-14T14:27:48: [component_container_isolated-1] Warning: TF_OLD_DATA ignoring data from the past for frame odom at time 1786685250.213923 according to authority Authority undetectable
2026-08-14T14:27:48: [component_container_isolated-1] Possible reasons are listed at http://wiki.ros.org/tf/Errors%20explained
2026-08-14T14:27:48: [component_container_isolated-1]          at line 294 in ./src/buffer_core.cpp
2026-08-14T14:27:48: [component_container_isolated-1] Warning: TF_OLD_DATA ignoring data from the past for frame odom at time 1786685255.392488 according to authority Authority undetectable
2026-08-14T14:27:48: [component_container_isolated-1] Possible reasons are listed at http://wiki.ros.org/tf/Errors%20explained
2026-08-14T14:27:48: [component_container_isolated-1]          at line 294 in ./src/buffer_core.cpp
2026-08-14T14:27:48: [component_container_isolated-1] Warning: TF_OLD_DATA ignoring data from the past for frame odom at time 1786685255.491053 according to authority Authority undetectable
2026-08-14T14:27:48: [component_container_isolated-1] Possible reasons are listed at http://wiki.ros.org/tf/Errors%20explained
2026-08-14T14:27:48: [component_container_isolated-1]          at line 294 in ./src/buffer_core.cpp
2026-08-14T14:27:48: [component_container_isolated-1] Warning: TF_OLD_DATA ignoring data from the past for frame odom at time 1786685249.019119 according to authority Authority undetectable
2026-08-14T14:27:48: [component_container_isolated-1] Possible reasons are listed at http://wiki.ros.org/tf/Errors%20explained
2026-08-14T14:27:48: [component_container_isolated-1]          at line 294 in ./src/buffer_core.cpp
2026-08-14T14:27:48: [component_container_isolated-1] Warning: TF_OLD_DATA ignoring data from the past for frame odom at time 1786685249.317424 according to authority Authority undetectable
2026-08-14T14:27:48: [component_container_isolated-1] Possible reasons are listed at http://wiki.ros.org/tf/Errors%20explained
2026-08-14T14:27:48: [component_container_isolated-1]          at line 294 in ./src/buffer_core.cpp
2026-08-14T14:27:48: [component_container_isolated-1] Warning: TF_OLD_DATA ignoring data from the past for frame odom at time 1786685249.715995 according to authority Authority undetectable
2026-08-14T14:27:48: [component_container_isolated-1] Possible reasons are listed at http://wiki.ros.org/tf/Errors%20explained
2026-08-14T14:27:48: [component_container_isolated-1]          at line 294 in ./src/buffer_core.cpp
2026-08-14T14:27:48: [component_container_isolated-1] Warning: TF_OLD_DATA ignoring data from the past for frame odom at time 1786685249.915482 according to authority Authority undetectable
2026-08-14T14:27:48: [component_container_isolated-1] Possible reasons are listed at http://wiki.ros.org/tf/Errors%20explained
2026-08-14T14:27:48: [component_container_isolated-1]          at line 294 in ./src/buffer_core.cpp
2026-08-14T14:27:48: [component_container_isolated-1] Warning: TF_OLD_DATA ignoring data from the past for frame odom at time 1786685250.213923 according to authority Authority undetectable
2026-08-14T14:27:48: [component_container_isolated-1] Possible reasons are listed at http://wiki.ros.org/tf/Errors%20explained
2026-08-14T14:27:48: [component_container_isolated-1]          at line 294 in ./src/buffer_core.cpp
2026-08-14T14:27:48: [component_container_isolated-1] Warning: TF_OLD_DATA ignoring data from the past for frame odom at time 1786685255.392488 according to authority Authority undetectable
2026-08-14T14:27:48: [component_container_isolated-1] Possible reasons are listed at http://wiki.ros.org/tf/Errors%20explained
2026-08-14T14:27:48: [component_container_isolated-1]          at line 294 in ./src/buffer_core.cpp
2026-08-14T14:27:48: [component_container_isolated-1] Warning: TF_OLD_DATA ignoring data from the past for frame odom at time 1786685255.491053 according to authority Authority undetectable
2026-08-14T14:27:48: [component_container_isolated-1] Possible reasons are listed at http://wiki.ros.org/tf/Errors%20explained
2026-08-14T14:27:48: [component_container_isolated-1]          at line 294 in ./src/buffer_core.cpp
2026-08-14T14:27:48: [component_container_isolated-1] Warning: TF_OLD_DATA ignoring data from the past for frame odom at time 1786685255.590541 according to authority Authority undetectable
2026-08-14T14:27:48: [component_container_isolated-1] Possible reasons are listed at http://wiki.ros.org/tf/Errors%20explained
2026-08-14T14:27:48: [component_container_isolated-1]          at line 294 in ./src/buffer_core.cpp
2026-08-14T14:27:48: [component_container_isolated-1] Warning: TF_OLD_DATA ignoring data from the past for frame odom at time 1786685255.690206 according to authority Authority undetectable
2026-08-14T14:27:48: [component_container_isolated-1] Possible reasons are listed at http://wiki.ros.org/tf/Errors%20explained
2026-08-14T14:27:48: [component_container_isolated-1]          at line 294 in ./src/buffer_core.cpp
2026-08-14T14:27:48: [component_container_isolated-1] Warning: TF_OLD_DATA ignoring data from the past for frame odom at time 1786685255.789849 according to authority Authority undetectable
2026-08-14T14:27:48: [component_container_isolated-1] Possible reasons are listed at http://wiki.ros.org/tf/Errors%20explained
2026-08-14T14:27:48: [component_container_isolated-1]          at line 294 in ./src/buffer_core.cpp
2026-08-14T14:27:48: [component_container_isolated-1] Warning: TF_OLD_DATA ignoring data from the past for frame odom at time 1786685255.889429 according to authority Authority undetectable
2026-08-14T14:27:48: [component_container_isolated-1] Possible reasons are listed at http://wiki.ros.org/tf/Errors%20explained
2026-08-14T14:27:48: [component_container_isolated-1]          at line 294 in ./src/buffer_core.cpp
2026-08-14T14:27:48: [component_container_isolated-1] Warning: TF_OLD_DATA ignoring data from the past for frame odom at time 1786685255.988813 according to authority Authority undetectable
2026-08-14T14:27:48: [component_container_isolated-1] Possible reasons are listed at http://wiki.ros.org/tf/Errors%20explained
2026-08-14T14:27:48: [component_container_isolated-1]          at line 294 in ./src/buffer_core.cpp
2026-08-14T14:27:48: [component_container_isolated-1] Warning: TF_OLD_DATA ignoring data from the past for frame odom at time 1786685256.088653 according to authority Authority undetectable
2026-08-14T14:27:48: [component_container_isolated-1] Possible reasons are listed at http://wiki.ros.org/tf/Errors%20explained
2026-08-14T14:27:48: [component_container_isolated-1]          at line 294 in ./src/buffer_core.cpp
2026-08-14T14:27:48: [component_container_isolated-1] Warning: TF_OLD_DATA ignoring data from the past for frame odom at time 1786685256.188990 according to authority Authority undetectable
2026-08-14T14:27:48: [component_container_isolated-1] Possible reasons are listed at http://wiki.ros.org/tf/Errors%20explained
2026-08-14T14:27:48: [component_container_isolated-1]          at line 294 in ./src/buffer_core.cpp
2026-08-14T14:27:48: [component_container_isolated-1] Warning: TF_OLD_DATA ignoring data from the past for frame odom at time 1786685255.590541 according to authority Authority undetectable
2026-08-14T14:27:48: [component_container_isolated-1] Possible reasons are listed at http://wiki.ros.org/tf/Errors%20explained
2026-08-14T14:27:48: [component_container_isolated-1]          at line 294 in ./src/buffer_core.cpp
2026-08-14T14:27:48: [component_container_isolated-1] Warning: TF_OLD_DATA ignoring data from the past for frame odom at time 1786685255.690206 according to authority Authority undetectable
2026-08-14T14:27:48: [component_container_isolated-1] Possible reasons are listed at http://wiki.ros.org/tf/Errors%20explained
2026-08-14T14:27:48: [component_container_isolated-1]          at line 294 in ./src/buffer_core.cpp
2026-08-14T14:27:48: [component_container_isolated-1] Warning: TF_OLD_DATA ignoring data from the past for frame odom at time 1786685255.789849 according to authority Authority undetectable
2026-08-14T14:27:48: [component_container_isolated-1] Possible reasons are listed at http://wiki.ros.org/tf/Errors%20explained
2026-08-14T14:27:48: [component_container_isolated-1]          at line 294 in ./src/buffer_core.cpp
2026-08-14T14:27:48: [component_container_isolated-1] Warning: TF_OLD_DATA ignoring data from the past for frame odom at time 1786685255.889429 according to authority Authority undetectable
2026-08-14T14:27:48: [component_container_isolated-1] Possible reasons are listed at http://wiki.ros.org/tf/Errors%20explained
2026-08-14T14:27:48: [component_container_isolated-1]          at line 294 in ./src/buffer_core.cpp
2026-08-14T14:27:48: [component_container_isolated-1] Warning: TF_OLD_DATA ignoring data from the past for frame odom at time 1786685255.988813 according to authority Authority undetectable
2026-08-14T14:27:48: [component_container_isolated-1] Possible reasons are listed at http://wiki.ros.org/tf/Errors%20explained
2026-08-14T14:27:48: [component_container_isolated-1]          at line 294 in ./src/buffer_core.cpp
2026-08-14T14:27:48: [component_container_isolated-1] Warning: TF_OLD_DATA ignoring data from the past for frame odom at time 1786685256.088653 according to authority Authority undetectable
2026-08-14T14:27:48: [component_container_isolated-1] Possible reasons are listed at http://wiki.ros.org/tf/Errors%20explained
2026-08-14T14:27:48: [component_container_isolated-1]          at line 294 in ./src/buffer_core.cpp
2026-08-14T14:27:48: [component_container_isolated-1] Warning: TF_OLD_DATA ignoring data from the past for frame odom at time 1786685256.188990 according to authority Authority undetectable
2026-08-14T14:27:48: [component_container_isolated-1] Possible reasons are listed at http://wiki.ros.org/tf/Errors%20explained
2026-08-14T14:27:48: [component_container_isolated-1]          at line 294 in ./src/buffer_core.cpp
2026-08-14T14:27:50: [component_container_isolated-1] Warning: TF_OLD_DATA ignoring data from the past for frame odom at time 1786685256.293168 according to authority Authority undetectable
2026-08-14T14:27:50: [component_container_isolated-1] Possible reasons are listed at http://wiki.ros.org/tf/Errors%20explained
2026-08-14T14:27:50: [component_container_isolated-1]          at line 294 in ./src/buffer_core.cpp
2026-08-14T14:27:50: [component_container_isolated-1] Warning: TF_OLD_DATA ignoring data from the past for frame odom at time 1786685256.293168 according to authority Authority undetectable
2026-08-14T14:27:50: [component_container_isolated-1] Possible reasons are listed at http://wiki.ros.org/tf/Errors%20explained
2026-08-14T14:27:50: [component_container_isolated-1]          at line 294 in ./src/buffer_core.cpp
2026-08-14T14:27:50: [component_container_isolated-1] Warning: TF_OLD_DATA ignoring data from the past for frame odom at time 1786685256.387019 according to authority Authority undetectable
2026-08-14T14:27:50: [component_container_isolated-1] Possible reasons are listed at http://wiki.ros.org/tf/Errors%20explained
2026-08-14T14:27:50: [component_container_isolated-1]          at line 294 in ./src/buffer_core.cpp
2026-08-14T14:27:50: [component_container_isolated-1] Warning: TF_OLD_DATA ignoring data from the past for frame odom at time 1786685256.293168 according to authority Authority undetectable
2026-08-14T14:27:50: [component_container_isolated-1] Possible reasons are listed at http://wiki.ros.org/tf/Errors%20explained
2026-08-14T14:27:50: [component_container_isolated-1]          at line 294 in ./src/buffer_core.cpp
2026-08-14T14:27:50: [component_container_isolated-1] Warning: TF_OLD_DATA ignoring data from the past for frame odom at time 1786685256.387019 according to authority Authority undetectable
2026-08-14T14:27:50: [component_container_isolated-1] Possible reasons are listed at http://wiki.ros.org/tf/Errors%20explained
2026-08-14T14:27:50: [component_container_isolated-1]          at line 294 in ./src/buffer_core.cpp
2026-08-14T14:27:50: [component_container_isolated-1] Warning: TF_OLD_DATA ignoring data from the past for frame odom at time 1786685256.486258 according to authority Authority undetectable
2026-08-14T14:27:50: [component_container_isolated-1] Possible reasons are listed at http://wiki.ros.org/tf/Errors%20explained
2026-08-14T14:27:50: [component_container_isolated-1]          at line 294 in ./src/buffer_core.cpp
2026-08-14T14:27:50: [component_container_isolated-1] Warning: TF_OLD_DATA ignoring data from the past for frame odom at time 1786685256.586050 according to authority Authority undetectable
2026-08-14T14:27:50: [component_container_isolated-1] Possible reasons are listed at http://wiki.ros.org/tf/Errors%20explained
2026-08-14T14:27:50: [component_container_isolated-1]          at line 294 in ./src/buffer_core.cpp
2026-08-14T14:27:50: [component_container_isolated-1] Warning: TF_OLD_DATA ignoring data from the past for frame odom at time 1786685256.293168 according to authority Authority undetectable
2026-08-14T14:27:50: [component_container_isolated-1] Possible reasons are listed at http://wiki.ros.org/tf/Errors%20explained
2026-08-14T14:27:50: [component_container_isolated-1]          at line 294 in ./src/buffer_core.cpp
2026-08-14T14:27:50: [component_container_isolated-1] Warning: TF_OLD_DATA ignoring data from the past for frame odom at time 1786685256.387019 according to authority Authority undetectable
2026-08-14T14:27:50: [component_container_isolated-1] Possible reasons are listed at http://wiki.ros.org/tf/Errors%20explained
2026-08-14T14:27:50: [component_container_isolated-1]          at line 294 in ./src/buffer_core.cpp
2026-08-14T14:27:50: [component_container_isolated-1] Warning: TF_OLD_DATA ignoring data from the past for frame odom at time 1786685256.293168 according to authority Authority undetectable
2026-08-14T14:27:50: [component_container_isolated-1] Possible reasons are listed at http://wiki.ros.org/tf/Errors%20explained
2026-08-14T14:27:50: [component_container_isolated-1]          at line 294 in ./src/buffer_core.cpp
2026-08-14T14:27:50: [component_container_isolated-1] Warning: TF_OLD_DATA ignoring data from the past for frame odom at time 1786685256.387019 according to authority Authority undetectable
2026-08-14T14:27:50: [component_container_isolated-1] Possible reasons are listed at http://wiki.ros.org/tf/Errors%20explained
2026-08-14T14:27:50: [component_container_isolated-1]          at line 294 in ./src/buffer_core.cpp
2026-08-14T14:27:50: [component_container_isolated-1] Warning: TF_OLD_DATA ignoring data from the past for frame odom at time 1786685256.486258 according to authority Authority undetectable
2026-08-14T14:27:50: [component_container_isolated-1] Possible reasons are listed at http://wiki.ros.org/tf/Errors%20explained
2026-08-14T14:27:50: [component_container_isolated-1]          at line 294 in ./src/buffer_core.cpp
2026-08-14T14:27:50: [component_container_isolated-1] Warning: TF_OLD_DATA ignoring data from the past for frame odom at time 1786685256.586050 according to authority Authority undetectable
2026-08-14T14:27:50: [component_container_isolated-1] Possible reasons are listed at http://wiki.ros.org/tf/Errors%20explained
2026-08-14T14:27:50: [component_container_isolated-1]          at line 294 in ./src/buffer_core.cpp
2026-08-14T14:27:50: [component_container_isolated-1] Warning: TF_OLD_DATA ignoring data from the past for frame odom at time 1786685256.486258 according to authority Authority undetectable
2026-08-14T14:27:50: [component_container_isolated-1] Possible reasons are listed at http://wiki.ros.org/tf/Errors%20explained
2026-08-14T14:27:50: [component_container_isolated-1]          at line 294 in ./src/buffer_core.cpp
2026-08-14T14:27:50: [component_container_isolated-1] Warning: TF_OLD_DATA ignoring data from the past for frame odom at time 1786685256.586050 according to authority Authority undetectable
2026-08-14T14:27:50: [component_container_isolated-1] Possible reasons are listed at http://wiki.ros.org/tf/Errors%20explained
2026-08-14T14:27:50: [component_container_isolated-1]          at line 294 in ./src/buffer_core.cpp
2026-08-14T14:27:50: [component_container_isolated-1] Warning: TF_OLD_DATA ignoring data from the past for frame odom at time 1786685256.387019 according to authority Authority undetectable
2026-08-14T14:27:50: [component_container_isolated-1] Possible reasons are listed at http://wiki.ros.org/tf/Errors%20explained
2026-08-14T14:27:50: [component_container_isolated-1]          at line 294 in ./src/buffer_core.cpp
2026-08-14T14:27:50: [component_container_isolated-1] Warning: TF_OLD_DATA ignoring data from the past for frame odom at time 1786685256.486258 according to authority Authority undetectable
2026-08-14T14:27:50: [component_container_isolated-1] Possible reasons are listed at http://wiki.ros.org/tf/Errors%20explained
2026-08-14T14:27:50: [component_container_isolated-1]          at line 294 in ./src/buffer_core.cpp
2026-08-14T14:27:50: [component_container_isolated-1] Warning: TF_OLD_DATA ignoring data from the past for frame odom at time 1786685256.586050 according to authority Authority undetectable
2026-08-14T14:27:50: [component_container_isolated-1] Possible reasons are listed at http://wiki.ros.org/tf/Errors%20explained
2026-08-14T14:27:50: [component_container_isolated-1]          at line 294 in ./src/buffer_core.cpp
2026-08-14T14:27:50: [component_container_isolated-1] Warning: TF_OLD_DATA ignoring data from the past for frame odom at time 1786685256.486258 according to authority Authority undetectable
2026-08-14T14:27:50: [component_container_isolated-1] Possible reasons are listed at http://wiki.ros.org/tf/Errors%20explained
2026-08-14T14:27:50: [component_container_isolated-1]          at line 294 in ./src/buffer_core.cpp
2026-08-14T14:27:50: [component_container_isolated-1] Warning: TF_OLD_DATA ignoring data from the past for frame odom at time 1786685256.586050 according to authority Authority undetectable
2026-08-14T14:27:50: [component_container_isolated-1] Possible reasons are listed at http://wiki.ros.org/tf/Errors%20explained
2026-08-14T14:27:50: [component_container_isolated-1]          at line 294 in ./src/buffer_core.cpp
2026-08-14T14:27:50: [component_container_isolated-1] Warning: TF_OLD_DATA ignoring data from the past for frame odom at time 1786685256.685507 according to authority Authority undetectable
2026-08-14T14:27:50: [component_container_isolated-1] Possible reasons are listed at http://wiki.ros.org/tf/Errors%20explained
2026-08-14T14:27:50: [component_container_isolated-1]          at line 294 in ./src/buffer_core.cpp
2026-08-14T14:27:50: [component_container_isolated-1] Warning: TF_OLD_DATA ignoring data from the past for frame odom at time 1786685256.785077 according to authority Authority undetectable
2026-08-14T14:27:50: [component_container_isolated-1] Possible reasons are listed at http://wiki.ros.org/tf/Errors%20explained
2026-08-14T14:27:50: [component_container_isolated-1]          at line 294 in ./src/buffer_core.cpp
2026-08-14T14:27:50: [component_container_isolated-1] Warning: TF_OLD_DATA ignoring data from the past for frame odom at time 1786685256.885067 according to authority Authority undetectable
2026-08-14T14:27:50: [component_container_isolated-1] Possible reasons are listed at http://wiki.ros.org/tf/Errors%20explained
2026-08-14T14:27:50: [component_container_isolated-1]          at line 294 in ./src/buffer_core.cpp
2026-08-14T14:27:50: [component_container_isolated-1] Warning: TF_OLD_DATA ignoring data from the past for frame odom at time 1786685256.984248 according to authority Authority undetectable
2026-08-14T14:27:50: [component_container_isolated-1] Possible reasons are listed at http://wiki.ros.org/tf/Errors%20explained
2026-08-14T14:27:50: [component_container_isolated-1]          at line 294 in ./src/buffer_core.cpp
2026-08-14T14:27:50: [component_container_isolated-1] Warning: TF_OLD_DATA ignoring data from the past for frame odom at time 1786685257.083648 according to authority Authority undetectable
2026-08-14T14:27:50: [component_container_isolated-1] Possible reasons are listed at http://wiki.ros.org/tf/Errors%20explained
2026-08-14T14:27:50: [component_container_isolated-1]          at line 294 in ./src/buffer_core.cpp
2026-08-14T14:27:50: [component_container_isolated-1] Warning: TF_OLD_DATA ignoring data from the past for frame odom at time 1786685257.183200 according to authority Authority undetectable
2026-08-14T14:27:50: [component_container_isolated-1] Possible reasons are listed at http://wiki.ros.org/tf/Errors%20explained
2026-08-14T14:27:50: [component_container_isolated-1]          at line 294 in ./src/buffer_core.cpp
2026-08-14T14:27:50: [component_container_isolated-1] Warning: TF_OLD_DATA ignoring data from the past for frame odom at time 1786685256.685507 according to authority Authority undetectable
2026-08-14T14:27:50: [component_container_isolated-1] Possible reasons are listed at http://wiki.ros.org/tf/Errors%20explained
2026-08-14T14:27:50: [component_container_isolated-1]          at line 294 in ./src/buffer_core.cpp
2026-08-14T14:27:50: [component_container_isolated-1] Warning: TF_OLD_DATA ignoring data from the past for frame odom at time 1786685256.685507 according to authority Authority undetectable
2026-08-14T14:27:50: [component_container_isolated-1] Possible reasons are listed at http://wiki.ros.org/tf/Errors%20explained
2026-08-14T14:27:50: [component_container_isolated-1]          at line 294 in ./src/buffer_core.cpp
2026-08-14T14:27:50: [component_container_isolated-1] Warning: TF_OLD_DATA ignoring data from the past for frame odom at time 1786685256.685507 according to authority Authority undetectable
2026-08-14T14:27:50: [component_container_isolated-1] Possible reasons are listed at http://wiki.ros.org/tf/Errors%20explained
2026-08-14T14:27:50: [component_container_isolated-1]          at line 294 in ./src/buffer_core.cpp
2026-08-14T14:27:50: [component_container_isolated-1] Warning: TF_OLD_DATA ignoring data from the past for frame odom at time 1786685256.785077 according to authority Authority undetectable
2026-08-14T14:27:50: [component_container_isolated-1] Possible reasons are listed at http://wiki.ros.org/tf/Errors%20explained
2026-08-14T14:27:50: [component_container_isolated-1]          at line 294 in ./src/buffer_core.cpp
2026-08-14T14:27:50: [component_container_isolated-1] Warning: TF_OLD_DATA ignoring data from the past for frame odom at time 1786685256.885067 according to authority Authority undetectable
2026-08-14T14:27:50: [component_container_isolated-1] Possible reasons are listed at http://wiki.ros.org/tf/Errors%20explained
2026-08-14T14:27:50: [component_container_isolated-1]          at line 294 in ./src/buffer_core.cpp
2026-08-14T14:27:50: [component_container_isolated-1] Warning: TF_OLD_DATA ignoring data from the past for frame odom at time 1786685256.984248 according to authority Authority undetectable
2026-08-14T14:27:50: [component_container_isolated-1] Possible reasons are listed at http://wiki.ros.org/tf/Errors%20explained
2026-08-14T14:27:50: [component_container_isolated-1]          at line 294 in ./src/buffer_core.cpp
2026-08-14T14:27:50: [component_container_isolated-1] Warning: TF_OLD_DATA ignoring data from the past for frame odom at time 1786685257.083648 according to authority Authority undetectable
2026-08-14T14:27:50: [component_container_isolated-1] Possible reasons are listed at http://wiki.ros.org/tf/Errors%20explained
2026-08-14T14:27:50: [component_container_isolated-1]          at line 294 in ./src/buffer_core.cpp
2026-08-14T14:27:50: [component_container_isolated-1] Warning: TF_OLD_DATA ignoring data from the past for frame odom at time 1786685257.183200 according to authority Authority undetectable
2026-08-14T14:27:50: [component_container_isolated-1] Possible reasons are listed at http://wiki.ros.org/tf/Errors%20explained
2026-08-14T14:27:50: [component_container_isolated-1]          at line 294 in ./src/buffer_core.cpp
2026-08-14T14:27:50: [component_container_isolated-1] Warning: TF_OLD_DATA ignoring data from the past for frame odom at time 1786685256.785077 according to authority Authority undetectable
2026-08-14T14:27:50: [component_container_isolated-1] Possible reasons are listed at http://wiki.ros.org/tf/Errors%20explained
2026-08-14T14:27:50: [component_container_isolated-1]          at line 294 in ./src/buffer_core.cpp
2026-08-14T14:27:50: [component_container_isolated-1] Warning: TF_OLD_DATA ignoring data from the past for frame odom at time 1786685256.885067 according to authority Authority undetectable
2026-08-14T14:27:50: [component_container_isolated-1] Possible reasons are listed at http://wiki.ros.org/tf/Errors%20explained
2026-08-14T14:27:50: [component_container_isolated-1]          at line 294 in ./src/buffer_core.cpp
2026-08-14T14:27:50: [component_container_isolated-1] Warning: TF_OLD_DATA ignoring data from the past for frame odom at time 1786685256.984248 according to authority Authority undetectable
2026-08-14T14:27:50: [component_container_isolated-1] Possible reasons are listed at http://wiki.ros.org/tf/Errors%20explained
2026-08-14T14:27:50: [component_container_isolated-1]          at line 294 in ./src/buffer_core.cpp
2026-08-14T14:27:50: [component_container_isolated-1] Warning: TF_OLD_DATA ignoring data from the past for frame odom at time 1786685257.083648 according to authority Authority undetectable
2026-08-14T14:27:50: [component_container_isolated-1] Possible reasons are listed at http://wiki.ros.org/tf/Errors%20explained
2026-08-14T14:27:50: [component_container_isolated-1]          at line 294 in ./src/buffer_core.cpp
2026-08-14T14:27:50: [component_container_isolated-1] Warning: TF_OLD_DATA ignoring data from the past for frame odom at time 1786685257.183200 according to authority Authority undetectable
2026-08-14T14:27:50: [component_container_isolated-1] Possible reasons are listed at http://wiki.ros.org/tf/Errors%20explained
2026-08-14T14:27:50: [component_container_isolated-1]          at line 294 in ./src/buffer_core.cpp
2026-08-14T14:27:50: [component_container_isolated-1] Warning: TF_OLD_DATA ignoring data from the past for frame odom at time 1786685257.282825 according to authority Authority undetectable
2026-08-14T14:27:50: [component_container_isolated-1] Possible reasons are listed at http://wiki.ros.org/tf/Errors%20explained
2026-08-14T14:27:50: [component_container_isolated-1]          at line 294 in ./src/buffer_core.cpp
2026-08-14T14:27:50: [component_container_isolated-1] Warning: TF_OLD_DATA ignoring data from the past for frame odom at time 1786685257.385076 according to authority Authority undetectable
2026-08-14T14:27:50: [component_container_isolated-1] Possible reasons are listed at http://wiki.ros.org/tf/Errors%20explained
2026-08-14T14:27:50: [component_container_isolated-1]          at line 294 in ./src/buffer_core.cpp
2026-08-14T14:27:50: [component_container_isolated-1] Warning: TF_OLD_DATA ignoring data from the past for frame odom at time 1786685257.481833 according to authority Authority undetectable
2026-08-14T14:27:50: [component_container_isolated-1] Possible reasons are listed at http://wiki.ros.org/tf/Errors%20explained
2026-08-14T14:27:50: [component_container_isolated-1]          at line 294 in ./src/buffer_core.cpp
2026-08-14T14:27:50: [component_container_isolated-1] Warning: TF_OLD_DATA ignoring data from the past for frame odom at time 1786685257.581436 according to authority Authority undetectable
2026-08-14T14:27:50: [component_container_isolated-1] Possible reasons are listed at http://wiki.ros.org/tf/Errors%20explained
2026-08-14T14:27:50: [component_container_isolated-1]          at line 294 in ./src/buffer_core.cpp
2026-08-14T14:27:50: [component_container_isolated-1] Warning: TF_OLD_DATA ignoring data from the past for frame odom at time 1786685257.681056 according to authority Authority undetectable
2026-08-14T14:27:50: [component_container_isolated-1] Possible reasons are listed at http://wiki.ros.org/tf/Errors%20explained
2026-08-14T14:27:50: [component_container_isolated-1]          at line 294 in ./src/buffer_core.cpp
2026-08-14T14:27:50: [component_container_isolated-1] Warning: TF_OLD_DATA ignoring data from the past for frame odom at time 1786685257.780519 according to authority Authority undetectable
2026-08-14T14:27:50: [component_container_isolated-1] Possible reasons are listed at http://wiki.ros.org/tf/Errors%20explained
2026-08-14T14:27:50: [component_container_isolated-1]          at line 294 in ./src/buffer_core.cpp
2026-08-14T14:27:50: [component_container_isolated-1] Warning: TF_OLD_DATA ignoring data from the past for frame odom at time 1786685257.880099 according to authority Authority undetectable
2026-08-14T14:27:50: [component_container_isolated-1] Possible reasons are listed at http://wiki.ros.org/tf/Errors%20explained
2026-08-14T14:27:50: [component_container_isolated-1]          at line 294 in ./src/buffer_core.cpp
2026-08-14T14:27:50: [component_container_isolated-1] Warning: TF_OLD_DATA ignoring data from the past for frame odom at time 1786685257.980741 according to authority Authority undetectable
2026-08-14T14:27:50: [component_container_isolated-1] Possible reasons are listed at http://wiki.ros.org/tf/Errors%20explained
2026-08-14T14:27:50: [component_container_isolated-1]          at line 294 in ./src/buffer_core.cpp
2026-08-14T14:27:50: [component_container_isolated-1] Warning: TF_OLD_DATA ignoring data from the past for frame odom at time 1786685256.685507 according to authority Authority undetectable
2026-08-14T14:27:50: [component_container_isolated-1] Possible reasons are listed at http://wiki.ros.org/tf/Errors%20explained
2026-08-14T14:27:50: [component_container_isolated-1]          at line 294 in ./src/buffer_core.cpp
2026-08-14T14:27:50: [component_container_isolated-1] Warning: TF_OLD_DATA ignoring data from the past for frame odom at time 1786685256.785077 according to authority Authority undetectable
2026-08-14T14:27:50: [component_container_isolated-1] Possible reasons are listed at http://wiki.ros.org/tf/Errors%20explained
2026-08-14T14:27:50: [component_container_isolated-1]          at line 294 in ./src/buffer_core.cpp
2026-08-14T14:27:50: [component_container_isolated-1] Warning: TF_OLD_DATA ignoring data from the past for frame odom at time 1786685256.885067 according to authority Authority undetectable
2026-08-14T14:27:50: [component_container_isolated-1] Possible reasons are listed at http://wiki.ros.org/tf/Errors%20explained
2026-08-14T14:27:50: [component_container_isolated-1]          at line 294 in ./src/buffer_core.cpp
2026-08-14T14:27:50: [component_container_isolated-1] Warning: TF_OLD_DATA ignoring data from the past for frame odom at time 1786685256.984248 according to authority Authority undetectable
2026-08-14T14:27:50: [component_container_isolated-1] Possible reasons are listed at http://wiki.ros.org/tf/Errors%20explained
2026-08-14T14:27:50: [component_container_isolated-1]          at line 294 in ./src/buffer_core.cpp
2026-08-14T14:27:50: [component_container_isolated-1] Warning: TF_OLD_DATA ignoring data from the past for frame odom at time 1786685257.083648 according to authority Authority undetectable
2026-08-14T14:27:50: [component_container_isolated-1] Possible reasons are listed at http://wiki.ros.org/tf/Errors%20explained
2026-08-14T14:27:50: [component_container_isolated-1]          at line 294 in ./src/buffer_core.cpp
2026-08-14T14:27:50: [component_container_isolated-1] Warning: TF_OLD_DATA ignoring data from the past for frame odom at time 1786685257.183200 according to authority Authority undetectable
2026-08-14T14:27:50: [component_container_isolated-1] Possible reasons are listed at http://wiki.ros.org/tf/Errors%20explained
2026-08-14T14:27:50: [component_container_isolated-1]          at line 294 in ./src/buffer_core.cpp
2026-08-14T14:27:50: [component_container_isolated-1] Warning: TF_OLD_DATA ignoring data from the past for frame odom at time 1786685257.282825 according to authority Authority undetectable
2026-08-14T14:27:50: [component_container_isolated-1] Possible reasons are listed at http://wiki.ros.org/tf/Errors%20explained
2026-08-14T14:27:50: [component_container_isolated-1]          at line 294 in ./src/buffer_core.cpp
2026-08-14T14:27:50: [component_container_isolated-1] Warning: TF_OLD_DATA ignoring data from the past for frame odom at time 1786685257.385076 according to authority Authority undetectable
2026-08-14T14:27:50: [component_container_isolated-1] Possible reasons are listed at http://wiki.ros.org/tf/Errors%20explained
2026-08-14T14:27:50: [component_container_isolated-1]          at line 294 in ./src/buffer_core.cpp
2026-08-14T14:27:50: [component_container_isolated-1] Warning: TF_OLD_DATA ignoring data from the past for frame odom at time 1786685257.481833 according to authority Authority undetectable
2026-08-14T14:27:50: [component_container_isolated-1] Possible reasons are listed at http://wiki.ros.org/tf/Errors%20explained
2026-08-14T14:27:50: [component_container_isolated-1]          at line 294 in ./src/buffer_core.cpp
2026-08-14T14:27:50: [component_container_isolated-1] Warning: TF_OLD_DATA ignoring data from the past for frame odom at time 1786685257.581436 according to authority Authority undetectable
2026-08-14T14:27:50: [component_container_isolated-1] Possible reasons are listed at http://wiki.ros.org/tf/Errors%20explained
2026-08-14T14:27:50: [component_container_isolated-1]          at line 294 in ./src/buffer_core.cpp
2026-08-14T14:27:50: [component_container_isolated-1] Warning: TF_OLD_DATA ignoring data from the past for frame odom at time 1786685257.681056 according to authority Authority undetectable
2026-08-14T14:27:50: [component_container_isolated-1] Possible reasons are listed at http://wiki.ros.org/tf/Errors%20explained
2026-08-14T14:27:50: [component_container_isolated-1]          at line 294 in ./src/buffer_core.cpp
2026-08-14T14:27:50: [component_container_isolated-1] Warning: TF_OLD_DATA ignoring data from the past for frame odom at time 1786685257.780519 according to authority Authority undetectable
2026-08-14T14:27:50: [component_container_isolated-1] Possible reasons are listed at http://wiki.ros.org/tf/Errors%20explained
2026-08-14T14:27:50: [component_container_isolated-1]          at line 294 in ./src/buffer_core.cpp
2026-08-14T14:27:50: [component_container_isolated-1] Warning: TF_OLD_DATA ignoring data from the past for frame odom at time 1786685257.880099 according to authority Authority undetectable
2026-08-14T14:27:50: [component_container_isolated-1] Possible reasons are listed at http://wiki.ros.org/tf/Errors%20explained
2026-08-14T14:27:50: [component_container_isolated-1]          at line 294 in ./src/buffer_core.cpp
2026-08-14T14:27:50: [component_container_isolated-1] Warning: TF_OLD_DATA ignoring data from the past for frame odom at time 1786685257.980741 according to authority Authority undetectable
2026-08-14T14:27:50: [component_container_isolated-1] Possible reasons are listed at http://wiki.ros.org/tf/Errors%20explained
2026-08-14T14:27:50: [component_container_isolated-1]          at line 294 in ./src/buffer_core.cpp
2026-08-14T14:27:50: [component_container_isolated-1] Warning: TF_OLD_DATA ignoring data from the past for frame odom at time 1786685256.785077 according to authority Authority undetectable
2026-08-14T14:27:50: [component_container_isolated-1] Possible reasons are listed at http://wiki.ros.org/tf/Errors%20explained
2026-08-14T14:27:50: [component_container_isolated-1]          at line 294 in ./src/buffer_core.cpp
2026-08-14T14:27:50: [component_container_isolated-1] Warning: TF_OLD_DATA ignoring data from the past for frame odom at time 1786685257.282825 according to authority Authority undetectable
2026-08-14T14:27:50: [component_container_isolated-1] Possible reasons are listed at http://wiki.ros.org/tf/Errors%20explained
2026-08-14T14:27:50: [component_container_isolated-1]          at line 294 in ./src/buffer_core.cpp
2026-08-14T14:27:50: [component_container_isolated-1] Warning: TF_OLD_DATA ignoring data from the past for frame odom at time 1786685257.385076 according to authority Authority undetectable
2026-08-14T14:27:50: [component_container_isolated-1] Possible reasons are listed at http://wiki.ros.org/tf/Errors%20explained
2026-08-14T14:27:50: [component_container_isolated-1]          at line 294 in ./src/buffer_core.cpp
2026-08-14T14:27:50: [component_container_isolated-1] Warning: TF_OLD_DATA ignoring data from the past for frame odom at time 1786685257.481833 according to authority Authority undetectable
2026-08-14T14:27:50: [component_container_isolated-1] Possible reasons are listed at http://wiki.ros.org/tf/Errors%20explained
2026-08-14T14:27:50: [component_container_isolated-1]          at line 294 in ./src/buffer_core.cpp
2026-08-14T14:27:50: [component_container_isolated-1] Warning: TF_OLD_DATA ignoring data from the past for frame odom at time 1786685256.885067 according to authority Authority undetectable
2026-08-14T14:27:50: [component_container_isolated-1] Possible reasons are listed at http://wiki.ros.org/tf/Errors%20explained
2026-08-14T14:27:50: [component_container_isolated-1]          at line 294 in ./src/buffer_core.cpp
2026-08-14T14:27:50: [component_container_isolated-1] Warning: TF_OLD_DATA ignoring data from the past for frame odom at time 1786685257.282825 according to authority Authority undetectable
2026-08-14T14:27:50: [component_container_isolated-1] Possible reasons are listed at http://wiki.ros.org/tf/Errors%20explained
2026-08-14T14:27:50: [component_container_isolated-1]          at line 294 in ./src/buffer_core.cpp
2026-08-14T14:27:50: [component_container_isolated-1] Warning: TF_OLD_DATA ignoring data from the past for frame odom at time 1786685257.385076 according to authority Authority undetectable
2026-08-14T14:27:50: [component_container_isolated-1] Possible reasons are listed at http://wiki.ros.org/tf/Errors%20explained
2026-08-14T14:27:50: [component_container_isolated-1]          at line 294 in ./src/buffer_core.cpp
2026-08-14T14:27:50: [component_container_isolated-1] Warning: TF_OLD_DATA ignoring data from the past for frame odom at time 1786685257.481833 according to authority Authority undetectable
2026-08-14T14:27:50: [component_container_isolated-1] Possible reasons are listed at http://wiki.ros.org/tf/Errors%20explained
2026-08-14T14:27:50: [component_container_isolated-1]          at line 294 in ./src/buffer_core.cpp
2026-08-14T14:27:50: [component_container_isolated-1] Warning: TF_OLD_DATA ignoring data from the past for frame odom at time 1786685257.581436 according to authority Authority undetectable
2026-08-14T14:27:50: [component_container_isolated-1] Possible reasons are listed at http://wiki.ros.org/tf/Errors%20explained
2026-08-14T14:27:50: [component_container_isolated-1]          at line 294 in ./src/buffer_core.cpp
2026-08-14T14:27:50: [component_container_isolated-1] Warning: TF_OLD_DATA ignoring data from the past for frame odom at time 1786685257.681056 according to authority Authority undetectable
2026-08-14T14:27:50: [component_container_isolated-1] Possible reasons are listed at http://wiki.ros.org/tf/Errors%20explained
2026-08-14T14:27:50: [component_container_isolated-1]          at line 294 in ./src/buffer_core.cpp
2026-08-14T14:27:50: [component_container_isolated-1] Warning: TF_OLD_DATA ignoring data from the past for frame odom at time 1786685257.780519 according to authority Authority undetectable
2026-08-14T14:27:50: [component_container_isolated-1] Possible reasons are listed at http://wiki.ros.org/tf/Errors%20explained
2026-08-14T14:27:50: [component_container_isolated-1]          at line 294 in ./src/buffer_core.cpp
2026-08-14T14:27:50: [component_container_isolated-1] Warning: TF_OLD_DATA ignoring data from the past for frame odom at time 1786685257.880099 according to authority Authority undetectable
2026-08-14T14:27:50: [component_container_isolated-1] Possible reasons are listed at http://wiki.ros.org/tf/Errors%20explained
2026-08-14T14:27:50: [component_container_isolated-1]          at line 294 in ./src/buffer_core.cpp
2026-08-14T14:27:50: [component_container_isolated-1] Warning: TF_OLD_DATA ignoring data from the past for frame odom at time 1786685257.980741 according to authority Authority undetectable
2026-08-14T14:27:50: [component_container_isolated-1] Possible reasons are listed at http://wiki.ros.org/tf/Errors%20explained
2026-08-14T14:27:50: [component_container_isolated-1]          at line 294 in ./src/buffer_core.cpp
2026-08-14T14:27:50: [component_container_isolated-1] Warning: TF_OLD_DATA ignoring data from the past for frame odom at time 1786685257.581436 according to authority Authority undetectable
2026-08-14T14:27:50: [component_container_isolated-1] Possible reasons are listed at http://wiki.ros.org/tf/Errors%20explained
2026-08-14T14:27:50: [component_container_isolated-1]          at line 294 in ./src/buffer_core.cpp
2026-08-14T14:27:50: [component_container_isolated-1] Warning: TF_OLD_DATA ignoring data from the past for frame odom at time 1786685256.984248 according to authority Authority undetectable
2026-08-14T14:27:50: [component_container_isolated-1] Possible reasons are listed at http://wiki.ros.org/tf/Errors%20explained
2026-08-14T14:27:50: [component_container_isolated-1]          at line 294 in ./src/buffer_core.cpp
2026-08-14T14:27:50: [component_container_isolated-1] Warning: TF_OLD_DATA ignoring data from the past for frame odom at time 1786685257.083648 according to authority Authority undetectable
2026-08-14T14:27:50: [component_container_isolated-1] Possible reasons are listed at http://wiki.ros.org/tf/Errors%20explained
2026-08-14T14:27:50: [component_container_isolated-1]          at line 294 in ./src/buffer_core.cpp
2026-08-14T14:27:50: [component_container_isolated-1] Warning: TF_OLD_DATA ignoring data from the past for frame odom at time 1786685257.183200 according to authority Authority undetectable
2026-08-14T14:27:50: [component_container_isolated-1] Possible reasons are listed at http://wiki.ros.org/tf/Errors%20explained
2026-08-14T14:27:50: [component_container_isolated-1]          at line 294 in ./src/buffer_core.cpp
2026-08-14T14:27:50: [component_container_isolated-1] Warning: TF_OLD_DATA ignoring data from the past for frame odom at time 1786685257.282825 according to authority Authority undetectable
2026-08-14T14:27:50: [component_container_isolated-1] Possible reasons are listed at http://wiki.ros.org/tf/Errors%20explained
2026-08-14T14:27:50: [component_container_isolated-1]          at line 294 in ./src/buffer_core.cpp
2026-08-14T14:27:50: [component_container_isolated-1] Warning: TF_OLD_DATA ignoring data from the past for frame odom at time 1786685257.385076 according to authority Authority undetectable
2026-08-14T14:27:50: [component_container_isolated-1] Possible reasons are listed at http://wiki.ros.org/tf/Errors%20explained
2026-08-14T14:27:50: [component_container_isolated-1]          at line 294 in ./src/buffer_core.cpp
2026-08-14T14:27:50: [component_container_isolated-1] Warning: TF_OLD_DATA ignoring data from the past for frame odom at time 1786685257.481833 according to authority Authority undetectable
2026-08-14T14:27:50: [component_container_isolated-1] Possible reasons are listed at http://wiki.ros.org/tf/Errors%20explained
2026-08-14T14:27:50: [component_container_isolated-1]          at line 294 in ./src/buffer_core.cpp
2026-08-14T14:27:50: [component_container_isolated-1] Warning: TF_OLD_DATA ignoring data from the past for frame odom at time 1786685257.581436 according to authority Authority undetectable
2026-08-14T14:27:50: [component_container_isolated-1] Possible reasons are listed at http://wiki.ros.org/tf/Errors%20explained
2026-08-14T14:27:50: [component_container_isolated-1]          at line 294 in ./src/buffer_core.cpp
2026-08-14T14:27:50: [component_container_isolated-1] Warning: TF_OLD_DATA ignoring data from the past for frame odom at time 1786685257.681056 according to authority Authority undetectable
2026-08-14T14:27:50: [component_container_isolated-1] Possible reasons are listed at http://wiki.ros.org/tf/Errors%20explained
2026-08-14T14:27:50: [component_container_isolated-1]          at line 294 in ./src/buffer_core.cpp
2026-08-14T14:27:50: [component_container_isolated-1] Warning: TF_OLD_DATA ignoring data from the past for frame odom at time 1786685257.780519 according to authority Authority undetectable
2026-08-14T14:27:50: [component_container_isolated-1] Possible reasons are listed at http://wiki.ros.org/tf/Errors%20explained
2026-08-14T14:27:50: [component_container_isolated-1]          at line 294 in ./src/buffer_core.cpp
2026-08-14T14:27:50: [component_container_isolated-1] Warning: TF_OLD_DATA ignoring data from the past for frame odom at time 1786685257.880099 according to authority Authority undetectable
2026-08-14T14:27:50: [component_container_isolated-1] Possible reasons are listed at http://wiki.ros.org/tf/Errors%20explained
2026-08-14T14:27:50: [component_container_isolated-1]          at line 294 in ./src/buffer_core.cpp
2026-08-14T14:27:50: [component_container_isolated-1] Warning: TF_OLD_DATA ignoring data from the past for frame odom at time 1786685257.980741 according to authority Authority undetectable
2026-08-14T14:27:50: [component_container_isolated-1] Possible reasons are listed at http://wiki.ros.org/tf/Errors%20explained
2026-08-14T14:27:50: [component_container_isolated-1]          at line 294 in ./src/buffer_core.cpp
2026-08-14T14:27:50: [component_container_isolated-1] Warning: TF_OLD_DATA ignoring data from the past for frame odom at time 1786685257.681056 according to authority Authority undetectable
2026-08-14T14:27:50: [component_container_isolated-1] Possible reasons are listed at http://wiki.ros.org/tf/Errors%20explained
2026-08-14T14:27:50: [component_container_isolated-1]          at line 294 in ./src/buffer_core.cpp
2026-08-14T14:27:50: [component_container_isolated-1] Warning: TF_OLD_DATA ignoring data from the past for frame odom at time 1786685257.780519 according to authority Authority undetectable
2026-08-14T14:27:50: [component_container_isolated-1] Possible reasons are listed at http://wiki.ros.org/tf/Errors%20explained
2026-08-14T14:27:50: [component_container_isolated-1]          at line 294 in ./src/buffer_core.cpp
2026-08-14T14:27:50: [component_container_isolated-1] Warning: TF_OLD_DATA ignoring data from the past for frame odom at time 1786685257.880099 according to authority Authority undetectable
2026-08-14T14:27:50: [component_container_isolated-1] Possible reasons are listed at http://wiki.ros.org/tf/Errors%20explained
2026-08-14T14:27:50: [component_container_isolated-1]          at line 294 in ./src/buffer_core.cpp
2026-08-14T14:27:50: [component_container_isolated-1] Warning: TF_OLD_DATA ignoring data from the past for frame odom at time 1786685257.980741 according to authority Authority undetectable
2026-08-14T14:27:50: [component_container_isolated-1] Possible reasons are listed at http://wiki.ros.org/tf/Errors%20explained
2026-08-14T14:27:50: [component_container_isolated-1]          at line 294 in ./src/buffer_core.cpp
2026-08-14T14:27:50: [component_container_isolated-1] Warning: TF_OLD_DATA ignoring data from the past for frame odom at time 1786685258.079200 according to authority Authority undetectable
2026-08-14T14:27:50: [component_container_isolated-1] Possible reasons are listed at http://wiki.ros.org/tf/Errors%20explained
2026-08-14T14:27:50: [component_container_isolated-1]          at line 294 in ./src/buffer_core.cpp
2026-08-14T14:27:50: [component_container_isolated-1] Warning: TF_OLD_DATA ignoring data from the past for frame odom at time 1786685258.079200 according to authority Authority undetectable
2026-08-14T14:27:50: [component_container_isolated-1] Possible reasons are listed at http://wiki.ros.org/tf/Errors%20explained
2026-08-14T14:27:50: [component_container_isolated-1]          at line 294 in ./src/buffer_core.cpp
2026-08-14T14:27:50: [component_container_isolated-1] Warning: TF_OLD_DATA ignoring data from the past for frame odom at time 1786685258.079200 according to authority Authority undetectable
2026-08-14T14:27:50: [component_container_isolated-1] Possible reasons are listed at http://wiki.ros.org/tf/Errors%20explained
2026-08-14T14:27:50: [component_container_isolated-1]          at line 294 in ./src/buffer_core.cpp
2026-08-14T14:27:50: [component_container_isolated-1] Warning: TF_OLD_DATA ignoring data from the past for frame odom at time 1786685258.178816 according to authority Authority undetectable
2026-08-14T14:27:50: [component_container_isolated-1] Possible reasons are listed at http://wiki.ros.org/tf/Errors%20explained
2026-08-14T14:27:50: [component_container_isolated-1]          at line 294 in ./src/buffer_core.cpp
2026-08-14T14:27:50: [component_container_isolated-1] [INFO] [1786685270.262170369] [velocity_smoother]: Activating
2026-08-14T14:27:50: [component_container_isolated-1] Warning: TF_OLD_DATA ignoring data from the past for frame odom at time 1786685258.278878 according to authority Authority undetectable
2026-08-14T14:27:50: [component_container_isolated-1] Possible reasons are listed at http://wiki.ros.org/tf/Errors%20explained
2026-08-14T14:27:50: [component_container_isolated-1]          at line 294 in ./src/buffer_core.cpp
2026-08-14T14:27:50: [component_container_isolated-1] Warning: TF_OLD_DATA ignoring data from the past for frame odom at time 1786685258.178816 according to authority Authority undetectable
2026-08-14T14:27:50: [component_container_isolated-1] Possible reasons are listed at http://wiki.ros.org/tf/Errors%20explained
2026-08-14T14:27:50: [component_container_isolated-1] [INFO] [1786685270.269321947] [velocity_smoother]: Creating bond (velocity_smoother) to lifecycle manager.
2026-08-14T14:27:50: [component_container_isolated-1] [INFO] [1786685270.268650679] [waypoint_follower]: Activating
2026-08-14T14:27:50: [component_container_isolated-1] [INFO] [1786685270.271717059] [waypoint_follower]: Creating bond (waypoint_follower) to lifecycle manager.
2026-08-14T14:27:50: [component_container_isolated-1]          at line 294 in ./src/buffer_core.cpp
2026-08-14T14:27:50: [component_container_isolated-1] Warning: TF_OLD_DATA ignoring data from the past for frame odom at time 1786685258.278878 according to authority Authority undetectable
2026-08-14T14:27:50: [component_container_isolated-1] Possible reasons are listed at http://wiki.ros.org/tf/Errors%20explained
2026-08-14T14:27:50: [component_container_isolated-1]          at line 294 in ./src/buffer_core.cpp
2026-08-14T14:27:50: [component_container_isolated-1] Warning: TF_OLD_DATA ignoring data from the past for frame odom at time 1786685258.178816 according to authority Authority undetectable
2026-08-14T14:27:50: [component_container_isolated-1] Possible reasons are listed at http://wiki.ros.org/tf/Errors%20explained
2026-08-14T14:27:50: [component_container_isolated-1]          at line 294 in ./src/buffer_core.cpp
2026-08-14T14:27:50: [component_container_isolated-1] Warning: TF_OLD_DATA ignoring data from the past for frame odom at time 1786685258.079200 according to authority Authority undetectable
2026-08-14T14:27:50: [component_container_isolated-1] Possible reasons are listed at http://wiki.ros.org/tf/Errors%20explained
2026-08-14T14:27:50: [component_container_isolated-1]          at line 294 in ./src/buffer_core.cpp
2026-08-14T14:27:50: [component_container_isolated-1] Warning: TF_OLD_DATA ignoring data from the past for frame odom at time 1786685258.178816 according to authority Authority undetectable
2026-08-14T14:27:50: [component_container_isolated-1] Possible reasons are listed at http://wiki.ros.org/tf/Errors%20explained
2026-08-14T14:27:50: [component_container_isolated-1]          at line 294 in ./src/buffer_core.cpp
2026-08-14T14:27:50: [component_container_isolated-1] Warning: TF_OLD_DATA ignoring data from the past for frame odom at time 1786685258.278878 according to authority Authority undetectable
2026-08-14T14:27:50: [component_container_isolated-1] Possible reasons are listed at http://wiki.ros.org/tf/Errors%20explained
2026-08-14T14:27:50: [component_container_isolated-1]          at line 294 in ./src/buffer_core.cpp
2026-08-14T14:27:50: [component_container_isolated-1] Warning: TF_OLD_DATA ignoring data from the past for frame odom at time 1786685258.278878 according to authority Authority undetectable
2026-08-14T14:27:50: [component_container_isolated-1] Possible reasons are listed at http://wiki.ros.org/tf/Errors%20explained
2026-08-14T14:27:50: [component_container_isolated-1]          at line 294 in ./src/buffer_core.cpp
2026-08-14T14:27:50: [component_container_isolated-1] [WARN] [1786685270.313299619] [rcl_lifecycle]: No transition matching 3 found for current state active
2026-08-14T14:27:50: [component_container_isolated-1] [WARN] [1786685270.314005090] [rcl_lifecycle]: No transition matching 3 found for current state active
2026-08-14T14:27:50: [component_container_isolated-1] [ERROR] [1786685270.314057015] [smoother_server]: Unable to start transition 3 from current state active: Transition is not registered., at ./src/rcl_lifecycle.c:355
2026-08-14T14:27:50: [component_container_isolated-1] Warning: TF_OLD_DATA ignoring data from the past for frame odom at time 1786685258.079200 according to authority Authority undetectable
2026-08-14T14:27:50: [component_container_isolated-1] Possible reasons are listed at http://wiki.ros.org/tf/Errors%20explained
2026-08-14T14:27:50: [component_container_isolated-1]          at line 294 in ./src/buffer_core.cpp
2026-08-14T14:27:50: [component_container_isolated-1] Warning: TF_OLD_DATA ignoring data from the past for frame odom at time 1786685258.178816 according to authority Authority undetectable
2026-08-14T14:27:50: [component_container_isolated-1] Possible reasons are listed at http://wiki.ros.org/tf/Errors%20explained
2026-08-14T14:27:50: [component_container_isolated-1]          at line 294 in ./src/buffer_core.cpp
2026-08-14T14:27:50: [component_container_isolated-1] Warning: TF_OLD_DATA ignoring data from the past for frame odom at time 1786685258.278878 according to authority Authority undetectable
2026-08-14T14:27:50: [component_container_isolated-1] Possible reasons are listed at http://wiki.ros.org/tf/Errors%20explained
2026-08-14T14:27:50: [component_container_isolated-1]          at line 294 in ./src/buffer_core.cpp
2026-08-14T14:27:50: [component_container_isolated-1] [WARN] [1786685270.332588700] [rcl_lifecycle]: No transition matching 3 found for current state active
2026-08-14T14:27:50: [component_container_isolated-1] [WARN] [1786685270.332674143] [rcl_lifecycle]: No transition matching 3 found for current state active
2026-08-14T14:27:50: [component_container_isolated-1] [ERROR] [1786685270.332702976] [planner_server]: Unable to start transition 3 from current state active: Transition is not registered., at ./src/rcl_lifecycle.c:355
2026-08-14T14:27:51: [component_container_isolated-1] [INFO] [1786685271.347540508] [amcl]: initialPoseReceived
2026-08-14T14:27:51: [component_container_isolated-1] [WARN] [1786685271.347851929] [amcl]: Failed to transform initial pose in time (Lookup would require extrapolation into the future.  Requested time 1786685271.347725 but the latest data is at time 1786685271.314865, when looking up transform from frame [base_footprint] to frame [odom])
2026-08-14T14:27:51: [component_container_isolated-1] [INFO] [1786685271.347988334] [amcl]: Setting pose (1786685271.347983): -2.614 2.038 0.002
2026-08-14T14:27:52: [component_container_isolated-1] Warning: TF_OLD_DATA ignoring data from the past for frame odom at time 1786685258.377907 according to authority Authority undetectable
2026-08-14T14:27:52: [component_container_isolated-1] Possible reasons are listed at http://wiki.ros.org/tf/Errors%20explained
2026-08-14T14:27:52: [component_container_isolated-1]          at line 294 in ./src/buffer_core.cpp
2026-08-14T14:27:52: [component_container_isolated-1] Warning: TF_OLD_DATA ignoring data from the past for frame odom at time 1786685258.377907 according to authority Authority undetectable
2026-08-14T14:27:52: [component_container_isolated-1] Possible reasons are listed at http://wiki.ros.org/tf/Errors%20explained
2026-08-14T14:27:52: [component_container_isolated-1]          at line 294 in ./src/buffer_core.cpp
2026-08-14T14:27:52: [component_container_isolated-1] Warning: TF_OLD_DATA ignoring data from the past for frame odom at time 1786685258.477514 according to authority Authority undetectable
2026-08-14T14:27:52: [component_container_isolated-1] Possible reasons are listed at http://wiki.ros.org/tf/Errors%20explained
2026-08-14T14:27:52: [component_container_isolated-1]          at line 294 in ./src/buffer_core.cpp
2026-08-14T14:27:52: [component_container_isolated-1] Warning: TF_OLD_DATA ignoring data from the past for frame odom at time 1786685258.377907 according to authority Authority undetectable
2026-08-14T14:27:52: [component_container_isolated-1] Possible reasons are listed at http://wiki.ros.org/tf/Errors%20explained
2026-08-14T14:27:52: [component_container_isolated-1]          at line 294 in ./src/buffer_core.cpp
2026-08-14T14:27:52: [component_container_isolated-1] Warning: TF_OLD_DATA ignoring data from the past for frame odom at time 1786685258.577247 according to authority Authority undetectable
2026-08-14T14:27:52: [component_container_isolated-1] Possible reasons are listed at http://wiki.ros.org/tf/Errors%20explained
2026-08-14T14:27:52: [component_container_isolated-1]          at line 294 in ./src/buffer_core.cpp
2026-08-14T14:27:52: [component_container_isolated-1] Warning: TF_OLD_DATA ignoring data from the past for frame odom at time 1786685258.679444 according to authority Authority undetectable
2026-08-14T14:27:52: [component_container_isolated-1] Possible reasons are listed at http://wiki.ros.org/tf/Errors%20explained
2026-08-14T14:27:52: [component_container_isolated-1]          at line 294 in ./src/buffer_core.cpp
2026-08-14T14:27:52: [component_container_isolated-1] Warning: TF_OLD_DATA ignoring data from the past for frame odom at time 1786685258.477514 according to authority Authority undetectable
2026-08-14T14:27:52: [component_container_isolated-1] Possible reasons are listed at http://wiki.ros.org/tf/Errors%20explained
2026-08-14T14:27:52: [component_container_isolated-1]          at line 294 in ./src/buffer_core.cpp
2026-08-14T14:27:52: [component_container_isolated-1] Warning: TF_OLD_DATA ignoring data from the past for frame odom at time 1786685258.377907 according to authority Authority undetectable
2026-08-14T14:27:52: [component_container_isolated-1] Possible reasons are listed at http://wiki.ros.org/tf/Errors%20explained
2026-08-14T14:27:52: [component_container_isolated-1]          at line 294 in ./src/buffer_core.cpp
2026-08-14T14:27:52: [component_container_isolated-1] Warning: TF_OLD_DATA ignoring data from the past for frame odom at time 1786685258.477514 according to authority Authority undetectable
2026-08-14T14:27:52: [component_container_isolated-1] Possible reasons are listed at http://wiki.ros.org/tf/Errors%20explained
2026-08-14T14:27:52: [component_container_isolated-1]          at line 294 in ./src/buffer_core.cpp
2026-08-14T14:27:52: [component_container_isolated-1] Warning: TF_OLD_DATA ignoring data from the past for frame odom at time 1786685258.577247 according to authority Authority undetectable
2026-08-14T14:27:52: [component_container_isolated-1] Possible reasons are listed at http://wiki.ros.org/tf/Errors%20explained
2026-08-14T14:27:52: [component_container_isolated-1]          at line 294 in ./src/buffer_core.cpp
2026-08-14T14:27:52: [component_container_isolated-1] Warning: TF_OLD_DATA ignoring data from the past for frame odom at time 1786685258.679444 according to authority Authority undetectable
2026-08-14T14:27:52: [component_container_isolated-1] Possible reasons are listed at http://wiki.ros.org/tf/Errors%20explained
2026-08-14T14:27:52: [component_container_isolated-1]          at line 294 in ./src/buffer_core.cpp
2026-08-14T14:27:52: [component_container_isolated-1] Warning: TF_OLD_DATA ignoring data from the past for frame odom at time 1786685258.477514 according to authority Authority undetectable
2026-08-14T14:27:52: [component_container_isolated-1] Possible reasons are listed at http://wiki.ros.org/tf/Errors%20explained
2026-08-14T14:27:52: [component_container_isolated-1]          at line 294 in ./src/buffer_core.cpp
2026-08-14T14:27:52: [component_container_isolated-1] Warning: TF_OLD_DATA ignoring data from the past for frame odom at time 1786685258.577247 according to authority Authority undetectable
2026-08-14T14:27:52: [component_container_isolated-1] Possible reasons are listed at http://wiki.ros.org/tf/Errors%20explained
2026-08-14T14:27:52: [component_container_isolated-1]          at line 294 in ./src/buffer_core.cpp
2026-08-14T14:27:52: [component_container_isolated-1] Warning: TF_OLD_DATA ignoring data from the past for frame odom at time 1786685258.679444 according to authority Authority undetectable
2026-08-14T14:27:52: [component_container_isolated-1] Possible reasons are listed at http://wiki.ros.org/tf/Errors%20explained
2026-08-14T14:27:52: [component_container_isolated-1]          at line 294 in ./src/buffer_core.cpp
2026-08-14T14:27:52: [component_container_isolated-1] Warning: TF_OLD_DATA ignoring data from the past for frame odom at time 1786685258.577247 according to authority Authority undetectable
2026-08-14T14:27:52: [component_container_isolated-1] Possible reasons are listed at http://wiki.ros.org/tf/Errors%20explained
2026-08-14T14:27:52: [component_container_isolated-1]          at line 294 in ./src/buffer_core.cpp
2026-08-14T14:27:52: [component_container_isolated-1] Warning: TF_OLD_DATA ignoring data from the past for frame odom at time 1786685258.679444 according to authority Authority undetectable
2026-08-14T14:27:52: [component_container_isolated-1] Possible reasons are listed at http://wiki.ros.org/tf/Errors%20explained
2026-08-14T14:27:52: [component_container_isolated-1]          at line 294 in ./src/buffer_core.cpp
2026-08-14T14:27:52: [component_container_isolated-1] Warning: TF_OLD_DATA ignoring data from the past for frame odom at time 1786685258.377907 according to authority Authority undetectable
2026-08-14T14:27:52: [component_container_isolated-1] Possible reasons are listed at http://wiki.ros.org/tf/Errors%20explained
2026-08-14T14:27:52: [component_container_isolated-1]          at line 294 in ./src/buffer_core.cpp
2026-08-14T14:27:52: [component_container_isolated-1] Warning: TF_OLD_DATA ignoring data from the past for frame odom at time 1786685258.477514 according to authority Authority undetectable
2026-08-14T14:27:52: [component_container_isolated-1] Possible reasons are listed at http://wiki.ros.org/tf/Errors%20explained
2026-08-14T14:27:52: [component_container_isolated-1]          at line 294 in ./src/buffer_core.cpp
2026-08-14T14:27:52: [component_container_isolated-1] Warning: TF_OLD_DATA ignoring data from the past for frame odom at time 1786685258.577247 according to authority Authority undetectable
2026-08-14T14:27:52: [component_container_isolated-1] Possible reasons are listed at http://wiki.ros.org/tf/Errors%20explained
2026-08-14T14:27:52: [component_container_isolated-1]          at line 294 in ./src/buffer_core.cpp
2026-08-14T14:27:52: [component_container_isolated-1] Warning: TF_OLD_DATA ignoring data from the past for frame odom at time 1786685258.679444 according to authority Authority undetectable
2026-08-14T14:27:52: [component_container_isolated-1] Possible reasons are listed at http://wiki.ros.org/tf/Errors%20explained
2026-08-14T14:27:52: [component_container_isolated-1]          at line 294 in ./src/buffer_core.cpp
2026-08-14T14:27:52: [component_container_isolated-1] Warning: TF_OLD_DATA ignoring data from the past for frame odom at time 1786685258.779585 according to authority Authority undetectable
2026-08-14T14:27:52: [component_container_isolated-1] Possible reasons are listed at http://wiki.ros.org/tf/Errors%20explained
2026-08-14T14:27:52: [component_container_isolated-1]          at line 294 in ./src/buffer_core.cpp
2026-08-14T14:27:52: [component_container_isolated-1] Warning: TF_OLD_DATA ignoring data from the past for frame odom at time 1786685258.779585 according to authority Authority undetectable
2026-08-14T14:27:52: [component_container_isolated-1] Possible reasons are listed at http://wiki.ros.org/tf/Errors%20explained
2026-08-14T14:27:52: [component_container_isolated-1]          at line 294 in ./src/buffer_core.cpp
2026-08-14T14:27:52: [component_container_isolated-1] Warning: TF_OLD_DATA ignoring data from the past for frame odom at time 1786685258.779585 according to authority Authority undetectable
2026-08-14T14:27:52: [component_container_isolated-1] Possible reasons are listed at http://wiki.ros.org/tf/Errors%20explained
2026-08-14T14:27:52: [component_container_isolated-1]          at line 294 in ./src/buffer_core.cpp
2026-08-14T14:27:52: [component_container_isolated-1] Warning: TF_OLD_DATA ignoring data from the past for frame odom at time 1786685258.779585 according to authority Authority undetectable
2026-08-14T14:27:52: [component_container_isolated-1] Possible reasons are listed at http://wiki.ros.org/tf/Errors%20explained
2026-08-14T14:27:52: [component_container_isolated-1]          at line 294 in ./src/buffer_core.cpp
2026-08-14T14:27:52: [component_container_isolated-1] Warning: TF_OLD_DATA ignoring data from the past for frame odom at time 1786685258.779585 according to authority Authority undetectable
2026-08-14T14:27:52: [component_container_isolated-1] Possible reasons are listed at http://wiki.ros.org/tf/Errors%20explained
2026-08-14T14:27:52: [component_container_isolated-1]          at line 294 in ./src/buffer_core.cpp
2026-08-14T14:27:54: [component_container_isolated-1] [ERROR] [1786685274.169535963] [lifecycle_manager_navigation]: Failed to change state for node: bt_navigator. Exception: bt_navigator/get_state service client: async_send_request failed.
2026-08-14T14:27:54: [component_container_isolated-1] [ERROR] [1786685274.169816884] [lifecycle_manager_navigation]: Failed to bring up all requested nodes. Aborting bringup.
2026-08-14T14:27:54: [component_container_isolated-1] [INFO] [1786685274.655501143] [bt_navigator]: Creating bond (bt_navigator) to lifecycle manager.
2026-08-14T14:27:54: [component_container_isolated-1] Warning: TF_OLD_DATA ignoring data from the past for frame odom at time 1786685264.949503 according to authority Authority undetectable
2026-08-14T14:27:54: [component_container_isolated-1] Possible reasons are listed at http://wiki.ros.org/tf/Errors%20explained
2026-08-14T14:27:54: [component_container_isolated-1]          at line 294 in ./src/buffer_core.cpp
2026-08-14T14:27:55: [component_container_isolated-1] Warning: TF_OLD_DATA ignoring data from the past for frame odom at time 1786685264.949503 according to authority Authority undetectable
2026-08-14T14:27:55: [component_container_isolated-1] Possible reasons are listed at http://wiki.ros.org/tf/Errors%20explained
2026-08-14T14:27:55: [component_container_isolated-1]          at line 294 in ./src/buffer_core.cpp
2026-08-14T14:27:55: [component_container_isolated-1] Warning: TF_OLD_DATA ignoring data from the past for frame odom at time 1786685264.949503 according to authority Authority undetectable
2026-08-14T14:27:55: [component_container_isolated-1] Possible reasons are listed at http://wiki.ros.org/tf/Errors%20explained
2026-08-14T14:27:55: [component_container_isolated-1]          at line 294 in ./src/buffer_core.cpp
2026-08-14T14:27:55: [component_container_isolated-1] Warning: TF_OLD_DATA ignoring data from the past for frame odom at time 1786685264.949503 according to authority Authority undetectable
2026-08-14T14:27:55: [component_container_isolated-1] Possible reasons are listed at http://wiki.ros.org/tf/Errors%20explained
2026-08-14T14:27:55: [component_container_isolated-1]          at line 294 in ./src/buffer_core.cpp
2026-08-14T14:27:55: [component_container_isolated-1] [WARN] [1786685275.015733694] [rcl_lifecycle]: No transition matching 3 found for current state active
2026-08-14T14:27:55: [component_container_isolated-1] [WARN] [1786685275.015857932] [rcl_lifecycle]: No transition matching 3 found for current state active
2026-08-14T14:27:55: [component_container_isolated-1] [ERROR] [1786685275.015895210] [bt_navigator]: Unable to start transition 3 from current state active: Transition is not registered., at ./src/rcl_lifecycle.c:355
2026-08-14T14:27:55: [component_container_isolated-1] Warning: TF_OLD_DATA ignoring data from the past for frame odom at time 1786685264.949503 according to authority Authority undetectable
2026-08-14T14:27:55: [component_container_isolated-1] Possible reasons are listed at http://wiki.ros.org/tf/Errors%20explained
2026-08-14T14:27:55: [component_container_isolated-1]          at line 294 in ./src/buffer_core.cpp
2026-08-14T14:27:55: [component_container_isolated-1] Warning: TF_OLD_DATA ignoring data from the past for frame odom at time 1786685264.949503 according to authority Authority undetectable
2026-08-14T14:27:55: [component_container_isolated-1] Possible reasons are listed at http://wiki.ros.org/tf/Errors%20explained
2026-08-14T14:27:55: [component_container_isolated-1]          at line 294 in ./src/buffer_core.cpp
2026-08-14T14:27:55: [component_container_isolated-1] [INFO] [1786685275.726138150] [amcl]: Received a 371 X 353 map @ 0.050 m/pix
2026-08-14T14:27:55: [component_container_isolated-1] [INFO] [1786685275.743030377] [amcl]: createLaserObject
2026-08-14T14:27:59: [component_container_isolated-1] Warning: TF_OLD_DATA ignoring data from the past for frame odom at time 1786685269.930889 according to authority Authority undetectable
2026-08-14T14:27:59: [component_container_isolated-1] Possible reasons are listed at http://wiki.ros.org/tf/Errors%20explained
2026-08-14T14:27:59: [component_container_isolated-1]          at line 294 in ./src/buffer_core.cpp
2026-08-14T14:27:59: [component_container_isolated-1] Warning: TF_OLD_DATA ignoring data from the past for frame odom at time 1786685269.930889 according to authority Authority undetectable
2026-08-14T14:27:59: [component_container_isolated-1] Possible reasons are listed at http://wiki.ros.org/tf/Errors%20explained
2026-08-14T14:27:59: [component_container_isolated-1]          at line 294 in ./src/buffer_core.cpp
2026-08-14T14:27:59: [component_container_isolated-1] Warning: TF_OLD_DATA ignoring data from the past for frame odom at time 1786685269.930889 according to authority Authority undetectable
2026-08-14T14:27:59: [component_container_isolated-1] Possible reasons are listed at http://wiki.ros.org/tf/Errors%20explained
2026-08-14T14:27:59: [component_container_isolated-1]          at line 294 in ./src/buffer_core.cpp
2026-08-14T14:27:59: [component_container_isolated-1] Warning: TF_OLD_DATA ignoring data from the past for frame odom at time 1786685269.930889 according to authority Authority undetectable
2026-08-14T14:27:59: [component_container_isolated-1] Possible reasons are listed at http://wiki.ros.org/tf/Errors%20explained
2026-08-14T14:27:59: [component_container_isolated-1]          at line 294 in ./src/buffer_core.cpp
2026-08-14T14:27:59: [component_container_isolated-1] Warning: TF_OLD_DATA ignoring data from the past for frame odom at time 1786685269.930889 according to authority Authority undetectable
2026-08-14T14:27:59: [component_container_isolated-1] Possible reasons are listed at http://wiki.ros.org/tf/Errors%20explained
2026-08-14T14:27:59: [component_container_isolated-1]          at line 294 in ./src/buffer_core.cpp
2026-08-14T14:27:59: [component_container_isolated-1] Warning: TF_OLD_DATA ignoring data from the past for frame odom at time 1786685269.930889 according to authority Authority undetectable
2026-08-14T14:27:59: [component_container_isolated-1] Possible reasons are listed at http://wiki.ros.org/tf/Errors%20explained
2026-08-14T14:27:59: [component_container_isolated-1]          at line 294 in ./src/buffer_core.cpp
2026-08-14T14:27:59: [component_container_isolated-1] [INFO] [1786685279.364013916] [amcl]: initialPoseReceived
2026-08-14T14:27:59: [component_container_isolated-1] [WARN] [1786685279.364395096] [amcl]: Failed to transform initial pose in time (Lookup would require extrapolation into the future.  Requested time 1786685279.364233 but the latest data is at time 1786685279.318990, when looking up transform from frame [base_footprint] to frame [odom])
2026-08-14T14:27:59: [component_container_isolated-1] [INFO] [1786685279.364819553] [amcl]: Setting pose (1786685279.364815): -2.639 2.012 0.029
2026-08-14T14:28:01: [component_container_isolated-1] [INFO] [1786685281.297462143] [global_costmap.global_costmap]: Message Filter dropping message: frame 'base_scan' at time 1786685280.996 for reason 'the timestamp on the message is earlier than all the data in the transform cache'
2026-08-14T14:28:05: [component_container_isolated-1] [INFO] [1786685285.858600270] [amcl]: initialPoseReceived
2026-08-14T14:28:05: [component_container_isolated-1] [WARN] [1786685285.861900887] [amcl]: Failed to transform initial pose in time (Lookup would require extrapolation into the future.  Requested time 1786685285.861761 but the latest data is at time 1786685285.816829, when looking up transform from frame [base_footprint] to frame [odom])
2026-08-14T14:28:05: [component_container_isolated-1] [INFO] [1786685285.871513391] [amcl]: Setting pose (1786685285.871506): -2.625 1.974 0.096
2026-08-14T14:28:11: [component_container_isolated-1] [INFO] [1786685291.885767286] [amcl]: initialPoseReceived
2026-08-14T14:28:11: [component_container_isolated-1] [WARN] [1786685291.886187317] [amcl]: Failed to transform initial pose in time (Lookup would require extrapolation into the future.  Requested time 1786685291.886050 but the latest data is at time 1786685291.864560, when looking up transform from frame [base_footprint] to frame [odom])
2026-08-14T14:28:11: [component_container_isolated-1] [INFO] [1786685291.886297741] [amcl]: Setting pose (1786685291.886293): -2.665 2.011 0.145
2026-08-14T14:28:23: [component_container_isolated-1] [INFO] [1786685303.294469808] [amcl]: initialPoseReceived
2026-08-14T14:28:23: [component_container_isolated-1] [WARN] [1786685303.294828877] [amcl]: Failed to transform initial pose in time (Lookup would require extrapolation into the future.  Requested time 1786685303.294683 but the latest data is at time 1786685303.265360, when looking up transform from frame [base_footprint] to frame [odom])
2026-08-14T14:28:23: [component_container_isolated-1] [INFO] [1786685303.294956523] [amcl]: Setting pose (1786685303.294951): -2.713 1.907 0.067
2026-08-14T14:33:38: [WARNING] [launch]: user interrupted with ctrl-c (SIGINT)
2026-08-14T14:33:39: [INFO] [component_container_isolated-1]: sending signal 'SIGINT' to process[component_container_isolated-1]
2026-08-14T14:33:39: [component_container_isolated-1] [INFO] [1786685618.996341458] [rclcpp]: signal_handler(SIGINT/SIGTERM)
2026-08-14T14:33:39: [component_container_isolated-1] [INFO] [1786685618.996534085] [lifecycle_manager_navigation]: Running Nav2 LifecycleManager rcl preshutdown (lifecycle_manager_navigation)
2026-08-14T14:42:20: [05_navigation] navigation2.launch.py 시작
2026-08-14T14:42:23: [INFO] [launch]: All log files can be found below /home/yeyu/.ros/log/2026-08-14-14-42-23-164983-YEYU-13942
2026-08-14T14:42:23: [INFO] [launch]: Default logging verbosity is set to INFO
2026-08-14T14:42:27: [INFO] [component_container_isolated-1]: process started with pid [14058]
2026-08-14T14:42:27: [INFO] [rviz2-2]: process started with pid [14060]
2026-08-14T14:42:27: [rviz2-2] qt.qpa.xcb: could not connect to display 
2026-08-14T14:42:27: [rviz2-2] qt.qpa.plugin: Could not load the Qt platform plugin "xcb" in "" even though it was found.
2026-08-14T14:42:27: [rviz2-2] This application failed to start because no Qt platform plugin could be initialized. Reinstalling the application may fix this problem.
2026-08-14T14:42:27: [rviz2-2] 
2026-08-14T14:42:27: [rviz2-2] Available platform plugins are: eglfs, linuxfb, minimal, minimalegl, offscreen, vnc, xcb.
2026-08-14T14:42:27: [rviz2-2] 
2026-08-14T14:42:27: [component_container_isolated-1] [INFO] [1786686147.375037017] [nav2_container]: Load Library: /opt/ros/humble/lib/libmap_server_core.so
2026-08-14T14:42:27: [component_container_isolated-1] [INFO] [1786686147.427174950] [nav2_container]: Found class: rclcpp_components::NodeFactoryTemplate<nav2_map_server::CostmapFilterInfoServer>
2026-08-14T14:42:27: [component_container_isolated-1] [INFO] [1786686147.427485315] [nav2_container]: Found class: rclcpp_components::NodeFactoryTemplate<nav2_map_server::MapSaver>
2026-08-14T14:42:27: [component_container_isolated-1] [INFO] [1786686147.427614406] [nav2_container]: Found class: rclcpp_components::NodeFactoryTemplate<nav2_map_server::MapServer>
2026-08-14T14:42:27: [component_container_isolated-1] [INFO] [1786686147.427750885] [nav2_container]: Instantiate class: rclcpp_components::NodeFactoryTemplate<nav2_map_server::MapServer>
2026-08-14T14:42:27: [component_container_isolated-1] [INFO] [1786686147.497798751] [map_server]: 
2026-08-14T14:42:27: [component_container_isolated-1] 	map_server lifecycle node launched. 
2026-08-14T14:42:27: [component_container_isolated-1] 	Waiting on external lifecycle transitions to activate
2026-08-14T14:42:27: [component_container_isolated-1] 	See https://design.ros2.org/articles/node_lifecycle.html for more information.
2026-08-14T14:42:27: [component_container_isolated-1] [INFO] [1786686147.498113135] [map_server]: Creating
2026-08-14T14:42:27: [INFO] [launch_ros.actions.load_composable_nodes]: Loaded node '/map_server' in container '/nav2_container'
2026-08-14T14:42:27: [component_container_isolated-1] [INFO] [1786686147.506106551] [nav2_container]: Load Library: /opt/ros/humble/lib/libcontroller_server_core.so
2026-08-14T14:42:27: [component_container_isolated-1] [INFO] [1786686147.534941670] [nav2_container]: Found class: rclcpp_components::NodeFactoryTemplate<nav2_controller::ControllerServer>
2026-08-14T14:42:27: [component_container_isolated-1] [INFO] [1786686147.535093408] [nav2_container]: Instantiate class: rclcpp_components::NodeFactoryTemplate<nav2_controller::ControllerServer>
2026-08-14T14:42:27: [component_container_isolated-1] [INFO] [1786686147.597025915] [controller_server]: 
2026-08-14T14:42:27: [component_container_isolated-1] 	controller_server lifecycle node launched. 
2026-08-14T14:42:27: [component_container_isolated-1] 	Waiting on external lifecycle transitions to activate
2026-08-14T14:42:27: [component_container_isolated-1] 	See https://design.ros2.org/articles/node_lifecycle.html for more information.
2026-08-14T14:42:27: [component_container_isolated-1] [INFO] [1786686147.680612816] [controller_server]: Creating controller server
2026-08-14T14:42:27: [component_container_isolated-1] [INFO] [1786686147.725740096] [local_costmap.local_costmap]: 
2026-08-14T14:42:27: [component_container_isolated-1] 	local_costmap lifecycle node launched. 
2026-08-14T14:42:27: [component_container_isolated-1] 	Waiting on external lifecycle transitions to activate
2026-08-14T14:42:27: [component_container_isolated-1] 	See https://design.ros2.org/articles/node_lifecycle.html for more information.
2026-08-14T14:42:27: [component_container_isolated-1] [INFO] [1786686147.732710842] [local_costmap.local_costmap]: Creating Costmap
2026-08-14T14:42:27: [component_container_isolated-1] [INFO] [1786686147.756144376] [nav2_container]: Load Library: /opt/ros/humble/lib/libamcl_core.so
2026-08-14T14:42:27: [INFO] [launch_ros.actions.load_composable_nodes]: Loaded node '/controller_server' in container '/nav2_container'
2026-08-14T14:42:27: [component_container_isolated-1] [INFO] [1786686147.766011671] [nav2_container]: Found class: rclcpp_components::NodeFactoryTemplate<nav2_amcl::AmclNode>
2026-08-14T14:42:27: [component_container_isolated-1] [INFO] [1786686147.766176113] [nav2_container]: Instantiate class: rclcpp_components::NodeFactoryTemplate<nav2_amcl::AmclNode>
2026-08-14T14:42:27: [component_container_isolated-1] [INFO] [1786686147.820318793] [amcl]: 
2026-08-14T14:42:27: [component_container_isolated-1] 	amcl lifecycle node launched. 
2026-08-14T14:42:27: [component_container_isolated-1] 	Waiting on external lifecycle transitions to activate
2026-08-14T14:42:27: [component_container_isolated-1] 	See https://design.ros2.org/articles/node_lifecycle.html for more information.
2026-08-14T14:42:27: [component_container_isolated-1] [INFO] [1786686147.828681130] [amcl]: Creating
2026-08-14T14:42:27: [INFO] [launch_ros.actions.load_composable_nodes]: Loaded node '/amcl' in container '/nav2_container'
2026-08-14T14:42:27: [component_container_isolated-1] [INFO] [1786686147.842995320] [nav2_container]: Load Library: /opt/ros/humble/lib/libsmoother_server_core.so
2026-08-14T14:42:27: [component_container_isolated-1] [INFO] [1786686147.848102706] [nav2_container]: Found class: rclcpp_components::NodeFactoryTemplate<nav2_smoother::SmootherServer>
2026-08-14T14:42:27: [component_container_isolated-1] [INFO] [1786686147.848235815] [nav2_container]: Instantiate class: rclcpp_components::NodeFactoryTemplate<nav2_smoother::SmootherServer>
2026-08-14T14:42:27: [component_container_isolated-1] [INFO] [1786686147.883286766] [smoother_server]: 
2026-08-14T14:42:27: [component_container_isolated-1] 	smoother_server lifecycle node launched. 
2026-08-14T14:42:27: [component_container_isolated-1] 	Waiting on external lifecycle transitions to activate
2026-08-14T14:42:27: [component_container_isolated-1] 	See https://design.ros2.org/articles/node_lifecycle.html for more information.
2026-08-14T14:42:27: [component_container_isolated-1] [INFO] [1786686147.912035238] [smoother_server]: Creating smoother server
2026-08-14T14:42:27: [INFO] [launch_ros.actions.load_composable_nodes]: Loaded node '/smoother_server' in container '/nav2_container'
2026-08-14T14:42:27: [component_container_isolated-1] [INFO] [1786686147.919012429] [nav2_container]: Load Library: /opt/ros/humble/lib/libnav2_lifecycle_manager_core.so
2026-08-14T14:42:27: [component_container_isolated-1] [INFO] [1786686147.922112067] [nav2_container]: Found class: rclcpp_components::NodeFactoryTemplate<nav2_lifecycle_manager::LifecycleManager>
2026-08-14T14:42:27: [component_container_isolated-1] [INFO] [1786686147.922264491] [nav2_container]: Instantiate class: rclcpp_components::NodeFactoryTemplate<nav2_lifecycle_manager::LifecycleManager>
2026-08-14T14:42:27: [component_container_isolated-1] [INFO] [1786686147.953118616] [lifecycle_manager_localization]: Creating
2026-08-14T14:42:27: [INFO] [launch_ros.actions.load_composable_nodes]: Loaded node '/lifecycle_manager_localization' in container '/nav2_container'
2026-08-14T14:42:27: [component_container_isolated-1] [INFO] [1786686147.966638393] [lifecycle_manager_localization]: [34m[1mCreating and initializing lifecycle service clients[0m[0m
2026-08-14T14:42:27: [component_container_isolated-1] [INFO] [1786686147.969663347] [nav2_container]: Load Library: /opt/ros/humble/lib/libplanner_server_core.so
2026-08-14T14:42:27: [component_container_isolated-1] [INFO] [1786686147.972990371] [nav2_container]: Found class: rclcpp_components::NodeFactoryTemplate<nav2_planner::PlannerServer>
2026-08-14T14:42:27: [component_container_isolated-1] [INFO] [1786686147.973162924] [nav2_container]: Instantiate class: rclcpp_components::NodeFactoryTemplate<nav2_planner::PlannerServer>
2026-08-14T14:42:27: [component_container_isolated-1] [INFO] [1786686147.991788901] [lifecycle_manager_localization]: [34m[1mStarting managed nodes bringup...[0m[0m
2026-08-14T14:42:27: [component_container_isolated-1] [INFO] [1786686147.992080397] [lifecycle_manager_localization]: [34m[1mConfiguring map_server[0m[0m
2026-08-14T14:42:28: [component_container_isolated-1] [INFO] [1786686147.993167250] [map_server]: Configuring
2026-08-14T14:42:28: [component_container_isolated-1] [INFO] [1786686147.993613910] [map_io]: Loading yaml file: /home/yeyu/yeyu_ws/src/yeyu_navigation2/map/yeyu_map1.yaml
2026-08-14T14:42:28: [component_container_isolated-1] [INFO] [1786686147.994467731] [map_io]: resolution: 0.05
2026-08-14T14:42:28: [component_container_isolated-1] [INFO] [1786686147.994603655] [map_io]: origin[0]: -8.47
2026-08-14T14:42:28: [component_container_isolated-1] [INFO] [1786686147.994629284] [map_io]: origin[1]: -9.45
2026-08-14T14:42:28: [component_container_isolated-1] [INFO] [1786686147.994652913] [map_io]: origin[2]: 0
2026-08-14T14:42:28: [component_container_isolated-1] [INFO] [1786686147.994676487] [map_io]: free_thresh: 0.25
2026-08-14T14:42:28: [component_container_isolated-1] [INFO] [1786686147.994699024] [map_io]: occupied_thresh: 0.65
2026-08-14T14:42:28: [component_container_isolated-1] [INFO] [1786686147.994727801] [map_io]: mode: trinary
2026-08-14T14:42:28: [component_container_isolated-1] [INFO] [1786686147.994752078] [map_io]: negate: 0
2026-08-14T14:42:28: [component_container_isolated-1] [INFO] [1786686147.995481660] [map_io]: Loading image_file: /home/yeyu/yeyu_ws/src/yeyu_navigation2/map/yeyu_map1.pgm
2026-08-14T14:42:28: [component_container_isolated-1] [INFO] [1786686148.033743951] [planner_server]: 
2026-08-14T14:42:28: [component_container_isolated-1] 	planner_server lifecycle node launched. 
2026-08-14T14:42:28: [component_container_isolated-1] 	Waiting on external lifecycle transitions to activate
2026-08-14T14:42:28: [component_container_isolated-1] 	See https://design.ros2.org/articles/node_lifecycle.html for more information.
2026-08-14T14:42:28: [component_container_isolated-1] [INFO] [1786686148.050779656] [map_io]: Read map /home/yeyu/yeyu_ws/src/yeyu_navigation2/map/yeyu_map1.pgm: 371 X 353 map @ 0.05 m/cell
2026-08-14T14:42:28: [component_container_isolated-1] [INFO] [1786686148.059800112] [lifecycle_manager_localization]: [34m[1mConfiguring amcl[0m[0m
2026-08-14T14:42:28: [component_container_isolated-1] [INFO] [1786686148.060486768] [amcl]: Configuring
2026-08-14T14:42:28: [component_container_isolated-1] [INFO] [1786686148.060789153] [amcl]: initTransforms
2026-08-14T14:42:28: [component_container_isolated-1] [INFO] [1786686148.067130871] [planner_server]: Creating
2026-08-14T14:42:28: [component_container_isolated-1] [INFO] [1786686148.107564463] [amcl]: initPubSub
2026-08-14T14:42:28: [component_container_isolated-1] [INFO] [1786686148.127490643] [global_costmap.global_costmap]: 
2026-08-14T14:42:28: [component_container_isolated-1] 	global_costmap lifecycle node launched. 
2026-08-14T14:42:28: [component_container_isolated-1] 	Waiting on external lifecycle transitions to activate
2026-08-14T14:42:28: [component_container_isolated-1] 	See https://design.ros2.org/articles/node_lifecycle.html for more information.
2026-08-14T14:42:28: [component_container_isolated-1] [INFO] [1786686148.128094967] [amcl]: Subscribed to map topic.
2026-08-14T14:42:28: [component_container_isolated-1] [INFO] [1786686148.137653230] [global_costmap.global_costmap]: Creating Costmap
2026-08-14T14:42:28: [component_container_isolated-1] [INFO] [1786686148.151185488] [lifecycle_manager_localization]: [34m[1mActivating map_server[0m[0m
2026-08-14T14:42:28: [component_container_isolated-1] [INFO] [1786686148.151782960] [map_server]: Activating
2026-08-14T14:42:28: [component_container_isolated-1] [INFO] [1786686148.152687076] [map_server]: Creating bond (map_server) to lifecycle manager.
2026-08-14T14:42:28: [INFO] [launch_ros.actions.load_composable_nodes]: Loaded node '/planner_server' in container '/nav2_container'
2026-08-14T14:42:28: [component_container_isolated-1] [INFO] [1786686148.155910749] [amcl]: Received a 371 X 353 map @ 0.050 m/pix
2026-08-14T14:42:28: [component_container_isolated-1] [INFO] [1786686148.183002395] [nav2_container]: Load Library: /opt/ros/humble/lib/libbehavior_server_core.so
2026-08-14T14:42:28: [component_container_isolated-1] [INFO] [1786686148.195898885] [nav2_container]: Found class: rclcpp_components::NodeFactoryTemplate<behavior_server::BehaviorServer>
2026-08-14T14:42:28: [component_container_isolated-1] [INFO] [1786686148.196046660] [nav2_container]: Instantiate class: rclcpp_components::NodeFactoryTemplate<behavior_server::BehaviorServer>
2026-08-14T14:42:28: [component_container_isolated-1] [INFO] [1786686148.231117777] [behavior_server]: 
2026-08-14T14:42:28: [component_container_isolated-1] 	behavior_server lifecycle node launched. 
2026-08-14T14:42:28: [component_container_isolated-1] 	Waiting on external lifecycle transitions to activate
2026-08-14T14:42:28: [component_container_isolated-1] 	See https://design.ros2.org/articles/node_lifecycle.html for more information.
2026-08-14T14:42:28: [INFO] [launch_ros.actions.load_composable_nodes]: Loaded node '/behavior_server' in container '/nav2_container'
2026-08-14T14:42:28: [component_container_isolated-1] [INFO] [1786686148.268717264] [lifecycle_manager_localization]: Server map_server connected with bond.
2026-08-14T14:42:28: [component_container_isolated-1] [INFO] [1786686148.268871835] [lifecycle_manager_localization]: [34m[1mActivating amcl[0m[0m
2026-08-14T14:42:28: [component_container_isolated-1] [INFO] [1786686148.269396272] [amcl]: Activating
2026-08-14T14:42:28: [component_container_isolated-1] [INFO] [1786686148.269549047] [amcl]: Creating bond (amcl) to lifecycle manager.
2026-08-14T14:42:28: [component_container_isolated-1] [INFO] [1786686148.275127722] [nav2_container]: Load Library: /opt/ros/humble/lib/libbt_navigator_core.so
2026-08-14T14:42:28: [component_container_isolated-1] [INFO] [1786686148.287702254] [nav2_container]: Found class: rclcpp_components::NodeFactoryTemplate<nav2_bt_navigator::BtNavigator>
2026-08-14T14:42:28: [component_container_isolated-1] [INFO] [1786686148.287858863] [nav2_container]: Instantiate class: rclcpp_components::NodeFactoryTemplate<nav2_bt_navigator::BtNavigator>
2026-08-14T14:42:28: [component_container_isolated-1] [INFO] [1786686148.350153290] [bt_navigator]: 
2026-08-14T14:42:28: [INFO] [launch_ros.actions.load_composable_nodes]: Loaded node '/bt_navigator' in container '/nav2_container'
2026-08-14T14:42:28: [component_container_isolated-1] 	bt_navigator lifecycle node launched. 
2026-08-14T14:42:28: [component_container_isolated-1] 	Waiting on external lifecycle transitions to activate
2026-08-14T14:42:28: [component_container_isolated-1] 	See https://design.ros2.org/articles/node_lifecycle.html for more information.
2026-08-14T14:42:28: [component_container_isolated-1] [INFO] [1786686148.350469156] [bt_navigator]: Creating
2026-08-14T14:42:28: [component_container_isolated-1] [INFO] [1786686148.365156359] [nav2_container]: Load Library: /opt/ros/humble/lib/libwaypoint_follower_core.so
2026-08-14T14:42:28: [component_container_isolated-1] [INFO] [1786686148.367517157] [nav2_container]: Found class: rclcpp_components::NodeFactoryTemplate<nav2_waypoint_follower::WaypointFollower>
2026-08-14T14:42:28: [component_container_isolated-1] [INFO] [1786686148.367676506] [nav2_container]: Instantiate class: rclcpp_components::NodeFactoryTemplate<nav2_waypoint_follower::WaypointFollower>
2026-08-14T14:42:28: [component_container_isolated-1] [INFO] [1786686148.387243728] [lifecycle_manager_localization]: Server amcl connected with bond.
2026-08-14T14:42:28: [component_container_isolated-1] [INFO] [1786686148.387381763] [lifecycle_manager_localization]: [34m[1mManaged nodes are active[0m[0m
2026-08-14T14:42:28: [component_container_isolated-1] [INFO] [1786686148.387460114] [lifecycle_manager_localization]: [34m[1mCreating bond timer...[0m[0m
2026-08-14T14:42:28: [component_container_isolated-1] [INFO] [1786686148.422118941] [waypoint_follower]: 
2026-08-14T14:42:28: [component_container_isolated-1] 	waypoint_follower lifecycle node launched. 
2026-08-14T14:42:28: [component_container_isolated-1] 	Waiting on external lifecycle transitions to activate
2026-08-14T14:42:28: [component_container_isolated-1] 	See https://design.ros2.org/articles/node_lifecycle.html for more information.
2026-08-14T14:42:28: [component_container_isolated-1] [INFO] [1786686148.428975356] [waypoint_follower]: Creating
2026-08-14T14:42:28: [INFO] [launch_ros.actions.load_composable_nodes]: Loaded node '/waypoint_follower' in container '/nav2_container'
2026-08-14T14:42:28: [component_container_isolated-1] [INFO] [1786686148.444279050] [nav2_container]: Load Library: /opt/ros/humble/lib/libvelocity_smoother_core.so
2026-08-14T14:42:28: [component_container_isolated-1] [INFO] [1786686148.447349966] [nav2_container]: Found class: rclcpp_components::NodeFactoryTemplate<nav2_velocity_smoother::VelocitySmoother>
2026-08-14T14:42:28: [component_container_isolated-1] [INFO] [1786686148.447524075] [nav2_container]: Instantiate class: rclcpp_components::NodeFactoryTemplate<nav2_velocity_smoother::VelocitySmoother>
2026-08-14T14:42:28: [component_container_isolated-1] [INFO] [1786686148.485663072] [velocity_smoother]: 
2026-08-14T14:42:28: [component_container_isolated-1] 	velocity_smoother lifecycle node launched. 
2026-08-14T14:42:28: [component_container_isolated-1] 	Waiting on external lifecycle transitions to activate
2026-08-14T14:42:28: [component_container_isolated-1] 	See https://design.ros2.org/articles/node_lifecycle.html for more information.
2026-08-14T14:42:28: [INFO] [launch_ros.actions.load_composable_nodes]: Loaded node '/velocity_smoother' in container '/nav2_container'
2026-08-14T14:42:28: [component_container_isolated-1] [INFO] [1786686148.494500864] [nav2_container]: Found class: rclcpp_components::NodeFactoryTemplate<nav2_lifecycle_manager::LifecycleManager>
2026-08-14T14:42:28: [component_container_isolated-1] [INFO] [1786686148.494636306] [nav2_container]: Instantiate class: rclcpp_components::NodeFactoryTemplate<nav2_lifecycle_manager::LifecycleManager>
2026-08-14T14:42:28: [component_container_isolated-1] [INFO] [1786686148.533083020] [lifecycle_manager_navigation]: Creating
2026-08-14T14:42:28: [INFO] [launch_ros.actions.load_composable_nodes]: Loaded node '/lifecycle_manager_navigation' in container '/nav2_container'
2026-08-14T14:42:28: [component_container_isolated-1] [INFO] [1786686148.543791895] [lifecycle_manager_navigation]: [34m[1mCreating and initializing lifecycle service clients[0m[0m
2026-08-14T14:42:28: [component_container_isolated-1] [INFO] [1786686148.580378323] [lifecycle_manager_navigation]: [34m[1mStarting managed nodes bringup...[0m[0m
2026-08-14T14:42:28: [component_container_isolated-1] [INFO] [1786686148.580573079] [lifecycle_manager_navigation]: [34m[1mConfiguring controller_server[0m[0m
2026-08-14T14:42:28: [component_container_isolated-1] [INFO] [1786686148.581015424] [controller_server]: Configuring controller interface
2026-08-14T14:42:28: [component_container_isolated-1] [INFO] [1786686148.581633211] [controller_server]: getting goal checker plugins..
2026-08-14T14:42:28: [component_container_isolated-1] [INFO] [1786686148.582167055] [controller_server]: Controller frequency set to 10.0000Hz
2026-08-14T14:42:28: [component_container_isolated-1] [INFO] [1786686148.582394644] [local_costmap.local_costmap]: Configuring
2026-08-14T14:42:28: [component_container_isolated-1] [INFO] [1786686148.602832353] [local_costmap.local_costmap]: Using plugin "obstacle_layer"
2026-08-14T14:42:28: [component_container_isolated-1] [INFO] [1786686148.620764119] [local_costmap.local_costmap]: Subscribed to Topics: scan
2026-08-14T14:42:28: [component_container_isolated-1] [INFO] [1786686148.636298291] [local_costmap.local_costmap]: Initialized plugin "obstacle_layer"
2026-08-14T14:42:28: [component_container_isolated-1] [INFO] [1786686148.636864319] [local_costmap.local_costmap]: Using plugin "voxel_layer"
2026-08-14T14:42:28: [component_container_isolated-1] [INFO] [1786686148.643912731] [local_costmap.local_costmap]: Subscribed to Topics: scan
2026-08-14T14:42:28: [component_container_isolated-1] [INFO] [1786686148.672273561] [local_costmap.local_costmap]: Initialized plugin "voxel_layer"
2026-08-14T14:42:28: [component_container_isolated-1] [INFO] [1786686148.672401152] [local_costmap.local_costmap]: Using plugin "inflation_layer"
2026-08-14T14:42:28: [component_container_isolated-1] [INFO] [1786686148.679388398] [local_costmap.local_costmap]: Initialized plugin "inflation_layer"
2026-08-14T14:42:28: [component_container_isolated-1] [INFO] [1786686148.707049534] [controller_server]: Created progress_checker : progress_checker of type nav2_controller::SimpleProgressChecker
2026-08-14T14:42:28: [component_container_isolated-1] [INFO] [1786686148.715083950] [controller_server]: Created goal checker : general_goal_checker of type nav2_controller::SimpleGoalChecker
2026-08-14T14:42:28: [component_container_isolated-1] [INFO] [1786686148.720099226] [controller_server]: Controller Server has general_goal_checker  goal checkers available.
2026-08-14T14:42:28: [component_container_isolated-1] [INFO] [1786686148.739095642] [controller_server]: Created controller : FollowPath of type dwb_core::DWBLocalPlanner
2026-08-14T14:42:28: [component_container_isolated-1] [INFO] [1786686148.748875660] [controller_server]: Setting transform_tolerance to 0.200000
2026-08-14T14:42:28: [component_container_isolated-1] [INFO] [1786686148.798247265] [controller_server]: Using critic "RotateToGoal" (dwb_critics::RotateToGoalCritic)
2026-08-14T14:42:28: [component_container_isolated-1] [INFO] [1786686148.804213952] [controller_server]: Critic plugin initialized
2026-08-14T14:42:28: [component_container_isolated-1] [INFO] [1786686148.805756873] [controller_server]: Using critic "Oscillation" (dwb_critics::OscillationCritic)
2026-08-14T14:42:28: [component_container_isolated-1] [INFO] [1786686148.810969943] [controller_server]: Critic plugin initialized
2026-08-14T14:42:28: [component_container_isolated-1] [INFO] [1786686148.812365218] [controller_server]: Using critic "BaseObstacle" (dwb_critics::BaseObstacleCritic)
2026-08-14T14:42:28: [component_container_isolated-1] [INFO] [1786686148.814687905] [controller_server]: Critic plugin initialized
2026-08-14T14:42:28: [component_container_isolated-1] [INFO] [1786686148.815998329] [controller_server]: Using critic "GoalAlign" (dwb_critics::GoalAlignCritic)
2026-08-14T14:42:28: [component_container_isolated-1] [INFO] [1786686148.824117281] [controller_server]: Critic plugin initialized
2026-08-14T14:42:28: [component_container_isolated-1] [INFO] [1786686148.826421931] [controller_server]: Using critic "PathAlign" (dwb_critics::PathAlignCritic)
2026-08-14T14:42:28: [component_container_isolated-1] [INFO] [1786686148.832311953] [controller_server]: Critic plugin initialized
2026-08-14T14:42:28: [component_container_isolated-1] [INFO] [1786686148.834339533] [controller_server]: Using critic "PathDist" (dwb_critics::PathDistCritic)
2026-08-14T14:42:28: [component_container_isolated-1] [INFO] [1786686148.838279548] [controller_server]: Critic plugin initialized
2026-08-14T14:42:28: [component_container_isolated-1] [INFO] [1786686148.840513255] [controller_server]: Using critic "GoalDist" (dwb_critics::GoalDistCritic)
2026-08-14T14:42:28: [component_container_isolated-1] [INFO] [1786686148.844932576] [controller_server]: Critic plugin initialized
2026-08-14T14:42:28: [component_container_isolated-1] [INFO] [1786686148.845090000] [controller_server]: Controller Server has FollowPath  controllers available.
2026-08-14T14:42:28: [component_container_isolated-1] [INFO] [1786686148.870345321] [lifecycle_manager_navigation]: [34m[1mConfiguring smoother_server[0m[0m
2026-08-14T14:42:28: [component_container_isolated-1] [INFO] [1786686148.872363846] [smoother_server]: Configuring smoother server
2026-08-14T14:42:28: [component_container_isolated-1] [INFO] [1786686148.905277163] [smoother_server]: Created smoother : simple_smoother of type nav2_smoother::SimpleSmoother
2026-08-14T14:42:28: [component_container_isolated-1] [INFO] [1786686148.916867950] [smoother_server]: Smoother Server has simple_smoother  smoothers available.
2026-08-14T14:42:28: [component_container_isolated-1] [INFO] [1786686148.943547657] [lifecycle_manager_navigation]: [34m[1mConfiguring planner_server[0m[0m
2026-08-14T14:42:28: [component_container_isolated-1] [INFO] [1786686148.945055875] [planner_server]: Configuring
2026-08-14T14:42:28: [component_container_isolated-1] [INFO] [1786686148.945315964] [global_costmap.global_costmap]: Configuring
2026-08-14T14:42:28: [component_container_isolated-1] [INFO] [1786686148.964881483] [global_costmap.global_costmap]: Using plugin "static_layer"
2026-08-14T14:42:28: [component_container_isolated-1] [INFO] [1786686148.975825169] [global_costmap.global_costmap]: Subscribing to the map topic (/map) with transient local durability
2026-08-14T14:42:28: [component_container_isolated-1] [INFO] [1786686148.979247450] [global_costmap.global_costmap]: Initialized plugin "static_layer"
2026-08-14T14:42:28: [component_container_isolated-1] [INFO] [1786686148.979385319] [global_costmap.global_costmap]: Using plugin "obstacle_layer"
2026-08-14T14:42:28: [component_container_isolated-1] [INFO] [1786686148.988013651] [global_costmap.global_costmap]: Subscribed to Topics: scan
2026-08-14T14:42:29: [component_container_isolated-1] [INFO] [1786686149.019275252] [global_costmap.global_costmap]: Initialized plugin "obstacle_layer"
2026-08-14T14:42:29: [component_container_isolated-1] [INFO] [1786686149.020869913] [global_costmap.global_costmap]: Using plugin "voxel_layer"
2026-08-14T14:42:29: [component_container_isolated-1] [INFO] [1786686149.052468564] [global_costmap.global_costmap]: Subscribed to Topics: scan
2026-08-14T14:42:29: [ERROR] [rviz2-2]: process has died [pid 14060, exit code -6, cmd '/opt/ros/humble/lib/rviz2/rviz2 -d /home/yeyu/yeyu_ws/install/yeyu_navigation2/share/yeyu_navigation2/rviz/tb3_navigation2.rviz --ros-args -r __node:=rviz2 --params-file /tmp/launch_params_ig1v5n_b'].
2026-08-14T14:42:29: [component_container_isolated-1] [INFO] [1786686149.112635820] [global_costmap.global_costmap]: Initialized plugin "voxel_layer"
2026-08-14T14:42:29: [component_container_isolated-1] [INFO] [1786686149.112775429] [global_costmap.global_costmap]: Using plugin "inflation_layer"
2026-08-14T14:42:29: [component_container_isolated-1] [INFO] [1786686149.117935239] [global_costmap.global_costmap]: Initialized plugin "inflation_layer"
2026-08-14T14:42:29: [component_container_isolated-1] [INFO] [1786686149.141978246] [global_costmap.global_costmap]: StaticLayer: Resizing costmap to 371 X 353 at 0.050000 m/pix
2026-08-14T14:42:29: [component_container_isolated-1] [INFO] [1786686149.144604539] [planner_server]: Created global planner plugin GridBased of type nav2_navfn_planner/NavfnPlanner
2026-08-14T14:42:29: [component_container_isolated-1] [INFO] [1786686149.144795462] [planner_server]: Configuring plugin GridBased of type NavfnPlanner
2026-08-14T14:42:29: [component_container_isolated-1] [INFO] [1786686149.153702587] [planner_server]: Planner Server has GridBased  planners available.
2026-08-14T14:42:29: [component_container_isolated-1] [INFO] [1786686149.183460840] [lifecycle_manager_navigation]: [34m[1mConfiguring behavior_server[0m[0m
2026-08-14T14:42:29: [component_container_isolated-1] [INFO] [1786686149.184002961] [behavior_server]: Configuring
2026-08-14T14:42:29: [component_container_isolated-1] [INFO] [1786686149.203029044] [behavior_server]: Creating behavior plugin spin of type nav2_behaviors/Spin
2026-08-14T14:42:29: [component_container_isolated-1] [INFO] [1786686149.207017039] [behavior_server]: Configuring spin
2026-08-14T14:42:29: [component_container_isolated-1] [INFO] [1786686149.227010977] [behavior_server]: Creating behavior plugin backup of type nav2_behaviors/BackUp
2026-08-14T14:42:29: [component_container_isolated-1] [INFO] [1786686149.232885943] [behavior_server]: Configuring backup
2026-08-14T14:42:29: [component_container_isolated-1] [INFO] [1786686149.252538442] [behavior_server]: Creating behavior plugin drive_on_heading of type nav2_behaviors/DriveOnHeading
2026-08-14T14:42:29: [component_container_isolated-1] [INFO] [1786686149.256846636] [behavior_server]: Configuring drive_on_heading
2026-08-14T14:42:29: [component_container_isolated-1] [INFO] [1786686149.278082722] [behavior_server]: Creating behavior plugin wait of type nav2_behaviors/Wait
2026-08-14T14:42:29: [component_container_isolated-1] [INFO] [1786686149.281597391] [behavior_server]: Configuring wait
2026-08-14T14:42:29: [component_container_isolated-1] [INFO] [1786686149.300003835] [lifecycle_manager_navigation]: [34m[1mConfiguring bt_navigator[0m[0m
2026-08-14T14:42:29: [component_container_isolated-1] [INFO] [1786686149.300637714] [bt_navigator]: Configuring
2026-08-14T14:42:29: [component_container_isolated-1] [INFO] [1786686149.543530740] [lifecycle_manager_navigation]: [34m[1mConfiguring waypoint_follower[0m[0m
2026-08-14T14:42:29: [component_container_isolated-1] [INFO] [1786686149.546269958] [waypoint_follower]: Configuring
2026-08-14T14:42:29: [component_container_isolated-1] [INFO] [1786686149.586060615] [waypoint_follower]: Created waypoint_task_executor : wait_at_waypoint of type nav2_waypoint_follower::WaitAtWaypoint
2026-08-14T14:42:29: [component_container_isolated-1] [INFO] [1786686149.590270106] [lifecycle_manager_navigation]: [34m[1mConfiguring velocity_smoother[0m[0m
2026-08-14T14:42:29: [component_container_isolated-1] [INFO] [1786686149.590710211] [velocity_smoother]: Configuring velocity smoother
2026-08-14T14:42:29: [component_container_isolated-1] [INFO] [1786686149.603539350] [lifecycle_manager_navigation]: [34m[1mActivating controller_server[0m[0m
2026-08-14T14:42:29: [component_container_isolated-1] [INFO] [1786686149.604065898] [controller_server]: Activating
2026-08-14T14:42:29: [component_container_isolated-1] [INFO] [1786686149.604220043] [local_costmap.local_costmap]: Activating
2026-08-14T14:42:29: [component_container_isolated-1] [INFO] [1786686149.604282598] [local_costmap.local_costmap]: Checking transform
2026-08-14T14:42:29: [component_container_isolated-1] [INFO] [1786686149.604360338] [local_costmap.local_costmap]: Timed out waiting for transform from base_link to odom to become available, tf error: Invalid frame ID "odom" passed to canTransform argument target_frame - frame does not exist
2026-08-14T14:42:30: [component_container_isolated-1] [INFO] [1786686150.104512320] [local_costmap.local_costmap]: Timed out waiting for transform from base_link to odom to become available, tf error: Invalid frame ID "odom" passed to canTransform argument target_frame - frame does not exist
2026-08-14T14:42:30: [component_container_isolated-1] [INFO] [1786686150.604440899] [local_costmap.local_costmap]: Timed out waiting for transform from base_link to odom to become available, tf error: Invalid frame ID "odom" passed to canTransform argument target_frame - frame does not exist
2026-08-14T14:42:31: [component_container_isolated-1] [INFO] [1786686151.104530235] [local_costmap.local_costmap]: Timed out waiting for transform from base_link to odom to become available, tf error: Invalid frame ID "odom" passed to canTransform argument target_frame - frame does not exist
2026-08-14T14:42:31: [component_container_isolated-1] [INFO] [1786686151.604464129] [local_costmap.local_costmap]: Timed out waiting for transform from base_link to odom to become available, tf error: Invalid frame ID "odom" passed to canTransform argument target_frame - frame does not exist
2026-08-14T14:42:32: [component_container_isolated-1] [INFO] [1786686152.104449151] [local_costmap.local_costmap]: Timed out waiting for transform from base_link to odom to become available, tf error: Invalid frame ID "odom" passed to canTransform argument target_frame - frame does not exist
2026-08-14T14:42:32: [component_container_isolated-1] [INFO] [1786686152.604449099] [local_costmap.local_costmap]: Timed out waiting for transform from base_link to odom to become available, tf error: Invalid frame ID "odom" passed to canTransform argument target_frame - frame does not exist
2026-08-14T14:42:33: [component_container_isolated-1] [INFO] [1786686153.104451362] [local_costmap.local_costmap]: Timed out waiting for transform from base_link to odom to become available, tf error: Invalid frame ID "odom" passed to canTransform argument target_frame - frame does not exist
2026-08-14T14:42:33: [component_container_isolated-1] [INFO] [1786686153.604446477] [local_costmap.local_costmap]: Timed out waiting for transform from base_link to odom to become available, tf error: Invalid frame ID "odom" passed to canTransform argument target_frame - frame does not exist
2026-08-14T14:42:34: [component_container_isolated-1] [INFO] [1786686154.104448740] [local_costmap.local_costmap]: Timed out waiting for transform from base_link to odom to become available, tf error: Invalid frame ID "odom" passed to canTransform argument target_frame - frame does not exist
2026-08-14T14:42:34: [component_container_isolated-1] [INFO] [1786686154.604445281] [local_costmap.local_costmap]: Timed out waiting for transform from base_link to odom to become available, tf error: Invalid frame ID "odom" passed to canTransform argument target_frame - frame does not exist
2026-08-14T14:42:35: [component_container_isolated-1] [INFO] [1786686155.104446729] [local_costmap.local_costmap]: Timed out waiting for transform from base_link to odom to become available, tf error: Invalid frame ID "odom" passed to canTransform argument target_frame - frame does not exist
2026-08-14T14:42:35: [component_container_isolated-1] [INFO] [1786686155.604448492] [local_costmap.local_costmap]: Timed out waiting for transform from base_link to odom to become available, tf error: Invalid frame ID "odom" passed to canTransform argument target_frame - frame does not exist
2026-08-14T14:42:36: [component_container_isolated-1] [INFO] [1786686156.104451014] [local_costmap.local_costmap]: Timed out waiting for transform from base_link to odom to become available, tf error: Invalid frame ID "odom" passed to canTransform argument target_frame - frame does not exist
2026-08-14T14:42:36: [component_container_isolated-1] [INFO] [1786686156.604444591] [local_costmap.local_costmap]: Timed out waiting for transform from base_link to odom to become available, tf error: Invalid frame ID "odom" passed to canTransform argument target_frame - frame does not exist
2026-08-14T14:42:37: [component_container_isolated-1] [INFO] [1786686157.104450280] [local_costmap.local_costmap]: Timed out waiting for transform from base_link to odom to become available, tf error: Invalid frame ID "odom" passed to canTransform argument target_frame - frame does not exist
2026-08-14T14:42:37: [component_container_isolated-1] [INFO] [1786686157.604434469] [local_costmap.local_costmap]: Timed out waiting for transform from base_link to odom to become available, tf error: Invalid frame ID "odom" passed to canTransform argument target_frame - frame does not exist
2026-08-14T14:42:38: [component_container_isolated-1] [INFO] [1786686158.104441065] [local_costmap.local_costmap]: Timed out waiting for transform from base_link to odom to become available, tf error: Invalid frame ID "odom" passed to canTransform argument target_frame - frame does not exist
2026-08-14T14:42:38: [component_container_isolated-1] [INFO] [1786686158.604441328] [local_costmap.local_costmap]: Timed out waiting for transform from base_link to odom to become available, tf error: Invalid frame ID "odom" passed to canTransform argument target_frame - frame does not exist
2026-08-14T14:42:39: [component_container_isolated-1] [INFO] [1786686159.104534923] [local_costmap.local_costmap]: Timed out waiting for transform from base_link to odom to become available, tf error: Invalid frame ID "odom" passed to canTransform argument target_frame - frame does not exist
2026-08-14T14:42:39: [component_container_isolated-1] [INFO] [1786686159.604437779] [local_costmap.local_costmap]: Timed out waiting for transform from base_link to odom to become available, tf error: Invalid frame ID "odom" passed to canTransform argument target_frame - frame does not exist
2026-08-14T14:42:40: [component_container_isolated-1] [INFO] [1786686160.104452172] [local_costmap.local_costmap]: Timed out waiting for transform from base_link to odom to become available, tf error: Invalid frame ID "odom" passed to canTransform argument target_frame - frame does not exist
2026-08-14T14:42:40: [component_container_isolated-1] [INFO] [1786686160.604451212] [local_costmap.local_costmap]: Timed out waiting for transform from base_link to odom to become available, tf error: Invalid frame ID "odom" passed to canTransform argument target_frame - frame does not exist
2026-08-14T14:42:41: [component_container_isolated-1] [INFO] [1786686161.104440345] [local_costmap.local_costmap]: Timed out waiting for transform from base_link to odom to become available, tf error: Invalid frame ID "odom" passed to canTransform argument target_frame - frame does not exist
2026-08-14T14:42:41: [component_container_isolated-1] [INFO] [1786686161.604447367] [local_costmap.local_costmap]: Timed out waiting for transform from base_link to odom to become available, tf error: Invalid frame ID "odom" passed to canTransform argument target_frame - frame does not exist
2026-08-14T14:42:42: [component_container_isolated-1] [INFO] [1786686162.104447630] [local_costmap.local_costmap]: Timed out waiting for transform from base_link to odom to become available, tf error: Invalid frame ID "odom" passed to canTransform argument target_frame - frame does not exist
2026-08-14T14:42:42: [component_container_isolated-1] [INFO] [1786686162.604442300] [local_costmap.local_costmap]: Timed out waiting for transform from base_link to odom to become available, tf error: Invalid frame ID "odom" passed to canTransform argument target_frame - frame does not exist
2026-08-14T14:42:43: [component_container_isolated-1] [INFO] [1786686163.104447878] [local_costmap.local_costmap]: Timed out waiting for transform from base_link to odom to become available, tf error: Invalid frame ID "odom" passed to canTransform argument target_frame - frame does not exist
2026-08-14T14:42:43: [component_container_isolated-1] [INFO] [1786686163.604458751] [local_costmap.local_costmap]: Timed out waiting for transform from base_link to odom to become available, tf error: Invalid frame ID "odom" passed to canTransform argument target_frame - frame does not exist
2026-08-14T14:42:44: [component_container_isolated-1] [INFO] [1786686164.104467199] [local_costmap.local_costmap]: Timed out waiting for transform from base_link to odom to become available, tf error: Invalid frame ID "odom" passed to canTransform argument target_frame - frame does not exist
2026-08-14T14:42:44: [component_container_isolated-1] [INFO] [1786686164.604542498] [local_costmap.local_costmap]: Timed out waiting for transform from base_link to odom to become available, tf error: Invalid frame ID "odom" passed to canTransform argument target_frame - frame does not exist
2026-08-14T14:42:45: [component_container_isolated-1] [INFO] [1786686165.104442947] [local_costmap.local_costmap]: Timed out waiting for transform from base_link to odom to become available, tf error: Invalid frame ID "odom" passed to canTransform argument target_frame - frame does not exist
2026-08-14T14:42:45: [component_container_isolated-1] [INFO] [1786686165.604440932] [local_costmap.local_costmap]: Timed out waiting for transform from base_link to odom to become available, tf error: Invalid frame ID "odom" passed to canTransform argument target_frame - frame does not exist
2026-08-14T14:42:46: [component_container_isolated-1] [INFO] [1786686166.104442880] [local_costmap.local_costmap]: Timed out waiting for transform from base_link to odom to become available, tf error: Invalid frame ID "odom" passed to canTransform argument target_frame - frame does not exist
2026-08-14T14:42:46: [component_container_isolated-1] [INFO] [1786686166.604533956] [local_costmap.local_costmap]: Timed out waiting for transform from base_link to odom to become available, tf error: Invalid frame ID "odom" passed to canTransform argument target_frame - frame does not exist
2026-08-14T14:42:47: [component_container_isolated-1] [INFO] [1786686167.104443979] [local_costmap.local_costmap]: Timed out waiting for transform from base_link to odom to become available, tf error: Invalid frame ID "odom" passed to canTransform argument target_frame - frame does not exist
2026-08-14T14:42:47: [component_container_isolated-1] [INFO] [1786686167.604453797] [local_costmap.local_costmap]: Timed out waiting for transform from base_link to odom to become available, tf error: Invalid frame ID "odom" passed to canTransform argument target_frame - frame does not exist
2026-08-14T14:42:48: [component_container_isolated-1] [INFO] [1786686168.104444374] [local_costmap.local_costmap]: Timed out waiting for transform from base_link to odom to become available, tf error: Invalid frame ID "odom" passed to canTransform argument target_frame - frame does not exist
2026-08-14T14:42:48: [component_container_isolated-1] [INFO] [1786686168.604444026] [local_costmap.local_costmap]: Timed out waiting for transform from base_link to odom to become available, tf error: Invalid frame ID "odom" passed to canTransform argument target_frame - frame does not exist
2026-08-14T14:42:49: [component_container_isolated-1] [INFO] [1786686169.104443640] [local_costmap.local_costmap]: Timed out waiting for transform from base_link to odom to become available, tf error: Invalid frame ID "odom" passed to canTransform argument target_frame - frame does not exist
2026-08-14T14:42:49: [component_container_isolated-1] [INFO] [1786686169.604443384] [local_costmap.local_costmap]: Timed out waiting for transform from base_link to odom to become available, tf error: Invalid frame ID "odom" passed to canTransform argument target_frame - frame does not exist
2026-08-14T14:42:50: [component_container_isolated-1] [INFO] [1786686170.104510609] [local_costmap.local_costmap]: Timed out waiting for transform from base_link to odom to become available, tf error: Invalid frame ID "odom" passed to canTransform argument target_frame - frame does not exist
2026-08-14T14:42:50: [component_container_isolated-1] [INFO] [1786686170.604471187] [local_costmap.local_costmap]: Timed out waiting for transform from base_link to odom to become available, tf error: Invalid frame ID "odom" passed to canTransform argument target_frame - frame does not exist
2026-08-14T14:42:51: [component_container_isolated-1] [INFO] [1786686171.104446968] [local_costmap.local_costmap]: Timed out waiting for transform from base_link to odom to become available, tf error: Invalid frame ID "odom" passed to canTransform argument target_frame - frame does not exist
2026-08-14T14:42:51: [component_container_isolated-1] [INFO] [1786686171.604465601] [local_costmap.local_costmap]: Timed out waiting for transform from base_link to odom to become available, tf error: Invalid frame ID "odom" passed to canTransform argument target_frame - frame does not exist
2026-08-14T14:42:52: [component_container_isolated-1] [INFO] [1786686172.104534362] [local_costmap.local_costmap]: Timed out waiting for transform from base_link to odom to become available, tf error: Invalid frame ID "odom" passed to canTransform argument target_frame - frame does not exist
2026-08-14T14:42:52: [component_container_isolated-1] [INFO] [1786686172.604446237] [local_costmap.local_costmap]: Timed out waiting for transform from base_link to odom to become available, tf error: Invalid frame ID "odom" passed to canTransform argument target_frame - frame does not exist
2026-08-14T14:42:53: [component_container_isolated-1] [INFO] [1786686173.104522757] [local_costmap.local_costmap]: Timed out waiting for transform from base_link to odom to become available, tf error: Invalid frame ID "odom" passed to canTransform argument target_frame - frame does not exist
2026-08-14T14:42:53: [component_container_isolated-1] [INFO] [1786686173.604520816] [local_costmap.local_costmap]: Timed out waiting for transform from base_link to odom to become available, tf error: Invalid frame ID "odom" passed to canTransform argument target_frame - frame does not exist
2026-08-14T14:42:54: [component_container_isolated-1] [INFO] [1786686174.104453191] [local_costmap.local_costmap]: Timed out waiting for transform from base_link to odom to become available, tf error: Invalid frame ID "odom" passed to canTransform argument target_frame - frame does not exist
2026-08-14T14:42:54: [component_container_isolated-1] [INFO] [1786686174.604443416] [local_costmap.local_costmap]: Timed out waiting for transform from base_link to odom to become available, tf error: Invalid frame ID "odom" passed to canTransform argument target_frame - frame does not exist
2026-08-14T14:42:55: [component_container_isolated-1] [INFO] [1786686175.104444586] [local_costmap.local_costmap]: Timed out waiting for transform from base_link to odom to become available, tf error: Invalid frame ID "odom" passed to canTransform argument target_frame - frame does not exist
2026-08-14T14:42:55: [component_container_isolated-1] [INFO] [1786686175.604443886] [local_costmap.local_costmap]: Timed out waiting for transform from base_link to odom to become available, tf error: Invalid frame ID "odom" passed to canTransform argument target_frame - frame does not exist
2026-08-14T14:42:56: [component_container_isolated-1] [INFO] [1786686176.104442555] [local_costmap.local_costmap]: Timed out waiting for transform from base_link to odom to become available, tf error: Invalid frame ID "odom" passed to canTransform argument target_frame - frame does not exist
2026-08-14T14:42:56: [component_container_isolated-1] [INFO] [1786686176.604543575] [local_costmap.local_costmap]: Timed out waiting for transform from base_link to odom to become available, tf error: Invalid frame ID "odom" passed to canTransform argument target_frame - frame does not exist
2026-08-14T14:42:57: [component_container_isolated-1] [INFO] [1786686177.104499376] [local_costmap.local_costmap]: Timed out waiting for transform from base_link to odom to become available, tf error: Invalid frame ID "odom" passed to canTransform argument target_frame - frame does not exist
2026-08-14T14:42:57: [component_container_isolated-1] [INFO] [1786686177.604453935] [local_costmap.local_costmap]: Timed out waiting for transform from base_link to odom to become available, tf error: Invalid frame ID "odom" passed to canTransform argument target_frame - frame does not exist
2026-08-14T14:42:58: [component_container_isolated-1] [INFO] [1786686178.104446771] [local_costmap.local_costmap]: Timed out waiting for transform from base_link to odom to become available, tf error: Invalid frame ID "odom" passed to canTransform argument target_frame - frame does not exist
2026-08-14T14:42:58: [component_container_isolated-1] [INFO] [1786686178.604442811] [local_costmap.local_costmap]: Timed out waiting for transform from base_link to odom to become available, tf error: Invalid frame ID "odom" passed to canTransform argument target_frame - frame does not exist
2026-08-14T14:42:59: [component_container_isolated-1] [INFO] [1786686179.104523850] [local_costmap.local_costmap]: Timed out waiting for transform from base_link to odom to become available, tf error: Invalid frame ID "odom" passed to canTransform argument target_frame - frame does not exist
2026-08-14T14:42:59: [component_container_isolated-1] [INFO] [1786686179.604523816] [local_costmap.local_costmap]: Timed out waiting for transform from base_link to odom to become available, tf error: Invalid frame ID "odom" passed to canTransform argument target_frame - frame does not exist
2026-08-14T14:43:00: [component_container_isolated-1] [INFO] [1786686180.104530745] [local_costmap.local_costmap]: Timed out waiting for transform from base_link to odom to become available, tf error: Invalid frame ID "odom" passed to canTransform argument target_frame - frame does not exist
2026-08-14T14:43:00: [WARNING] [launch]: user interrupted with ctrl-c (SIGINT)
2026-08-14T14:43:00: [INFO] [component_container_isolated-1]: sending signal 'SIGINT' to process[component_container_isolated-1]
2026-08-14T14:43:00: [component_container_isolated-1] [INFO] [1786686180.259425807] [rclcpp]: signal_handler(SIGINT/SIGTERM)
2026-08-14T14:43:00: [component_container_isolated-1] [INFO] [1786686180.259595768] [velocity_smoother]: Running Nav2 LifecycleNode rcl preshutdown (velocity_smoother)
2026-08-14T14:43:00: [component_container_isolated-1] [INFO] [1786686180.259870337] [velocity_smoother]: Cleaning up
2026-08-14T14:43:00: [component_container_isolated-1] [INFO] [1786686180.260061205] [velocity_smoother]: Destroying bond (velocity_smoother) to lifecycle manager.
2026-08-14T14:43:00: [component_container_isolated-1] [INFO] [1786686180.260154685] [bt_navigator]: Running Nav2 LifecycleNode rcl preshutdown (bt_navigator)
2026-08-14T14:43:00: [component_container_isolated-1] [INFO] [1786686180.260245461] [bt_navigator]: Cleaning up
2026-08-14T14:43:00: [component_container_isolated-1] [INFO] [1786686180.322375743] [bt_navigator]: Completed Cleaning up
2026-08-14T14:43:00: [component_container_isolated-1] [INFO] [1786686180.322576462] [bt_navigator]: Destroying bond (bt_navigator) to lifecycle manager.
2026-08-14T14:43:00: [component_container_isolated-1] [INFO] [1786686180.322629109] [planner_server]: Running Nav2 LifecycleNode rcl preshutdown (planner_server)
2026-08-14T14:43:00: [component_container_isolated-1] [INFO] [1786686180.322700627] [planner_server]: Cleaning up
2026-08-14T14:43:00: [component_container_isolated-1] [INFO] [1786686180.351599597] [global_costmap.global_costmap]: Cleaning up
2026-08-14T14:43:00: [component_container_isolated-1] [INFO] [1786686180.366177691] [planner_server]: Cleaning up plugin GridBased of type NavfnPlanner
2026-08-14T14:43:00: [component_container_isolated-1] [INFO] [1786686180.366902624] [planner_server]: Destroying plugin GridBased of type NavfnPlanner
2026-08-14T14:43:00: [component_container_isolated-1] [INFO] [1786686180.389467190] [planner_server]: Destroying bond (planner_server) to lifecycle manager.
2026-08-14T14:43:00: [component_container_isolated-1] [INFO] [1786686180.389689631] [lifecycle_manager_navigation]: Running Nav2 LifecycleManager rcl preshutdown (lifecycle_manager_navigation)
2026-08-14T14:43:00: [component_container_isolated-1] [INFO] [1786686180.604526563] [local_costmap.local_costmap]: Timed out waiting for transform from base_link to odom to become available, tf error: Invalid frame ID "odom" passed to canTransform argument target_frame - frame does not exist
2026-08-14T14:43:01: [component_container_isolated-1] [INFO] [1786686181.104471252] [local_costmap.local_costmap]: Timed out waiting for transform from base_link to odom to become available, tf error: Invalid frame ID "odom" passed to canTransform argument target_frame - frame does not exist
2026-08-14T14:43:01: [component_container_isolated-1] [INFO] [1786686181.604456181] [local_costmap.local_costmap]: Timed out waiting for transform from base_link to odom to become available, tf error: Invalid frame ID "odom" passed to canTransform argument target_frame - frame does not exist
2026-08-14T15:56:07: [05_navigation] navigation2.launch.py 시작
2026-08-14T15:56:11: [INFO] [launch]: All log files can be found below /home/yeyu/.ros/log/2026-08-14-15-56-11-378413-YEYU-3756
2026-08-14T15:56:11: [INFO] [launch]: Default logging verbosity is set to INFO
2026-08-14T15:56:17: [INFO] [component_container_isolated-1]: process started with pid [3888]
2026-08-14T15:56:17: [INFO] [rviz2-2]: process started with pid [3890]
2026-08-14T15:56:17: [component_container_isolated-1] [INFO] [1786690577.355925361] [nav2_container]: Load Library: /opt/ros/humble/lib/libmap_server_core.so
2026-08-14T15:56:17: [component_container_isolated-1] [INFO] [1786690577.679146000] [nav2_container]: Found class: rclcpp_components::NodeFactoryTemplate<nav2_map_server::CostmapFilterInfoServer>
2026-08-14T15:56:17: [component_container_isolated-1] [INFO] [1786690577.683262635] [nav2_container]: Found class: rclcpp_components::NodeFactoryTemplate<nav2_map_server::MapSaver>
2026-08-14T15:56:17: [component_container_isolated-1] [INFO] [1786690577.683385665] [nav2_container]: Found class: rclcpp_components::NodeFactoryTemplate<nav2_map_server::MapServer>
2026-08-14T15:56:17: [component_container_isolated-1] [INFO] [1786690577.683437903] [nav2_container]: Instantiate class: rclcpp_components::NodeFactoryTemplate<nav2_map_server::MapServer>
2026-08-14T15:56:17: [component_container_isolated-1] [INFO] [1786690577.829389609] [map_server]: 
2026-08-14T15:56:17: [component_container_isolated-1] 	map_server lifecycle node launched. 
2026-08-14T15:56:17: [component_container_isolated-1] 	Waiting on external lifecycle transitions to activate
2026-08-14T15:56:17: [component_container_isolated-1] 	See https://design.ros2.org/articles/node_lifecycle.html for more information.
2026-08-14T15:56:17: [INFO] [launch_ros.actions.load_composable_nodes]: Loaded node '/map_server' in container '/nav2_container'
2026-08-14T15:56:17: [component_container_isolated-1] [INFO] [1786690577.829710479] [map_server]: Creating
2026-08-14T15:56:17: [component_container_isolated-1] [INFO] [1786690577.848171645] [nav2_container]: Load Library: /opt/ros/humble/lib/libcontroller_server_core.so
2026-08-14T15:56:18: [component_container_isolated-1] [INFO] [1786690578.045138165] [nav2_container]: Found class: rclcpp_components::NodeFactoryTemplate<nav2_controller::ControllerServer>
2026-08-14T15:56:18: [component_container_isolated-1] [INFO] [1786690578.052356995] [nav2_container]: Instantiate class: rclcpp_components::NodeFactoryTemplate<nav2_controller::ControllerServer>
2026-08-14T15:56:18: [component_container_isolated-1] [INFO] [1786690578.156705569] [controller_server]: 
2026-08-14T15:56:18: [component_container_isolated-1] 	controller_server lifecycle node launched. 
2026-08-14T15:56:18: [component_container_isolated-1] 	Waiting on external lifecycle transitions to activate
2026-08-14T15:56:18: [component_container_isolated-1] 	See https://design.ros2.org/articles/node_lifecycle.html for more information.
2026-08-14T15:56:18: [component_container_isolated-1] [INFO] [1786690578.400034170] [controller_server]: Creating controller server
2026-08-14T15:56:18: [rviz2-2] qt.qpa.xcb: could not connect to display 
2026-08-14T15:56:18: [rviz2-2] qt.qpa.plugin: Could not load the Qt platform plugin "xcb" in "" even though it was found.
2026-08-14T15:56:18: [rviz2-2] This application failed to start because no Qt platform plugin could be initialized. Reinstalling the application may fix this problem.
2026-08-14T15:56:18: [rviz2-2] 
2026-08-14T15:56:18: [rviz2-2] Available platform plugins are: eglfs, linuxfb, minimal, minimalegl, offscreen, vnc, xcb.
2026-08-14T15:56:18: [rviz2-2] 
2026-08-14T15:56:18: [component_container_isolated-1] [INFO] [1786690578.509702534] [local_costmap.local_costmap]: 
2026-08-14T15:56:18: [component_container_isolated-1] 	local_costmap lifecycle node launched. 
2026-08-14T15:56:18: [component_container_isolated-1] 	Waiting on external lifecycle transitions to activate
2026-08-14T15:56:18: [component_container_isolated-1] 	See https://design.ros2.org/articles/node_lifecycle.html for more information.
2026-08-14T15:56:18: [component_container_isolated-1] [INFO] [1786690578.550578668] [local_costmap.local_costmap]: Creating Costmap
2026-08-14T15:56:18: [INFO] [launch_ros.actions.load_composable_nodes]: Loaded node '/controller_server' in container '/nav2_container'
2026-08-14T15:56:18: [component_container_isolated-1] [INFO] [1786690578.614500971] [nav2_container]: Load Library: /opt/ros/humble/lib/libamcl_core.so
2026-08-14T15:56:18: [component_container_isolated-1] [INFO] [1786690578.686196201] [nav2_container]: Found class: rclcpp_components::NodeFactoryTemplate<nav2_amcl::AmclNode>
2026-08-14T15:56:18: [component_container_isolated-1] [INFO] [1786690578.686370914] [nav2_container]: Instantiate class: rclcpp_components::NodeFactoryTemplate<nav2_amcl::AmclNode>
2026-08-14T15:56:18: [component_container_isolated-1] [INFO] [1786690578.839383419] [amcl]: 
2026-08-14T15:56:18: [component_container_isolated-1] 	amcl lifecycle node launched. 
2026-08-14T15:56:18: [component_container_isolated-1] 	Waiting on external lifecycle transitions to activate
2026-08-14T15:56:18: [component_container_isolated-1] 	See https://design.ros2.org/articles/node_lifecycle.html for more information.
2026-08-14T15:56:18: [component_container_isolated-1] [INFO] [1786690578.863443178] [amcl]: Creating
2026-08-14T15:56:18: [INFO] [launch_ros.actions.load_composable_nodes]: Loaded node '/amcl' in container '/nav2_container'
2026-08-14T15:56:18: [component_container_isolated-1] [INFO] [1786690578.958609498] [nav2_container]: Load Library: /opt/ros/humble/lib/libsmoother_server_core.so
2026-08-14T15:56:19: [component_container_isolated-1] [INFO] [1786690579.006828863] [nav2_container]: Found class: rclcpp_components::NodeFactoryTemplate<nav2_smoother::SmootherServer>
2026-08-14T15:56:19: [component_container_isolated-1] [INFO] [1786690579.007104199] [nav2_container]: Instantiate class: rclcpp_components::NodeFactoryTemplate<nav2_smoother::SmootherServer>
2026-08-14T15:56:19: [component_container_isolated-1] [INFO] [1786690579.244205008] [smoother_server]: 
2026-08-14T15:56:19: [component_container_isolated-1] 	smoother_server lifecycle node launched. 
2026-08-14T15:56:19: [component_container_isolated-1] 	Waiting on external lifecycle transitions to activate
2026-08-14T15:56:19: [component_container_isolated-1] 	See https://design.ros2.org/articles/node_lifecycle.html for more information.
2026-08-14T15:56:19: [component_container_isolated-1] [INFO] [1786690579.284717728] [smoother_server]: Creating smoother server
2026-08-14T15:56:19: [INFO] [launch_ros.actions.load_composable_nodes]: Loaded node '/smoother_server' in container '/nav2_container'
2026-08-14T15:56:19: [component_container_isolated-1] [INFO] [1786690579.299451985] [nav2_container]: Load Library: /opt/ros/humble/lib/libnav2_lifecycle_manager_core.so
2026-08-14T15:56:19: [component_container_isolated-1] [INFO] [1786690579.320802144] [nav2_container]: Found class: rclcpp_components::NodeFactoryTemplate<nav2_lifecycle_manager::LifecycleManager>
2026-08-14T15:56:19: [component_container_isolated-1] [INFO] [1786690579.321010466] [nav2_container]: Instantiate class: rclcpp_components::NodeFactoryTemplate<nav2_lifecycle_manager::LifecycleManager>
2026-08-14T15:56:19: [component_container_isolated-1] [INFO] [1786690579.402636113] [lifecycle_manager_localization]: Creating
2026-08-14T15:56:19: [component_container_isolated-1] [INFO] [1786690579.448914229] [lifecycle_manager_localization]: [34m[1mCreating and initializing lifecycle service clients[0m[0m
2026-08-14T15:56:19: [component_container_isolated-1] [INFO] [1786690579.455011605] [nav2_container]: Load Library: /opt/ros/humble/lib/libplanner_server_core.so
2026-08-14T15:56:19: [INFO] [launch_ros.actions.load_composable_nodes]: Loaded node '/lifecycle_manager_localization' in container '/nav2_container'
2026-08-14T15:56:19: [component_container_isolated-1] [INFO] [1786690579.484490766] [nav2_container]: Found class: rclcpp_components::NodeFactoryTemplate<nav2_planner::PlannerServer>
2026-08-14T15:56:19: [component_container_isolated-1] [INFO] [1786690579.484665330] [nav2_container]: Instantiate class: rclcpp_components::NodeFactoryTemplate<nav2_planner::PlannerServer>
2026-08-14T15:56:19: [component_container_isolated-1] [INFO] [1786690579.518648180] [lifecycle_manager_localization]: [34m[1mStarting managed nodes bringup...[0m[0m
2026-08-14T15:56:19: [component_container_isolated-1] [INFO] [1786690579.518918795] [lifecycle_manager_localization]: [34m[1mConfiguring map_server[0m[0m
2026-08-14T15:56:19: [component_container_isolated-1] [INFO] [1786690579.521278087] [map_server]: Configuring
2026-08-14T15:56:19: [component_container_isolated-1] [INFO] [1786690579.521652177] [map_io]: Loading yaml file: /home/yeyu/yeyu_ws/src/yeyu_navigation2/map/yeyu_map1.yaml
2026-08-14T15:56:19: [component_container_isolated-1] [INFO] [1786690579.554772205] [map_io]: resolution: 0.05
2026-08-14T15:56:19: [component_container_isolated-1] [INFO] [1786690579.581508744] [map_io]: origin[0]: -8.47
2026-08-14T15:56:19: [component_container_isolated-1] [INFO] [1786690579.581548686] [map_io]: origin[1]: -9.45
2026-08-14T15:56:19: [component_container_isolated-1] [INFO] [1786690579.581573685] [map_io]: origin[2]: 0
2026-08-14T15:56:19: [component_container_isolated-1] [INFO] [1786690579.581598628] [map_io]: free_thresh: 0.25
2026-08-14T15:56:19: [component_container_isolated-1] [INFO] [1786690579.581622145] [map_io]: occupied_thresh: 0.65
2026-08-14T15:56:19: [component_container_isolated-1] [INFO] [1786690579.581665383] [map_io]: mode: trinary
2026-08-14T15:56:19: [component_container_isolated-1] [INFO] [1786690579.581694604] [map_io]: negate: 0
2026-08-14T15:56:19: [component_container_isolated-1] [INFO] [1786690579.607265894] [planner_server]: 
2026-08-14T15:56:19: [component_container_isolated-1] 	planner_server lifecycle node launched. 
2026-08-14T15:56:19: [component_container_isolated-1] 	Waiting on external lifecycle transitions to activate
2026-08-14T15:56:19: [component_container_isolated-1] 	See https://design.ros2.org/articles/node_lifecycle.html for more information.
2026-08-14T15:56:19: [component_container_isolated-1] [INFO] [1786690579.626971424] [map_io]: Loading image_file: /home/yeyu/yeyu_ws/src/yeyu_navigation2/map/yeyu_map1.pgm
2026-08-14T15:56:19: [component_container_isolated-1] [INFO] [1786690579.644658180] [planner_server]: Creating
2026-08-14T15:56:19: [component_container_isolated-1] [INFO] [1786690579.708332031] [global_costmap.global_costmap]: 
2026-08-14T15:56:19: [component_container_isolated-1] 	global_costmap lifecycle node launched. 
2026-08-14T15:56:19: [component_container_isolated-1] 	Waiting on external lifecycle transitions to activate
2026-08-14T15:56:19: [component_container_isolated-1] 	See https://design.ros2.org/articles/node_lifecycle.html for more information.
2026-08-14T15:56:19: [component_container_isolated-1] [INFO] [1786690579.716712778] [global_costmap.global_costmap]: Creating Costmap
2026-08-14T15:56:19: [INFO] [launch_ros.actions.load_composable_nodes]: Loaded node '/planner_server' in container '/nav2_container'
2026-08-14T15:56:19: [component_container_isolated-1] [INFO] [1786690579.758796002] [nav2_container]: Load Library: /opt/ros/humble/lib/libbehavior_server_core.so
2026-08-14T15:56:19: [component_container_isolated-1] [INFO] [1786690579.776262826] [map_io]: Read map /home/yeyu/yeyu_ws/src/yeyu_navigation2/map/yeyu_map1.pgm: 371 X 353 map @ 0.05 m/cell
2026-08-14T15:56:19: [component_container_isolated-1] [INFO] [1786690579.837547572] [lifecycle_manager_localization]: [34m[1mConfiguring amcl[0m[0m
2026-08-14T15:56:19: [component_container_isolated-1] [INFO] [1786690579.838258142] [amcl]: Configuring
2026-08-14T15:56:19: [component_container_isolated-1] [INFO] [1786690579.838937696] [amcl]: initTransforms
2026-08-14T15:56:19: [component_container_isolated-1] [INFO] [1786690579.865449396] [nav2_container]: Found class: rclcpp_components::NodeFactoryTemplate<behavior_server::BehaviorServer>
2026-08-14T15:56:19: [component_container_isolated-1] [INFO] [1786690579.868715155] [nav2_container]: Instantiate class: rclcpp_components::NodeFactoryTemplate<behavior_server::BehaviorServer>
2026-08-14T15:56:19: [component_container_isolated-1] [INFO] [1786690579.929637125] [amcl]: initPubSub
2026-08-14T15:56:19: [component_container_isolated-1] [INFO] [1786690579.973576448] [amcl]: Subscribed to map topic.
2026-08-14T15:56:20: [component_container_isolated-1] [INFO] [1786690580.021186510] [lifecycle_manager_localization]: [34m[1mActivating map_server[0m[0m
2026-08-14T15:56:20: [component_container_isolated-1] [INFO] [1786690580.023608096] [map_server]: Activating
2026-08-14T15:56:20: [component_container_isolated-1] [INFO] [1786690580.024604373] [map_server]: Creating bond (map_server) to lifecycle manager.
2026-08-14T15:56:20: [component_container_isolated-1] [INFO] [1786690580.026809174] [behavior_server]: 
2026-08-14T15:56:20: [component_container_isolated-1] 	behavior_server lifecycle node launched. 
2026-08-14T15:56:20: [component_container_isolated-1] 	Waiting on external lifecycle transitions to activate
2026-08-14T15:56:20: [component_container_isolated-1] 	See https://design.ros2.org/articles/node_lifecycle.html for more information.
2026-08-14T15:56:20: [component_container_isolated-1] [INFO] [1786690580.032508574] [amcl]: Received a 371 X 353 map @ 0.050 m/pix
2026-08-14T15:56:20: [component_container_isolated-1] [WARN] [1786690580.083114827] [rclcpp]: Failed to set parameter: parameter 'FollowPath.max_vel_x' cannot be set because it was not declared
2026-08-14T15:56:20: [INFO] [launch_ros.actions.load_composable_nodes]: Loaded node '/behavior_server' in container '/nav2_container'
2026-08-14T15:56:20: [component_container_isolated-1] [INFO] [1786690580.141035166] [lifecycle_manager_localization]: Server map_server connected with bond.
2026-08-14T15:56:20: [component_container_isolated-1] [INFO] [1786690580.141543822] [lifecycle_manager_localization]: [34m[1mActivating amcl[0m[0m
2026-08-14T15:56:20: [component_container_isolated-1] [INFO] [1786690580.148111137] [amcl]: Activating
2026-08-14T15:56:20: [component_container_isolated-1] [INFO] [1786690580.148294848] [amcl]: Creating bond (amcl) to lifecycle manager.
2026-08-14T15:56:20: [component_container_isolated-1] [INFO] [1786690580.150150133] [amcl]: createLaserObject
2026-08-14T15:56:20: [component_container_isolated-1] [INFO] [1786690580.153575680] [nav2_container]: Load Library: /opt/ros/humble/lib/libbt_navigator_core.so
2026-08-14T15:56:20: [component_container_isolated-1] [INFO] [1786690580.219122625] [nav2_container]: Found class: rclcpp_components::NodeFactoryTemplate<nav2_bt_navigator::BtNavigator>
2026-08-14T15:56:20: [component_container_isolated-1] [INFO] [1786690580.225524578] [nav2_container]: Instantiate class: rclcpp_components::NodeFactoryTemplate<nav2_bt_navigator::BtNavigator>
2026-08-14T15:56:20: [component_container_isolated-1] [INFO] [1786690580.327539482] [lifecycle_manager_localization]: Server amcl connected with bond.
2026-08-14T15:56:20: [component_container_isolated-1] [INFO] [1786690580.327692270] [lifecycle_manager_localization]: [34m[1mManaged nodes are active[0m[0m
2026-08-14T15:56:20: [component_container_isolated-1] [INFO] [1786690580.327857853] [lifecycle_manager_localization]: [34m[1mCreating bond timer...[0m[0m
2026-08-14T15:56:20: [component_container_isolated-1] [INFO] [1786690580.463759639] [bt_navigator]: 
2026-08-14T15:56:20: [component_container_isolated-1] 	bt_navigator lifecycle node launched. 
2026-08-14T15:56:20: [component_container_isolated-1] 	Waiting on external lifecycle transitions to activate
2026-08-14T15:56:20: [component_container_isolated-1] 	See https://design.ros2.org/articles/node_lifecycle.html for more information.
2026-08-14T15:56:20: [component_container_isolated-1] [INFO] [1786690580.464082936] [bt_navigator]: Creating
2026-08-14T15:56:20: [INFO] [launch_ros.actions.load_composable_nodes]: Loaded node '/bt_navigator' in container '/nav2_container'
2026-08-14T15:56:20: [component_container_isolated-1] [INFO] [1786690580.511715356] [nav2_container]: Load Library: /opt/ros/humble/lib/libwaypoint_follower_core.so
2026-08-14T15:56:20: [ERROR] [rviz2-2]: process has died [pid 3890, exit code -6, cmd '/opt/ros/humble/lib/rviz2/rviz2 -d /home/yeyu/yeyu_ws/install/yeyu_navigation2/share/yeyu_navigation2/rviz/tb3_navigation2.rviz --ros-args -r __node:=rviz2 --params-file /tmp/launch_params_sfpp3gy8'].
2026-08-14T15:56:20: [component_container_isolated-1] [INFO] [1786690580.525851465] [nav2_container]: Found class: rclcpp_components::NodeFactoryTemplate<nav2_waypoint_follower::WaypointFollower>
2026-08-14T15:56:20: [component_container_isolated-1] [INFO] [1786690580.526005734] [nav2_container]: Instantiate class: rclcpp_components::NodeFactoryTemplate<nav2_waypoint_follower::WaypointFollower>
2026-08-14T15:56:20: [component_container_isolated-1] [INFO] [1786690580.628029600] [waypoint_follower]: 
2026-08-14T15:56:20: [component_container_isolated-1] 	waypoint_follower lifecycle node launched. 
2026-08-14T15:56:20: [component_container_isolated-1] 	Waiting on external lifecycle transitions to activate
2026-08-14T15:56:20: [component_container_isolated-1] 	See https://design.ros2.org/articles/node_lifecycle.html for more information.
2026-08-14T15:56:20: [component_container_isolated-1] [INFO] [1786690580.652571899] [waypoint_follower]: Creating
2026-08-14T15:56:20: [INFO] [launch_ros.actions.load_composable_nodes]: Loaded node '/waypoint_follower' in container '/nav2_container'
2026-08-14T15:56:20: [component_container_isolated-1] [INFO] [1786690580.672638765] [nav2_container]: Load Library: /opt/ros/humble/lib/libvelocity_smoother_core.so
2026-08-14T15:56:20: [component_container_isolated-1] [INFO] [1786690580.689291454] [nav2_container]: Found class: rclcpp_components::NodeFactoryTemplate<nav2_velocity_smoother::VelocitySmoother>
2026-08-14T15:56:20: [component_container_isolated-1] [INFO] [1786690580.689438427] [nav2_container]: Instantiate class: rclcpp_components::NodeFactoryTemplate<nav2_velocity_smoother::VelocitySmoother>
2026-08-14T15:56:20: [component_container_isolated-1] [INFO] [1786690580.785384563] [velocity_smoother]: 
2026-08-14T15:56:20: [component_container_isolated-1] 	velocity_smoother lifecycle node launched. 
2026-08-14T15:56:20: [component_container_isolated-1] 	Waiting on external lifecycle transitions to activate
2026-08-14T15:56:20: [component_container_isolated-1] 	See https://design.ros2.org/articles/node_lifecycle.html for more information.
2026-08-14T15:56:20: [INFO] [launch_ros.actions.load_composable_nodes]: Loaded node '/velocity_smoother' in container '/nav2_container'
2026-08-14T15:56:20: [component_container_isolated-1] [INFO] [1786690580.799528449] [nav2_container]: Found class: rclcpp_components::NodeFactoryTemplate<nav2_lifecycle_manager::LifecycleManager>
2026-08-14T15:56:20: [component_container_isolated-1] [INFO] [1786690580.799677552] [nav2_container]: Instantiate class: rclcpp_components::NodeFactoryTemplate<nav2_lifecycle_manager::LifecycleManager>
2026-08-14T15:56:20: [component_container_isolated-1] [INFO] [1786690580.849509126] [lifecycle_manager_navigation]: Creating
2026-08-14T15:56:20: [component_container_isolated-1] [INFO] [1786690580.879980756] [lifecycle_manager_navigation]: [34m[1mCreating and initializing lifecycle service clients[0m[0m
2026-08-14T15:56:20: [INFO] [launch_ros.actions.load_composable_nodes]: Loaded node '/lifecycle_manager_navigation' in container '/nav2_container'
2026-08-14T15:56:20: [component_container_isolated-1] [INFO] [1786690580.936021591] [lifecycle_manager_navigation]: [34m[1mStarting managed nodes bringup...[0m[0m
2026-08-14T15:56:20: [component_container_isolated-1] [INFO] [1786690580.936258818] [lifecycle_manager_navigation]: [34m[1mConfiguring controller_server[0m[0m
2026-08-14T15:56:20: [component_container_isolated-1] [INFO] [1786690580.936845359] [controller_server]: Configuring controller interface
2026-08-14T15:56:20: [component_container_isolated-1] [INFO] [1786690580.956241911] [controller_server]: getting goal checker plugins..
2026-08-14T15:56:20: [component_container_isolated-1] [INFO] [1786690580.956909244] [controller_server]: Controller frequency set to 10.0000Hz
2026-08-14T15:56:20: [component_container_isolated-1] [INFO] [1786690580.957136898] [local_costmap.local_costmap]: Configuring
2026-08-14T15:56:21: [component_container_isolated-1] [INFO] [1786690581.007270456] [local_costmap.local_costmap]: Using plugin "obstacle_layer"
2026-08-14T15:56:21: [component_container_isolated-1] [INFO] [1786690581.079883982] [local_costmap.local_costmap]: Subscribed to Topics: scan
2026-08-14T15:56:21: [component_container_isolated-1] [INFO] [1786690581.151496453] [local_costmap.local_costmap]: Initialized plugin "obstacle_layer"
2026-08-14T15:56:21: [component_container_isolated-1] [INFO] [1786690581.156982404] [local_costmap.local_costmap]: Using plugin "voxel_layer"
2026-08-14T15:56:21: [component_container_isolated-1] [INFO] [1786690581.164870349] [local_costmap.local_costmap]: Subscribed to Topics: scan
2026-08-14T15:56:21: [component_container_isolated-1] [INFO] [1786690581.239113728] [local_costmap.local_costmap]: Initialized plugin "voxel_layer"
2026-08-14T15:56:21: [component_container_isolated-1] [INFO] [1786690581.239892592] [local_costmap.local_costmap]: Using plugin "inflation_layer"
2026-08-14T15:56:21: [component_container_isolated-1] [INFO] [1786690581.245902994] [local_costmap.local_costmap]: Initialized plugin "inflation_layer"
2026-08-14T15:56:21: [component_container_isolated-1] [INFO] [1786690581.350096633] [controller_server]: Created progress_checker : progress_checker of type nav2_controller::SimpleProgressChecker
2026-08-14T15:56:21: [component_container_isolated-1] [INFO] [1786690581.369203206] [controller_server]: Created goal checker : general_goal_checker of type nav2_controller::SimpleGoalChecker
2026-08-14T15:56:21: [component_container_isolated-1] [INFO] [1786690581.378449575] [controller_server]: Controller Server has general_goal_checker  goal checkers available.
2026-08-14T15:56:21: [component_container_isolated-1] [INFO] [1786690581.440999853] [controller_server]: Created controller : FollowPath of type dwb_core::DWBLocalPlanner
2026-08-14T15:56:21: [component_container_isolated-1] [INFO] [1786690581.489594564] [controller_server]: Setting transform_tolerance to 0.200000
2026-08-14T15:56:21: [component_container_isolated-1] [INFO] [1786690581.673424111] [controller_server]: Using critic "RotateToGoal" (dwb_critics::RotateToGoalCritic)
2026-08-14T15:56:21: [component_container_isolated-1] [INFO] [1786690581.684368199] [controller_server]: Critic plugin initialized
2026-08-14T15:56:21: [component_container_isolated-1] [INFO] [1786690581.698477091] [controller_server]: Using critic "Oscillation" (dwb_critics::OscillationCritic)
2026-08-14T15:56:21: [component_container_isolated-1] [INFO] [1786690581.716733490] [controller_server]: Critic plugin initialized
2026-08-14T15:56:21: [component_container_isolated-1] [INFO] [1786690581.717403730] [controller_server]: Using critic "BaseObstacle" (dwb_critics::BaseObstacleCritic)
2026-08-14T15:56:21: [component_container_isolated-1] [INFO] [1786690581.718415765] [controller_server]: Critic plugin initialized
2026-08-14T15:56:21: [component_container_isolated-1] [INFO] [1786690581.719770930] [controller_server]: Using critic "GoalAlign" (dwb_critics::GoalAlignCritic)
2026-08-14T15:56:21: [component_container_isolated-1] [INFO] [1786690581.722411133] [controller_server]: Critic plugin initialized
2026-08-14T15:56:21: [component_container_isolated-1] [INFO] [1786690581.723169646] [controller_server]: Using critic "PathAlign" (dwb_critics::PathAlignCritic)
2026-08-14T15:56:21: [component_container_isolated-1] [INFO] [1786690581.725656969] [controller_server]: Critic plugin initialized
2026-08-14T15:56:21: [component_container_isolated-1] [INFO] [1786690581.726534401] [controller_server]: Using critic "PathDist" (dwb_critics::PathDistCritic)
2026-08-14T15:56:21: [component_container_isolated-1] [INFO] [1786690581.728202641] [controller_server]: Critic plugin initialized
2026-08-14T15:56:21: [component_container_isolated-1] [INFO] [1786690581.729107368] [controller_server]: Using critic "GoalDist" (dwb_critics::GoalDistCritic)
2026-08-14T15:56:21: [component_container_isolated-1] [INFO] [1786690581.730920543] [controller_server]: Critic plugin initialized
2026-08-14T15:56:21: [component_container_isolated-1] [INFO] [1786690581.731078035] [controller_server]: Controller Server has FollowPath  controllers available.
2026-08-14T15:56:21: [component_container_isolated-1] [INFO] [1786690581.765598833] [lifecycle_manager_navigation]: [34m[1mConfiguring smoother_server[0m[0m
2026-08-14T15:56:21: [component_container_isolated-1] [INFO] [1786690581.766101601] [smoother_server]: Configuring smoother server
2026-08-14T15:56:21: [component_container_isolated-1] [INFO] [1786690581.806109129] [smoother_server]: Created smoother : simple_smoother of type nav2_smoother::SimpleSmoother
2026-08-14T15:56:21: [component_container_isolated-1] [INFO] [1786690581.820248389] [smoother_server]: Smoother Server has simple_smoother  smoothers available.
2026-08-14T15:56:21: [component_container_isolated-1] [INFO] [1786690581.848941256] [lifecycle_manager_navigation]: [34m[1mConfiguring planner_server[0m[0m
2026-08-14T15:56:21: [component_container_isolated-1] [INFO] [1786690581.849374861] [planner_server]: Configuring
2026-08-14T15:56:21: [component_container_isolated-1] [INFO] [1786690581.849548870] [global_costmap.global_costmap]: Configuring
2026-08-14T15:56:21: [component_container_isolated-1] [INFO] [1786690581.877660344] [global_costmap.global_costmap]: Using plugin "static_layer"
2026-08-14T15:56:21: [component_container_isolated-1] [INFO] [1786690581.886446350] [global_costmap.global_costmap]: Subscribing to the map topic (/map) with transient local durability
2026-08-14T15:56:21: [component_container_isolated-1] [INFO] [1786690581.890284856] [global_costmap.global_costmap]: Initialized plugin "static_layer"
2026-08-14T15:56:21: [component_container_isolated-1] [INFO] [1786690581.890475105] [global_costmap.global_costmap]: Using plugin "obstacle_layer"
2026-08-14T15:56:21: [component_container_isolated-1] [INFO] [1786690581.900021160] [global_costmap.global_costmap]: Subscribed to Topics: scan
2026-08-14T15:56:21: [component_container_isolated-1] [INFO] [1786690581.920519322] [global_costmap.global_costmap]: Initialized plugin "obstacle_layer"
2026-08-14T15:56:21: [component_container_isolated-1] [INFO] [1786690581.920673925] [global_costmap.global_costmap]: Using plugin "voxel_layer"
2026-08-14T15:56:21: [component_container_isolated-1] [INFO] [1786690581.931693749] [global_costmap.global_costmap]: Subscribed to Topics: scan
2026-08-14T15:56:21: [component_container_isolated-1] [INFO] [1786690581.964605694] [global_costmap.global_costmap]: Initialized plugin "voxel_layer"
2026-08-14T15:56:21: [component_container_isolated-1] [INFO] [1786690581.964733539] [global_costmap.global_costmap]: Using plugin "inflation_layer"
2026-08-14T15:56:21: [component_container_isolated-1] [INFO] [1786690581.968768256] [global_costmap.global_costmap]: Initialized plugin "inflation_layer"
2026-08-14T15:56:22: [component_container_isolated-1] [INFO] [1786690582.012596014] [global_costmap.global_costmap]: StaticLayer: Resizing costmap to 371 X 353 at 0.050000 m/pix
2026-08-14T15:56:22: [component_container_isolated-1] [INFO] [1786690582.025862438] [planner_server]: Created global planner plugin GridBased of type nav2_navfn_planner/NavfnPlanner
2026-08-14T15:56:22: [component_container_isolated-1] [INFO] [1786690582.026036780] [planner_server]: Configuring plugin GridBased of type NavfnPlanner
2026-08-14T15:56:22: [component_container_isolated-1] [INFO] [1786690582.036889561] [planner_server]: Planner Server has GridBased  planners available.
2026-08-14T15:56:22: [component_container_isolated-1] [INFO] [1786690582.091188815] [lifecycle_manager_navigation]: [34m[1mConfiguring behavior_server[0m[0m
2026-08-14T15:56:22: [component_container_isolated-1] [INFO] [1786690582.091816354] [behavior_server]: Configuring
2026-08-14T15:56:22: [component_container_isolated-1] [INFO] [1786690582.133320473] [behavior_server]: Creating behavior plugin spin of type nav2_behaviors/Spin
2026-08-14T15:56:22: [component_container_isolated-1] [INFO] [1786690582.150698296] [behavior_server]: Configuring spin
2026-08-14T15:56:22: [component_container_isolated-1] [INFO] [1786690582.188834197] [behavior_server]: Creating behavior plugin backup of type nav2_behaviors/BackUp
2026-08-14T15:56:22: [component_container_isolated-1] [INFO] [1786690582.199702680] [behavior_server]: Configuring backup
2026-08-14T15:56:22: [component_container_isolated-1] [INFO] [1786690582.237108122] [behavior_server]: Creating behavior plugin drive_on_heading of type nav2_behaviors/DriveOnHeading
2026-08-14T15:56:22: [component_container_isolated-1] [INFO] [1786690582.249466004] [behavior_server]: Configuring drive_on_heading
2026-08-14T15:56:22: [component_container_isolated-1] [INFO] [1786690582.291831575] [behavior_server]: Creating behavior plugin wait of type nav2_behaviors/Wait
2026-08-14T15:56:22: [component_container_isolated-1] [INFO] [1786690582.302269064] [behavior_server]: Configuring wait
2026-08-14T15:56:22: [component_container_isolated-1] [INFO] [1786690582.336350544] [lifecycle_manager_navigation]: [34m[1mConfiguring bt_navigator[0m[0m
2026-08-14T15:56:22: [component_container_isolated-1] [INFO] [1786690582.337015692] [bt_navigator]: Configuring
2026-08-14T15:56:22: [component_container_isolated-1] [INFO] [1786690582.546415943] [amcl]: Message Filter dropping message: frame 'base_scan' at time 1786690581.517 for reason 'the timestamp on the message is earlier than all the data in the transform cache'
2026-08-14T15:56:22: [component_container_isolated-1] [INFO] [1786690582.953933317] [lifecycle_manager_navigation]: [34m[1mConfiguring waypoint_follower[0m[0m
2026-08-14T15:56:22: [component_container_isolated-1] [INFO] [1786690582.954597706] [waypoint_follower]: Configuring
2026-08-14T15:56:23: [component_container_isolated-1] [INFO] [1786690583.032936953] [waypoint_follower]: Created waypoint_task_executor : wait_at_waypoint of type nav2_waypoint_follower::WaitAtWaypoint
2026-08-14T15:56:23: [component_container_isolated-1] [INFO] [1786690583.043117218] [lifecycle_manager_navigation]: [34m[1mConfiguring velocity_smoother[0m[0m
2026-08-14T15:56:23: [component_container_isolated-1] [INFO] [1786690583.043893379] [velocity_smoother]: Configuring velocity smoother
2026-08-14T15:56:23: [component_container_isolated-1] [INFO] [1786690583.075235334] [lifecycle_manager_navigation]: [34m[1mActivating controller_server[0m[0m
2026-08-14T15:56:23: [component_container_isolated-1] [INFO] [1786690583.075924499] [controller_server]: Activating
2026-08-14T15:56:23: [component_container_isolated-1] [INFO] [1786690583.076130913] [local_costmap.local_costmap]: Activating
2026-08-14T15:56:23: [component_container_isolated-1] [INFO] [1786690583.076194928] [local_costmap.local_costmap]: Checking transform
2026-08-14T15:56:23: [component_container_isolated-1] [INFO] [1786690583.076492227] [local_costmap.local_costmap]: start
2026-08-14T15:56:23: [component_container_isolated-1] [INFO] [1786690583.288621244] [controller_server]: Creating bond (controller_server) to lifecycle manager.
2026-08-14T15:56:23: [component_container_isolated-1] [INFO] [1786690583.398483430] [lifecycle_manager_navigation]: Server controller_server connected with bond.
2026-08-14T15:56:23: [component_container_isolated-1] [INFO] [1786690583.398653939] [lifecycle_manager_navigation]: [34m[1mActivating smoother_server[0m[0m
2026-08-14T15:56:23: [component_container_isolated-1] [INFO] [1786690583.399332734] [smoother_server]: Activating
2026-08-14T15:56:23: [component_container_isolated-1] [INFO] [1786690583.399512243] [smoother_server]: Creating bond (smoother_server) to lifecycle manager.
2026-08-14T15:56:23: [component_container_isolated-1] [INFO] [1786690583.524407423] [lifecycle_manager_navigation]: Server smoother_server connected with bond.
2026-08-14T15:56:23: [component_container_isolated-1] [INFO] [1786690583.524544971] [lifecycle_manager_navigation]: [34m[1mActivating planner_server[0m[0m
2026-08-14T15:56:23: [component_container_isolated-1] [INFO] [1786690583.525344630] [planner_server]: Activating
2026-08-14T15:56:23: [component_container_isolated-1] [INFO] [1786690583.525587617] [global_costmap.global_costmap]: Activating
2026-08-14T15:56:23: [component_container_isolated-1] [INFO] [1786690583.525670427] [global_costmap.global_costmap]: Checking transform
2026-08-14T15:56:23: [component_container_isolated-1] [INFO] [1786690583.525744034] [global_costmap.global_costmap]: Timed out waiting for transform from base_link to map to become available, tf error: Invalid frame ID "map" passed to canTransform argument target_frame - frame does not exist
2026-08-14T15:56:24: [component_container_isolated-1] [INFO] [1786690584.025853360] [global_costmap.global_costmap]: Timed out waiting for transform from base_link to map to become available, tf error: Invalid frame ID "map" passed to canTransform argument target_frame - frame does not exist
2026-08-14T15:56:24: [component_container_isolated-1] [INFO] [1786690584.525903930] [global_costmap.global_costmap]: Timed out waiting for transform from base_link to map to become available, tf error: Invalid frame ID "map" passed to canTransform argument target_frame - frame does not exist
2026-08-14T15:56:25: [component_container_isolated-1] [INFO] [1786690585.025843955] [global_costmap.global_costmap]: Timed out waiting for transform from base_link to map to become available, tf error: Invalid frame ID "map" passed to canTransform argument target_frame - frame does not exist
2026-08-14T15:56:25: [component_container_isolated-1] [INFO] [1786690585.525854641] [global_costmap.global_costmap]: Timed out waiting for transform from base_link to map to become available, tf error: Invalid frame ID "map" passed to canTransform argument target_frame - frame does not exist
2026-08-14T15:56:26: [component_container_isolated-1] [INFO] [1786690586.025852129] [global_costmap.global_costmap]: Timed out waiting for transform from base_link to map to become available, tf error: Invalid frame ID "map" passed to canTransform argument target_frame - frame does not exist
2026-08-14T15:56:26: [component_container_isolated-1] [INFO] [1786690586.525856910] [global_costmap.global_costmap]: Timed out waiting for transform from base_link to map to become available, tf error: Invalid frame ID "map" passed to canTransform argument target_frame - frame does not exist
2026-08-14T15:56:27: [component_container_isolated-1] [INFO] [1786690587.025841290] [global_costmap.global_costmap]: Timed out waiting for transform from base_link to map to become available, tf error: Invalid frame ID "map" passed to canTransform argument target_frame - frame does not exist
2026-08-14T15:56:27: [component_container_isolated-1] [INFO] [1786690587.525845443] [global_costmap.global_costmap]: Timed out waiting for transform from base_link to map to become available, tf error: Invalid frame ID "map" passed to canTransform argument target_frame - frame does not exist
2026-08-14T15:56:28: [component_container_isolated-1] [INFO] [1786690588.025863470] [global_costmap.global_costmap]: Timed out waiting for transform from base_link to map to become available, tf error: Invalid frame ID "map" passed to canTransform argument target_frame - frame does not exist
2026-08-14T15:56:28: [component_container_isolated-1] [INFO] [1786690588.525844884] [global_costmap.global_costmap]: Timed out waiting for transform from base_link to map to become available, tf error: Invalid frame ID "map" passed to canTransform argument target_frame - frame does not exist
2026-08-14T15:56:29: [component_container_isolated-1] [INFO] [1786690589.025914612] [global_costmap.global_costmap]: Timed out waiting for transform from base_link to map to become available, tf error: Invalid frame ID "map" passed to canTransform argument target_frame - frame does not exist
2026-08-14T15:56:29: [component_container_isolated-1] [INFO] [1786690589.525851325] [global_costmap.global_costmap]: Timed out waiting for transform from base_link to map to become available, tf error: Invalid frame ID "map" passed to canTransform argument target_frame - frame does not exist
2026-08-14T15:56:30: [component_container_isolated-1] [INFO] [1786690590.025843390] [global_costmap.global_costmap]: Timed out waiting for transform from base_link to map to become available, tf error: Invalid frame ID "map" passed to canTransform argument target_frame - frame does not exist
2026-08-14T15:56:30: [component_container_isolated-1] [INFO] [1786690590.525826117] [global_costmap.global_costmap]: Timed out waiting for transform from base_link to map to become available, tf error: Invalid frame ID "map" passed to canTransform argument target_frame - frame does not exist
2026-08-14T15:56:31: [component_container_isolated-1] [INFO] [1786690591.025832070] [global_costmap.global_costmap]: Timed out waiting for transform from base_link to map to become available, tf error: Invalid frame ID "map" passed to canTransform argument target_frame - frame does not exist
2026-08-14T15:56:31: [component_container_isolated-1] [INFO] [1786690591.525832053] [global_costmap.global_costmap]: Timed out waiting for transform from base_link to map to become available, tf error: Invalid frame ID "map" passed to canTransform argument target_frame - frame does not exist
2026-08-14T15:56:32: [component_container_isolated-1] [INFO] [1786690592.025847354] [global_costmap.global_costmap]: Timed out waiting for transform from base_link to map to become available, tf error: Invalid frame ID "map" passed to canTransform argument target_frame - frame does not exist
2026-08-14T15:56:32: [component_container_isolated-1] [INFO] [1786690592.525923127] [global_costmap.global_costmap]: Timed out waiting for transform from base_link to map to become available, tf error: Invalid frame ID "map" passed to canTransform argument target_frame - frame does not exist
2026-08-14T15:56:33: [component_container_isolated-1] [INFO] [1786690593.025841190] [global_costmap.global_costmap]: Timed out waiting for transform from base_link to map to become available, tf error: Invalid frame ID "map" passed to canTransform argument target_frame - frame does not exist
2026-08-14T15:56:33: [component_container_isolated-1] [INFO] [1786690593.525820815] [global_costmap.global_costmap]: Timed out waiting for transform from base_link to map to become available, tf error: Invalid frame ID "map" passed to canTransform argument target_frame - frame does not exist
2026-08-14T15:56:34: [component_container_isolated-1] [INFO] [1786690594.025840998] [global_costmap.global_costmap]: Timed out waiting for transform from base_link to map to become available, tf error: Invalid frame ID "map" passed to canTransform argument target_frame - frame does not exist
2026-08-14T15:56:34: [component_container_isolated-1] [INFO] [1786690594.525839304] [global_costmap.global_costmap]: Timed out waiting for transform from base_link to map to become available, tf error: Invalid frame ID "map" passed to canTransform argument target_frame - frame does not exist
2026-08-14T15:56:35: [component_container_isolated-1] [INFO] [1786690595.025841946] [global_costmap.global_costmap]: Timed out waiting for transform from base_link to map to become available, tf error: Invalid frame ID "map" passed to canTransform argument target_frame - frame does not exist
2026-08-14T15:56:35: [component_container_isolated-1] [INFO] [1786690595.525836783] [global_costmap.global_costmap]: Timed out waiting for transform from base_link to map to become available, tf error: Invalid frame ID "map" passed to canTransform argument target_frame - frame does not exist
2026-08-14T15:56:36: [component_container_isolated-1] [INFO] [1786690596.025839679] [global_costmap.global_costmap]: Timed out waiting for transform from base_link to map to become available, tf error: Invalid frame ID "map" passed to canTransform argument target_frame - frame does not exist
2026-08-14T15:56:36: [component_container_isolated-1] [INFO] [1786690596.525837954] [global_costmap.global_costmap]: Timed out waiting for transform from base_link to map to become available, tf error: Invalid frame ID "map" passed to canTransform argument target_frame - frame does not exist
2026-08-14T15:56:37: [component_container_isolated-1] [INFO] [1786690597.025842288] [global_costmap.global_costmap]: Timed out waiting for transform from base_link to map to become available, tf error: Invalid frame ID "map" passed to canTransform argument target_frame - frame does not exist
2026-08-14T15:56:37: [component_container_isolated-1] [INFO] [1786690597.525838259] [global_costmap.global_costmap]: Timed out waiting for transform from base_link to map to become available, tf error: Invalid frame ID "map" passed to canTransform argument target_frame - frame does not exist
2026-08-14T15:56:38: [component_container_isolated-1] [INFO] [1786690598.025852956] [global_costmap.global_costmap]: Timed out waiting for transform from base_link to map to become available, tf error: Invalid frame ID "map" passed to canTransform argument target_frame - frame does not exist
2026-08-14T15:56:38: [component_container_isolated-1] [INFO] [1786690598.525842586] [global_costmap.global_costmap]: Timed out waiting for transform from base_link to map to become available, tf error: Invalid frame ID "map" passed to canTransform argument target_frame - frame does not exist
2026-08-14T15:56:39: [component_container_isolated-1] [INFO] [1786690599.025840535] [global_costmap.global_costmap]: Timed out waiting for transform from base_link to map to become available, tf error: Invalid frame ID "map" passed to canTransform argument target_frame - frame does not exist
2026-08-14T15:56:39: [component_container_isolated-1] [INFO] [1786690599.525836138] [global_costmap.global_costmap]: Timed out waiting for transform from base_link to map to become available, tf error: Invalid frame ID "map" passed to canTransform argument target_frame - frame does not exist
2026-08-14T15:56:40: [component_container_isolated-1] [INFO] [1786690600.025840226] [global_costmap.global_costmap]: Timed out waiting for transform from base_link to map to become available, tf error: Invalid frame ID "map" passed to canTransform argument target_frame - frame does not exist
2026-08-14T15:56:40: [component_container_isolated-1] [INFO] [1786690600.525851207] [global_costmap.global_costmap]: Timed out waiting for transform from base_link to map to become available, tf error: Invalid frame ID "map" passed to canTransform argument target_frame - frame does not exist
2026-08-14T15:56:41: [component_container_isolated-1] [INFO] [1786690601.025837787] [global_costmap.global_costmap]: Timed out waiting for transform from base_link to map to become available, tf error: Invalid frame ID "map" passed to canTransform argument target_frame - frame does not exist
2026-08-14T15:56:41: [component_container_isolated-1] [INFO] [1786690601.525828963] [global_costmap.global_costmap]: Timed out waiting for transform from base_link to map to become available, tf error: Invalid frame ID "map" passed to canTransform argument target_frame - frame does not exist
2026-08-14T15:56:42: [component_container_isolated-1] [INFO] [1786690602.025925841] [global_costmap.global_costmap]: Timed out waiting for transform from base_link to map to become available, tf error: Invalid frame ID "map" passed to canTransform argument target_frame - frame does not exist
2026-08-14T15:56:42: [component_container_isolated-1] [INFO] [1786690602.525925635] [global_costmap.global_costmap]: Timed out waiting for transform from base_link to map to become available, tf error: Invalid frame ID "map" passed to canTransform argument target_frame - frame does not exist
2026-08-14T15:56:43: [component_container_isolated-1] [INFO] [1786690603.025841215] [global_costmap.global_costmap]: Timed out waiting for transform from base_link to map to become available, tf error: Invalid frame ID "map" passed to canTransform argument target_frame - frame does not exist
2026-08-14T15:56:43: [component_container_isolated-1] [INFO] [1786690603.525851311] [global_costmap.global_costmap]: Timed out waiting for transform from base_link to map to become available, tf error: Invalid frame ID "map" passed to canTransform argument target_frame - frame does not exist
2026-08-14T15:56:44: [component_container_isolated-1] [INFO] [1786690604.025838080] [global_costmap.global_costmap]: Timed out waiting for transform from base_link to map to become available, tf error: Invalid frame ID "map" passed to canTransform argument target_frame - frame does not exist
2026-08-14T15:56:44: [component_container_isolated-1] [INFO] [1786690604.525840441] [global_costmap.global_costmap]: Timed out waiting for transform from base_link to map to become available, tf error: Invalid frame ID "map" passed to canTransform argument target_frame - frame does not exist
2026-08-14T15:56:45: [component_container_isolated-1] [INFO] [1786690605.025841492] [global_costmap.global_costmap]: Timed out waiting for transform from base_link to map to become available, tf error: Invalid frame ID "map" passed to canTransform argument target_frame - frame does not exist
2026-08-14T15:56:45: [component_container_isolated-1] [INFO] [1786690605.525854618] [global_costmap.global_costmap]: Timed out waiting for transform from base_link to map to become available, tf error: Invalid frame ID "map" passed to canTransform argument target_frame - frame does not exist
2026-08-14T15:56:46: [component_container_isolated-1] [INFO] [1786690606.025839767] [global_costmap.global_costmap]: Timed out waiting for transform from base_link to map to become available, tf error: Invalid frame ID "map" passed to canTransform argument target_frame - frame does not exist
2026-08-14T15:56:46: [component_container_isolated-1] [INFO] [1786690606.525874062] [global_costmap.global_costmap]: Timed out waiting for transform from base_link to map to become available, tf error: Invalid frame ID "map" passed to canTransform argument target_frame - frame does not exist
2026-08-14T15:56:47: [component_container_isolated-1] [INFO] [1786690607.025840273] [global_costmap.global_costmap]: Timed out waiting for transform from base_link to map to become available, tf error: Invalid frame ID "map" passed to canTransform argument target_frame - frame does not exist
2026-08-14T15:56:47: [component_container_isolated-1] [INFO] [1786690607.525838203] [global_costmap.global_costmap]: Timed out waiting for transform from base_link to map to become available, tf error: Invalid frame ID "map" passed to canTransform argument target_frame - frame does not exist
2026-08-14T15:56:48: [component_container_isolated-1] [INFO] [1786690608.025853063] [global_costmap.global_costmap]: Timed out waiting for transform from base_link to map to become available, tf error: Invalid frame ID "map" passed to canTransform argument target_frame - frame does not exist
2026-08-14T15:56:48: [component_container_isolated-1] [INFO] [1786690608.525840551] [global_costmap.global_costmap]: Timed out waiting for transform from base_link to map to become available, tf error: Invalid frame ID "map" passed to canTransform argument target_frame - frame does not exist
2026-08-14T15:56:49: [component_container_isolated-1] [INFO] [1786690609.025851636] [global_costmap.global_costmap]: Timed out waiting for transform from base_link to map to become available, tf error: Invalid frame ID "map" passed to canTransform argument target_frame - frame does not exist
2026-08-14T15:56:49: [component_container_isolated-1] [INFO] [1786690609.525843664] [global_costmap.global_costmap]: Timed out waiting for transform from base_link to map to become available, tf error: Invalid frame ID "map" passed to canTransform argument target_frame - frame does not exist
2026-08-14T15:56:50: [component_container_isolated-1] [INFO] [1786690610.025842696] [global_costmap.global_costmap]: Timed out waiting for transform from base_link to map to become available, tf error: Invalid frame ID "map" passed to canTransform argument target_frame - frame does not exist
2026-08-14T15:56:50: [component_container_isolated-1] [INFO] [1786690610.525839539] [global_costmap.global_costmap]: Timed out waiting for transform from base_link to map to become available, tf error: Invalid frame ID "map" passed to canTransform argument target_frame - frame does not exist
2026-08-14T15:56:51: [component_container_isolated-1] [INFO] [1786690611.025840701] [global_costmap.global_costmap]: Timed out waiting for transform from base_link to map to become available, tf error: Invalid frame ID "map" passed to canTransform argument target_frame - frame does not exist
2026-08-14T15:56:51: [component_container_isolated-1] [INFO] [1786690611.525849601] [global_costmap.global_costmap]: Timed out waiting for transform from base_link to map to become available, tf error: Invalid frame ID "map" passed to canTransform argument target_frame - frame does not exist
2026-08-14T15:56:52: [component_container_isolated-1] [INFO] [1786690612.025833672] [global_costmap.global_costmap]: Timed out waiting for transform from base_link to map to become available, tf error: Invalid frame ID "map" passed to canTransform argument target_frame - frame does not exist
2026-08-14T15:56:52: [component_container_isolated-1] [INFO] [1786690612.525818461] [global_costmap.global_costmap]: Timed out waiting for transform from base_link to map to become available, tf error: Invalid frame ID "map" passed to canTransform argument target_frame - frame does not exist
2026-08-14T15:56:53: [component_container_isolated-1] [INFO] [1786690613.025832327] [global_costmap.global_costmap]: Timed out waiting for transform from base_link to map to become available, tf error: Invalid frame ID "map" passed to canTransform argument target_frame - frame does not exist
2026-08-14T15:56:53: [component_container_isolated-1] [INFO] [1786690613.525833577] [global_costmap.global_costmap]: Timed out waiting for transform from base_link to map to become available, tf error: Invalid frame ID "map" passed to canTransform argument target_frame - frame does not exist
2026-08-14T15:56:54: [component_container_isolated-1] [INFO] [1786690614.025844830] [global_costmap.global_costmap]: Timed out waiting for transform from base_link to map to become available, tf error: Invalid frame ID "map" passed to canTransform argument target_frame - frame does not exist
2026-08-14T15:56:54: [component_container_isolated-1] [INFO] [1786690614.525838820] [global_costmap.global_costmap]: Timed out waiting for transform from base_link to map to become available, tf error: Invalid frame ID "map" passed to canTransform argument target_frame - frame does not exist
2026-08-14T15:56:55: [component_container_isolated-1] [INFO] [1786690615.025883293] [global_costmap.global_costmap]: Timed out waiting for transform from base_link to map to become available, tf error: Invalid frame ID "map" passed to canTransform argument target_frame - frame does not exist
2026-08-14T15:56:55: [component_container_isolated-1] [INFO] [1786690615.526033662] [global_costmap.global_costmap]: Timed out waiting for transform from base_link to map to become available, tf error: Invalid frame ID "map" passed to canTransform argument target_frame - frame does not exist
2026-08-14T15:56:56: [component_container_isolated-1] [INFO] [1786690616.025842162] [global_costmap.global_costmap]: Timed out waiting for transform from base_link to map to become available, tf error: Invalid frame ID "map" passed to canTransform argument target_frame - frame does not exist
2026-08-14T15:56:56: [component_container_isolated-1] [INFO] [1786690616.525826499] [global_costmap.global_costmap]: Timed out waiting for transform from base_link to map to become available, tf error: Invalid frame ID "map" passed to canTransform argument target_frame - frame does not exist
2026-08-14T15:56:57: [component_container_isolated-1] [INFO] [1786690617.025842949] [global_costmap.global_costmap]: Timed out waiting for transform from base_link to map to become available, tf error: Invalid frame ID "map" passed to canTransform argument target_frame - frame does not exist
2026-08-14T15:56:57: [component_container_isolated-1] [INFO] [1786690617.525840448] [global_costmap.global_costmap]: Timed out waiting for transform from base_link to map to become available, tf error: Invalid frame ID "map" passed to canTransform argument target_frame - frame does not exist
2026-08-14T15:56:58: [component_container_isolated-1] [INFO] [1786690618.025831378] [global_costmap.global_costmap]: Timed out waiting for transform from base_link to map to become available, tf error: Invalid frame ID "map" passed to canTransform argument target_frame - frame does not exist
2026-08-14T15:56:58: [component_container_isolated-1] [INFO] [1786690618.525847741] [global_costmap.global_costmap]: Timed out waiting for transform from base_link to map to become available, tf error: Invalid frame ID "map" passed to canTransform argument target_frame - frame does not exist
2026-08-14T15:56:59: [component_container_isolated-1] [INFO] [1786690619.025838185] [global_costmap.global_costmap]: Timed out waiting for transform from base_link to map to become available, tf error: Invalid frame ID "map" passed to canTransform argument target_frame - frame does not exist
2026-08-14T15:56:59: [component_container_isolated-1] [INFO] [1786690619.525840896] [global_costmap.global_costmap]: Timed out waiting for transform from base_link to map to become available, tf error: Invalid frame ID "map" passed to canTransform argument target_frame - frame does not exist
2026-08-14T15:57:00: [component_container_isolated-1] [INFO] [1786690620.025838297] [global_costmap.global_costmap]: Timed out waiting for transform from base_link to map to become available, tf error: Invalid frame ID "map" passed to canTransform argument target_frame - frame does not exist
2026-08-14T15:57:00: [component_container_isolated-1] [INFO] [1786690620.525941331] [global_costmap.global_costmap]: Timed out waiting for transform from base_link to map to become available, tf error: Invalid frame ID "map" passed to canTransform argument target_frame - frame does not exist
2026-08-14T15:57:01: [component_container_isolated-1] [INFO] [1786690621.026160215] [global_costmap.global_costmap]: Timed out waiting for transform from base_link to map to become available, tf error: Invalid frame ID "map" passed to canTransform argument target_frame - frame does not exist
2026-08-14T15:57:01: [component_container_isolated-1] [INFO] [1786690621.525870169] [global_costmap.global_costmap]: Timed out waiting for transform from base_link to map to become available, tf error: Invalid frame ID "map" passed to canTransform argument target_frame - frame does not exist
2026-08-14T15:57:02: [component_container_isolated-1] [INFO] [1786690622.025991459] [global_costmap.global_costmap]: Timed out waiting for transform from base_link to map to become available, tf error: Invalid frame ID "map" passed to canTransform argument target_frame - frame does not exist
2026-08-14T15:57:02: [component_container_isolated-1] [INFO] [1786690622.525861917] [global_costmap.global_costmap]: Timed out waiting for transform from base_link to map to become available, tf error: Invalid frame ID "map" passed to canTransform argument target_frame - frame does not exist
2026-08-14T15:57:03: [component_container_isolated-1] [INFO] [1786690623.025848225] [global_costmap.global_costmap]: Timed out waiting for transform from base_link to map to become available, tf error: Invalid frame ID "map" passed to canTransform argument target_frame - frame does not exist
2026-08-14T15:57:03: [component_container_isolated-1] [INFO] [1786690623.525906239] [global_costmap.global_costmap]: Timed out waiting for transform from base_link to map to become available, tf error: Invalid frame ID "map" passed to canTransform argument target_frame - frame does not exist
2026-08-14T15:57:04: [component_container_isolated-1] [INFO] [1786690624.025853319] [global_costmap.global_costmap]: Timed out waiting for transform from base_link to map to become available, tf error: Invalid frame ID "map" passed to canTransform argument target_frame - frame does not exist
2026-08-14T15:57:04: [component_container_isolated-1] [INFO] [1786690624.525919566] [global_costmap.global_costmap]: Timed out waiting for transform from base_link to map to become available, tf error: Invalid frame ID "map" passed to canTransform argument target_frame - frame does not exist
2026-08-14T15:57:05: [component_container_isolated-1] [INFO] [1786690625.025968817] [global_costmap.global_costmap]: Timed out waiting for transform from base_link to map to become available, tf error: Invalid frame ID "map" passed to canTransform argument target_frame - frame does not exist
2026-08-14T15:57:05: [component_container_isolated-1] [INFO] [1786690625.525989409] [global_costmap.global_costmap]: Timed out waiting for transform from base_link to map to become available, tf error: Invalid frame ID "map" passed to canTransform argument target_frame - frame does not exist
2026-08-14T15:57:06: [component_container_isolated-1] [INFO] [1786690626.025901046] [global_costmap.global_costmap]: Timed out waiting for transform from base_link to map to become available, tf error: Invalid frame ID "map" passed to canTransform argument target_frame - frame does not exist
2026-08-14T15:57:06: [component_container_isolated-1] [INFO] [1786690626.526202911] [global_costmap.global_costmap]: Timed out waiting for transform from base_link to map to become available, tf error: Invalid frame ID "map" passed to canTransform argument target_frame - frame does not exist
2026-08-14T15:57:07: [component_container_isolated-1] [INFO] [1786690627.025850681] [global_costmap.global_costmap]: Timed out waiting for transform from base_link to map to become available, tf error: Invalid frame ID "map" passed to canTransform argument target_frame - frame does not exist
2026-08-14T15:57:07: [component_container_isolated-1] [INFO] [1786690627.525829384] [global_costmap.global_costmap]: Timed out waiting for transform from base_link to map to become available, tf error: Invalid frame ID "map" passed to canTransform argument target_frame - frame does not exist
2026-08-14T15:57:08: [component_container_isolated-1] [INFO] [1786690628.025867643] [global_costmap.global_costmap]: Timed out waiting for transform from base_link to map to become available, tf error: Invalid frame ID "map" passed to canTransform argument target_frame - frame does not exist
2026-08-14T15:57:08: [component_container_isolated-1] [INFO] [1786690628.525847428] [global_costmap.global_costmap]: Timed out waiting for transform from base_link to map to become available, tf error: Invalid frame ID "map" passed to canTransform argument target_frame - frame does not exist
2026-08-14T15:57:09: [component_container_isolated-1] [INFO] [1786690629.025863103] [global_costmap.global_costmap]: Timed out waiting for transform from base_link to map to become available, tf error: Invalid frame ID "map" passed to canTransform argument target_frame - frame does not exist
2026-08-14T15:57:09: [component_container_isolated-1] [INFO] [1786690629.525844042] [global_costmap.global_costmap]: Timed out waiting for transform from base_link to map to become available, tf error: Invalid frame ID "map" passed to canTransform argument target_frame - frame does not exist
2026-08-14T15:57:10: [component_container_isolated-1] [INFO] [1786690630.025840632] [global_costmap.global_costmap]: Timed out waiting for transform from base_link to map to become available, tf error: Invalid frame ID "map" passed to canTransform argument target_frame - frame does not exist
2026-08-14T15:57:10: [component_container_isolated-1] [INFO] [1786690630.525841817] [global_costmap.global_costmap]: Timed out waiting for transform from base_link to map to become available, tf error: Invalid frame ID "map" passed to canTransform argument target_frame - frame does not exist
2026-08-14T15:57:11: [component_container_isolated-1] [INFO] [1786690631.025842210] [global_costmap.global_costmap]: Timed out waiting for transform from base_link to map to become available, tf error: Invalid frame ID "map" passed to canTransform argument target_frame - frame does not exist
2026-08-14T15:57:11: [component_container_isolated-1] [INFO] [1786690631.525843716] [global_costmap.global_costmap]: Timed out waiting for transform from base_link to map to become available, tf error: Invalid frame ID "map" passed to canTransform argument target_frame - frame does not exist
2026-08-14T15:57:12: [component_container_isolated-1] [INFO] [1786690632.025835947] [global_costmap.global_costmap]: Timed out waiting for transform from base_link to map to become available, tf error: Invalid frame ID "map" passed to canTransform argument target_frame - frame does not exist
2026-08-14T15:57:12: [component_container_isolated-1] [INFO] [1786690632.525842587] [global_costmap.global_costmap]: Timed out waiting for transform from base_link to map to become available, tf error: Invalid frame ID "map" passed to canTransform argument target_frame - frame does not exist
2026-08-14T15:57:13: [component_container_isolated-1] [INFO] [1786690633.025849342] [global_costmap.global_costmap]: Timed out waiting for transform from base_link to map to become available, tf error: Invalid frame ID "map" passed to canTransform argument target_frame - frame does not exist
2026-08-14T15:57:13: [component_container_isolated-1] [INFO] [1786690633.525839894] [global_costmap.global_costmap]: Timed out waiting for transform from base_link to map to become available, tf error: Invalid frame ID "map" passed to canTransform argument target_frame - frame does not exist
2026-08-14T15:57:14: [component_container_isolated-1] [INFO] [1786690634.025884688] [global_costmap.global_costmap]: Timed out waiting for transform from base_link to map to become available, tf error: Invalid frame ID "map" passed to canTransform argument target_frame - frame does not exist
2026-08-14T15:57:14: [component_container_isolated-1] [INFO] [1786690634.525846301] [global_costmap.global_costmap]: Timed out waiting for transform from base_link to map to become available, tf error: Invalid frame ID "map" passed to canTransform argument target_frame - frame does not exist
2026-08-14T15:57:15: [component_container_isolated-1] [INFO] [1786690635.025844323] [global_costmap.global_costmap]: Timed out waiting for transform from base_link to map to become available, tf error: Invalid frame ID "map" passed to canTransform argument target_frame - frame does not exist
2026-08-14T15:57:15: [component_container_isolated-1] [INFO] [1786690635.525831660] [global_costmap.global_costmap]: Timed out waiting for transform from base_link to map to become available, tf error: Invalid frame ID "map" passed to canTransform argument target_frame - frame does not exist
2026-08-14T15:57:16: [component_container_isolated-1] [INFO] [1786690636.025848611] [global_costmap.global_costmap]: Timed out waiting for transform from base_link to map to become available, tf error: Invalid frame ID "map" passed to canTransform argument target_frame - frame does not exist
2026-08-14T15:57:16: [component_container_isolated-1] [INFO] [1786690636.525836969] [global_costmap.global_costmap]: Timed out waiting for transform from base_link to map to become available, tf error: Invalid frame ID "map" passed to canTransform argument target_frame - frame does not exist
2026-08-14T15:57:17: [component_container_isolated-1] [INFO] [1786690637.025841792] [global_costmap.global_costmap]: Timed out waiting for transform from base_link to map to become available, tf error: Invalid frame ID "map" passed to canTransform argument target_frame - frame does not exist
2026-08-14T15:57:17: [component_container_isolated-1] [INFO] [1786690637.525852503] [global_costmap.global_costmap]: Timed out waiting for transform from base_link to map to become available, tf error: Invalid frame ID "map" passed to canTransform argument target_frame - frame does not exist
2026-08-14T15:57:18: [component_container_isolated-1] [INFO] [1786690638.025839922] [global_costmap.global_costmap]: Timed out waiting for transform from base_link to map to become available, tf error: Invalid frame ID "map" passed to canTransform argument target_frame - frame does not exist
2026-08-14T15:57:18: [component_container_isolated-1] [INFO] [1786690638.525840468] [global_costmap.global_costmap]: Timed out waiting for transform from base_link to map to become available, tf error: Invalid frame ID "map" passed to canTransform argument target_frame - frame does not exist
2026-08-14T15:57:19: [component_container_isolated-1] [INFO] [1786690639.025849035] [global_costmap.global_costmap]: Timed out waiting for transform from base_link to map to become available, tf error: Invalid frame ID "map" passed to canTransform argument target_frame - frame does not exist
2026-08-14T15:57:19: [component_container_isolated-1] [INFO] [1786690639.525840971] [global_costmap.global_costmap]: Timed out waiting for transform from base_link to map to become available, tf error: Invalid frame ID "map" passed to canTransform argument target_frame - frame does not exist
2026-08-14T15:57:20: [component_container_isolated-1] [INFO] [1786690640.025842817] [global_costmap.global_costmap]: Timed out waiting for transform from base_link to map to become available, tf error: Invalid frame ID "map" passed to canTransform argument target_frame - frame does not exist
2026-08-14T15:57:20: [component_container_isolated-1] [INFO] [1786690640.525845327] [global_costmap.global_costmap]: Timed out waiting for transform from base_link to map to become available, tf error: Invalid frame ID "map" passed to canTransform argument target_frame - frame does not exist
2026-08-14T15:57:21: [component_container_isolated-1] [INFO] [1786690641.025880764] [global_costmap.global_costmap]: Timed out waiting for transform from base_link to map to become available, tf error: Invalid frame ID "map" passed to canTransform argument target_frame - frame does not exist
2026-08-14T15:57:21: [component_container_isolated-1] [INFO] [1786690641.525871996] [global_costmap.global_costmap]: Timed out waiting for transform from base_link to map to become available, tf error: Invalid frame ID "map" passed to canTransform argument target_frame - frame does not exist
2026-08-14T15:57:22: [component_container_isolated-1] [INFO] [1786690642.025834473] [global_costmap.global_costmap]: Timed out waiting for transform from base_link to map to become available, tf error: Invalid frame ID "map" passed to canTransform argument target_frame - frame does not exist
2026-08-14T15:57:22: [component_container_isolated-1] [INFO] [1786690642.525844443] [global_costmap.global_costmap]: Timed out waiting for transform from base_link to map to become available, tf error: Invalid frame ID "map" passed to canTransform argument target_frame - frame does not exist
2026-08-14T15:57:23: [component_container_isolated-1] [INFO] [1786690643.025879212] [global_costmap.global_costmap]: Timed out waiting for transform from base_link to map to become available, tf error: Invalid frame ID "map" passed to canTransform argument target_frame - frame does not exist
2026-08-14T15:57:23: [component_container_isolated-1] [INFO] [1786690643.525836869] [global_costmap.global_costmap]: Timed out waiting for transform from base_link to map to become available, tf error: Invalid frame ID "map" passed to canTransform argument target_frame - frame does not exist
2026-08-14T15:57:24: [component_container_isolated-1] [INFO] [1786690644.025847989] [global_costmap.global_costmap]: Timed out waiting for transform from base_link to map to become available, tf error: Invalid frame ID "map" passed to canTransform argument target_frame - frame does not exist
2026-08-14T15:57:24: [component_container_isolated-1] [INFO] [1786690644.525846049] [global_costmap.global_costmap]: Timed out waiting for transform from base_link to map to become available, tf error: Invalid frame ID "map" passed to canTransform argument target_frame - frame does not exist
2026-08-14T15:57:25: [component_container_isolated-1] [INFO] [1786690645.025938923] [global_costmap.global_costmap]: Timed out waiting for transform from base_link to map to become available, tf error: Invalid frame ID "map" passed to canTransform argument target_frame - frame does not exist
2026-08-14T15:57:25: [component_container_isolated-1] [INFO] [1786690645.525844836] [global_costmap.global_costmap]: Timed out waiting for transform from base_link to map to become available, tf error: Invalid frame ID "map" passed to canTransform argument target_frame - frame does not exist
2026-08-14T15:57:26: [component_container_isolated-1] [INFO] [1786690646.025844674] [global_costmap.global_costmap]: Timed out waiting for transform from base_link to map to become available, tf error: Invalid frame ID "map" passed to canTransform argument target_frame - frame does not exist
2026-08-14T15:57:26: [component_container_isolated-1] [INFO] [1786690646.525841395] [global_costmap.global_costmap]: Timed out waiting for transform from base_link to map to become available, tf error: Invalid frame ID "map" passed to canTransform argument target_frame - frame does not exist
2026-08-14T15:57:27: [component_container_isolated-1] [INFO] [1786690647.025865432] [global_costmap.global_costmap]: Timed out waiting for transform from base_link to map to become available, tf error: Invalid frame ID "map" passed to canTransform argument target_frame - frame does not exist
2026-08-14T15:57:27: [component_container_isolated-1] [INFO] [1786690647.525843372] [global_costmap.global_costmap]: Timed out waiting for transform from base_link to map to become available, tf error: Invalid frame ID "map" passed to canTransform argument target_frame - frame does not exist
2026-08-14T15:57:28: [component_container_isolated-1] [INFO] [1786690648.025847406] [global_costmap.global_costmap]: Timed out waiting for transform from base_link to map to become available, tf error: Invalid frame ID "map" passed to canTransform argument target_frame - frame does not exist
2026-08-14T15:57:28: [component_container_isolated-1] [INFO] [1786690648.525843656] [global_costmap.global_costmap]: Timed out waiting for transform from base_link to map to become available, tf error: Invalid frame ID "map" passed to canTransform argument target_frame - frame does not exist
2026-08-14T15:57:29: [component_container_isolated-1] [INFO] [1786690649.025843649] [global_costmap.global_costmap]: Timed out waiting for transform from base_link to map to become available, tf error: Invalid frame ID "map" passed to canTransform argument target_frame - frame does not exist
2026-08-14T15:57:29: [component_container_isolated-1] [INFO] [1786690649.525856615] [global_costmap.global_costmap]: Timed out waiting for transform from base_link to map to become available, tf error: Invalid frame ID "map" passed to canTransform argument target_frame - frame does not exist
2026-08-14T15:57:30: [component_container_isolated-1] [INFO] [1786690650.025850622] [global_costmap.global_costmap]: Timed out waiting for transform from base_link to map to become available, tf error: Invalid frame ID "map" passed to canTransform argument target_frame - frame does not exist
2026-08-14T15:57:30: [component_container_isolated-1] [INFO] [1786690650.525839342] [global_costmap.global_costmap]: Timed out waiting for transform from base_link to map to become available, tf error: Invalid frame ID "map" passed to canTransform argument target_frame - frame does not exist
2026-08-14T15:57:31: [component_container_isolated-1] [INFO] [1786690651.025839417] [global_costmap.global_costmap]: Timed out waiting for transform from base_link to map to become available, tf error: Invalid frame ID "map" passed to canTransform argument target_frame - frame does not exist
2026-08-14T15:57:31: [component_container_isolated-1] [INFO] [1786690651.525922313] [global_costmap.global_costmap]: Timed out waiting for transform from base_link to map to become available, tf error: Invalid frame ID "map" passed to canTransform argument target_frame - frame does not exist
2026-08-14T15:57:32: [component_container_isolated-1] [INFO] [1786690652.025841812] [global_costmap.global_costmap]: Timed out waiting for transform from base_link to map to become available, tf error: Invalid frame ID "map" passed to canTransform argument target_frame - frame does not exist
2026-08-14T15:57:32: [component_container_isolated-1] [INFO] [1786690652.525849964] [global_costmap.global_costmap]: Timed out waiting for transform from base_link to map to become available, tf error: Invalid frame ID "map" passed to canTransform argument target_frame - frame does not exist
2026-08-14T15:57:33: [component_container_isolated-1] [INFO] [1786690653.025920801] [global_costmap.global_costmap]: Timed out waiting for transform from base_link to map to become available, tf error: Invalid frame ID "map" passed to canTransform argument target_frame - frame does not exist
2026-08-14T15:57:33: [component_container_isolated-1] [INFO] [1786690653.525875652] [global_costmap.global_costmap]: Timed out waiting for transform from base_link to map to become available, tf error: Invalid frame ID "map" passed to canTransform argument target_frame - frame does not exist
2026-08-14T15:57:34: [component_container_isolated-1] [INFO] [1786690654.025848653] [global_costmap.global_costmap]: Timed out waiting for transform from base_link to map to become available, tf error: Invalid frame ID "map" passed to canTransform argument target_frame - frame does not exist
2026-08-14T15:57:34: [component_container_isolated-1] [INFO] [1786690654.525926602] [global_costmap.global_costmap]: Timed out waiting for transform from base_link to map to become available, tf error: Invalid frame ID "map" passed to canTransform argument target_frame - frame does not exist
2026-08-14T15:57:35: [component_container_isolated-1] [INFO] [1786690655.025837450] [global_costmap.global_costmap]: Timed out waiting for transform from base_link to map to become available, tf error: Invalid frame ID "map" passed to canTransform argument target_frame - frame does not exist
2026-08-14T15:57:35: [component_container_isolated-1] [INFO] [1786690655.525841986] [global_costmap.global_costmap]: Timed out waiting for transform from base_link to map to become available, tf error: Invalid frame ID "map" passed to canTransform argument target_frame - frame does not exist
2026-08-14T15:57:36: [component_container_isolated-1] [INFO] [1786690656.025843600] [global_costmap.global_costmap]: Timed out waiting for transform from base_link to map to become available, tf error: Invalid frame ID "map" passed to canTransform argument target_frame - frame does not exist
2026-08-14T15:57:36: [component_container_isolated-1] [INFO] [1786690656.525838628] [global_costmap.global_costmap]: Timed out waiting for transform from base_link to map to become available, tf error: Invalid frame ID "map" passed to canTransform argument target_frame - frame does not exist
2026-08-14T15:57:37: [component_container_isolated-1] [INFO] [1786690657.025869899] [global_costmap.global_costmap]: Timed out waiting for transform from base_link to map to become available, tf error: Invalid frame ID "map" passed to canTransform argument target_frame - frame does not exist
2026-08-14T15:57:37: [component_container_isolated-1] [INFO] [1786690657.525841345] [global_costmap.global_costmap]: Timed out waiting for transform from base_link to map to become available, tf error: Invalid frame ID "map" passed to canTransform argument target_frame - frame does not exist
2026-08-14T15:57:38: [component_container_isolated-1] [INFO] [1786690658.025836237] [global_costmap.global_costmap]: Timed out waiting for transform from base_link to map to become available, tf error: Invalid frame ID "map" passed to canTransform argument target_frame - frame does not exist
2026-08-14T15:57:38: [component_container_isolated-1] [INFO] [1786690658.525841543] [global_costmap.global_costmap]: Timed out waiting for transform from base_link to map to become available, tf error: Invalid frame ID "map" passed to canTransform argument target_frame - frame does not exist
2026-08-14T15:57:39: [component_container_isolated-1] [INFO] [1786690659.025838185] [global_costmap.global_costmap]: Timed out waiting for transform from base_link to map to become available, tf error: Invalid frame ID "map" passed to canTransform argument target_frame - frame does not exist
2026-08-14T15:57:39: [component_container_isolated-1] [INFO] [1786690659.525925402] [global_costmap.global_costmap]: Timed out waiting for transform from base_link to map to become available, tf error: Invalid frame ID "map" passed to canTransform argument target_frame - frame does not exist
2026-08-14T15:57:40: [component_container_isolated-1] [INFO] [1786690660.025844704] [global_costmap.global_costmap]: Timed out waiting for transform from base_link to map to become available, tf error: Invalid frame ID "map" passed to canTransform argument target_frame - frame does not exist
2026-08-14T15:57:40: [component_container_isolated-1] [INFO] [1786690660.525840859] [global_costmap.global_costmap]: Timed out waiting for transform from base_link to map to become available, tf error: Invalid frame ID "map" passed to canTransform argument target_frame - frame does not exist
2026-08-14T15:57:41: [component_container_isolated-1] [INFO] [1786690661.025847128] [global_costmap.global_costmap]: Timed out waiting for transform from base_link to map to become available, tf error: Invalid frame ID "map" passed to canTransform argument target_frame - frame does not exist
2026-08-14T15:57:41: [component_container_isolated-1] [INFO] [1786690661.525949046] [global_costmap.global_costmap]: Timed out waiting for transform from base_link to map to become available, tf error: Invalid frame ID "map" passed to canTransform argument target_frame - frame does not exist
2026-08-14T15:57:42: [component_container_isolated-1] [INFO] [1786690662.025839623] [global_costmap.global_costmap]: Timed out waiting for transform from base_link to map to become available, tf error: Invalid frame ID "map" passed to canTransform argument target_frame - frame does not exist
2026-08-14T15:57:42: [component_container_isolated-1] [INFO] [1786690662.525930196] [global_costmap.global_costmap]: Timed out waiting for transform from base_link to map to become available, tf error: Invalid frame ID "map" passed to canTransform argument target_frame - frame does not exist
2026-08-14T15:57:43: [component_container_isolated-1] [INFO] [1786690663.025917165] [global_costmap.global_costmap]: Timed out waiting for transform from base_link to map to become available, tf error: Invalid frame ID "map" passed to canTransform argument target_frame - frame does not exist
2026-08-14T15:57:43: [component_container_isolated-1] [INFO] [1786690663.525844103] [global_costmap.global_costmap]: Timed out waiting for transform from base_link to map to become available, tf error: Invalid frame ID "map" passed to canTransform argument target_frame - frame does not exist
2026-08-14T15:57:44: [component_container_isolated-1] [INFO] [1786690664.025839375] [global_costmap.global_costmap]: Timed out waiting for transform from base_link to map to become available, tf error: Invalid frame ID "map" passed to canTransform argument target_frame - frame does not exist
2026-08-14T15:57:44: [component_container_isolated-1] [INFO] [1786690664.525841168] [global_costmap.global_costmap]: Timed out waiting for transform from base_link to map to become available, tf error: Invalid frame ID "map" passed to canTransform argument target_frame - frame does not exist
2026-08-14T15:57:45: [component_container_isolated-1] [INFO] [1786690665.025840945] [global_costmap.global_costmap]: Timed out waiting for transform from base_link to map to become available, tf error: Invalid frame ID "map" passed to canTransform argument target_frame - frame does not exist
2026-08-14T15:57:45: [component_container_isolated-1] [INFO] [1786690665.525846613] [global_costmap.global_costmap]: Timed out waiting for transform from base_link to map to become available, tf error: Invalid frame ID "map" passed to canTransform argument target_frame - frame does not exist
2026-08-14T15:57:46: [component_container_isolated-1] [INFO] [1786690666.025854377] [global_costmap.global_costmap]: Timed out waiting for transform from base_link to map to become available, tf error: Invalid frame ID "map" passed to canTransform argument target_frame - frame does not exist
2026-08-14T15:57:46: [component_container_isolated-1] [INFO] [1786690666.525840866] [global_costmap.global_costmap]: Timed out waiting for transform from base_link to map to become available, tf error: Invalid frame ID "map" passed to canTransform argument target_frame - frame does not exist
2026-08-14T15:57:47: [component_container_isolated-1] [INFO] [1786690667.025844245] [global_costmap.global_costmap]: Timed out waiting for transform from base_link to map to become available, tf error: Invalid frame ID "map" passed to canTransform argument target_frame - frame does not exist
2026-08-14T15:57:47: [component_container_isolated-1] [INFO] [1786690667.525848552] [global_costmap.global_costmap]: Timed out waiting for transform from base_link to map to become available, tf error: Invalid frame ID "map" passed to canTransform argument target_frame - frame does not exist
2026-08-14T15:57:48: [component_container_isolated-1] [INFO] [1786690668.025926841] [global_costmap.global_costmap]: Timed out waiting for transform from base_link to map to become available, tf error: Invalid frame ID "map" passed to canTransform argument target_frame - frame does not exist
2026-08-14T15:57:48: [component_container_isolated-1] [INFO] [1786690668.525845212] [global_costmap.global_costmap]: Timed out waiting for transform from base_link to map to become available, tf error: Invalid frame ID "map" passed to canTransform argument target_frame - frame does not exist
2026-08-14T15:57:49: [component_container_isolated-1] [INFO] [1786690669.025842359] [global_costmap.global_costmap]: Timed out waiting for transform from base_link to map to become available, tf error: Invalid frame ID "map" passed to canTransform argument target_frame - frame does not exist
2026-08-14T15:57:49: [component_container_isolated-1] [INFO] [1786690669.525837711] [global_costmap.global_costmap]: Timed out waiting for transform from base_link to map to become available, tf error: Invalid frame ID "map" passed to canTransform argument target_frame - frame does not exist
2026-08-14T15:57:50: [component_container_isolated-1] [INFO] [1786690670.025850695] [global_costmap.global_costmap]: Timed out waiting for transform from base_link to map to become available, tf error: Invalid frame ID "map" passed to canTransform argument target_frame - frame does not exist
2026-08-14T15:57:50: [component_container_isolated-1] [INFO] [1786690670.525842662] [global_costmap.global_costmap]: Timed out waiting for transform from base_link to map to become available, tf error: Invalid frame ID "map" passed to canTransform argument target_frame - frame does not exist
2026-08-14T15:57:51: [component_container_isolated-1] [INFO] [1786690671.025867593] [global_costmap.global_costmap]: Timed out waiting for transform from base_link to map to become available, tf error: Invalid frame ID "map" passed to canTransform argument target_frame - frame does not exist
2026-08-14T15:57:51: [component_container_isolated-1] [INFO] [1786690671.525849137] [global_costmap.global_costmap]: Timed out waiting for transform from base_link to map to become available, tf error: Invalid frame ID "map" passed to canTransform argument target_frame - frame does not exist
2026-08-14T15:57:52: [component_container_isolated-1] [INFO] [1786690672.025857830] [global_costmap.global_costmap]: Timed out waiting for transform from base_link to map to become available, tf error: Invalid frame ID "map" passed to canTransform argument target_frame - frame does not exist
2026-08-14T15:57:52: [component_container_isolated-1] [INFO] [1786690672.525851302] [global_costmap.global_costmap]: Timed out waiting for transform from base_link to map to become available, tf error: Invalid frame ID "map" passed to canTransform argument target_frame - frame does not exist
2026-08-14T15:57:53: [component_container_isolated-1] [INFO] [1786690673.025837053] [global_costmap.global_costmap]: Timed out waiting for transform from base_link to map to become available, tf error: Invalid frame ID "map" passed to canTransform argument target_frame - frame does not exist
2026-08-14T15:57:53: [component_container_isolated-1] [INFO] [1786690673.525840971] [global_costmap.global_costmap]: Timed out waiting for transform from base_link to map to become available, tf error: Invalid frame ID "map" passed to canTransform argument target_frame - frame does not exist
2026-08-14T15:57:54: [component_container_isolated-1] [INFO] [1786690674.025841076] [global_costmap.global_costmap]: Timed out waiting for transform from base_link to map to become available, tf error: Invalid frame ID "map" passed to canTransform argument target_frame - frame does not exist
2026-08-14T15:57:54: [component_container_isolated-1] [INFO] [1786690674.525847198] [global_costmap.global_costmap]: Timed out waiting for transform from base_link to map to become available, tf error: Invalid frame ID "map" passed to canTransform argument target_frame - frame does not exist
2026-08-14T15:57:55: [component_container_isolated-1] [INFO] [1786690675.025846933] [global_costmap.global_costmap]: Timed out waiting for transform from base_link to map to become available, tf error: Invalid frame ID "map" passed to canTransform argument target_frame - frame does not exist
2026-08-14T15:57:55: [component_container_isolated-1] [INFO] [1786690675.525861315] [global_costmap.global_costmap]: Timed out waiting for transform from base_link to map to become available, tf error: Invalid frame ID "map" passed to canTransform argument target_frame - frame does not exist
2026-08-14T15:57:56: [component_container_isolated-1] [INFO] [1786690676.025848052] [global_costmap.global_costmap]: Timed out waiting for transform from base_link to map to become available, tf error: Invalid frame ID "map" passed to canTransform argument target_frame - frame does not exist
2026-08-14T15:57:56: [component_container_isolated-1] [INFO] [1786690676.525840046] [global_costmap.global_costmap]: Timed out waiting for transform from base_link to map to become available, tf error: Invalid frame ID "map" passed to canTransform argument target_frame - frame does not exist
2026-08-14T15:57:57: [component_container_isolated-1] [INFO] [1786690677.025850912] [global_costmap.global_costmap]: Timed out waiting for transform from base_link to map to become available, tf error: Invalid frame ID "map" passed to canTransform argument target_frame - frame does not exist
2026-08-14T15:57:57: [component_container_isolated-1] [INFO] [1786690677.525883127] [global_costmap.global_costmap]: Timed out waiting for transform from base_link to map to become available, tf error: Invalid frame ID "map" passed to canTransform argument target_frame - frame does not exist
2026-08-14T15:57:58: [component_container_isolated-1] [INFO] [1786690678.025842014] [global_costmap.global_costmap]: Timed out waiting for transform from base_link to map to become available, tf error: Invalid frame ID "map" passed to canTransform argument target_frame - frame does not exist
2026-08-14T15:57:58: [component_container_isolated-1] [INFO] [1786690678.525843526] [global_costmap.global_costmap]: Timed out waiting for transform from base_link to map to become available, tf error: Invalid frame ID "map" passed to canTransform argument target_frame - frame does not exist
2026-08-14T15:57:59: [component_container_isolated-1] [INFO] [1786690679.025926296] [global_costmap.global_costmap]: Timed out waiting for transform from base_link to map to become available, tf error: Invalid frame ID "map" passed to canTransform argument target_frame - frame does not exist
2026-08-14T15:57:59: [component_container_isolated-1] [INFO] [1786690679.525853143] [global_costmap.global_costmap]: Timed out waiting for transform from base_link to map to become available, tf error: Invalid frame ID "map" passed to canTransform argument target_frame - frame does not exist
2026-08-14T15:58:00: [component_container_isolated-1] [INFO] [1786690680.025851897] [global_costmap.global_costmap]: Timed out waiting for transform from base_link to map to become available, tf error: Invalid frame ID "map" passed to canTransform argument target_frame - frame does not exist
2026-08-14T15:58:00: [component_container_isolated-1] [INFO] [1786690680.525847536] [global_costmap.global_costmap]: Timed out waiting for transform from base_link to map to become available, tf error: Invalid frame ID "map" passed to canTransform argument target_frame - frame does not exist
2026-08-14T15:58:01: [component_container_isolated-1] [INFO] [1786690681.025841586] [global_costmap.global_costmap]: Timed out waiting for transform from base_link to map to become available, tf error: Invalid frame ID "map" passed to canTransform argument target_frame - frame does not exist
2026-08-14T15:58:01: [component_container_isolated-1] [INFO] [1786690681.525843445] [global_costmap.global_costmap]: Timed out waiting for transform from base_link to map to become available, tf error: Invalid frame ID "map" passed to canTransform argument target_frame - frame does not exist
2026-08-14T15:58:02: [component_container_isolated-1] [INFO] [1786690682.025842604] [global_costmap.global_costmap]: Timed out waiting for transform from base_link to map to become available, tf error: Invalid frame ID "map" passed to canTransform argument target_frame - frame does not exist
2026-08-14T15:58:02: [component_container_isolated-1] [INFO] [1786690682.525834350] [global_costmap.global_costmap]: Timed out waiting for transform from base_link to map to become available, tf error: Invalid frame ID "map" passed to canTransform argument target_frame - frame does not exist
2026-08-14T15:58:03: [component_container_isolated-1] [INFO] [1786690683.025841284] [global_costmap.global_costmap]: Timed out waiting for transform from base_link to map to become available, tf error: Invalid frame ID "map" passed to canTransform argument target_frame - frame does not exist
2026-08-14T15:58:03: [component_container_isolated-1] [INFO] [1786690683.525838787] [global_costmap.global_costmap]: Timed out waiting for transform from base_link to map to become available, tf error: Invalid frame ID "map" passed to canTransform argument target_frame - frame does not exist
2026-08-14T15:58:04: [component_container_isolated-1] [INFO] [1786690684.025855365] [global_costmap.global_costmap]: Timed out waiting for transform from base_link to map to become available, tf error: Invalid frame ID "map" passed to canTransform argument target_frame - frame does not exist
2026-08-14T15:58:04: [component_container_isolated-1] [INFO] [1786690684.525846977] [global_costmap.global_costmap]: Timed out waiting for transform from base_link to map to become available, tf error: Invalid frame ID "map" passed to canTransform argument target_frame - frame does not exist
2026-08-14T15:58:05: [component_container_isolated-1] [INFO] [1786690685.025837905] [global_costmap.global_costmap]: Timed out waiting for transform from base_link to map to become available, tf error: Invalid frame ID "map" passed to canTransform argument target_frame - frame does not exist
2026-08-14T15:58:05: [component_container_isolated-1] [INFO] [1786690685.525840920] [global_costmap.global_costmap]: Timed out waiting for transform from base_link to map to become available, tf error: Invalid frame ID "map" passed to canTransform argument target_frame - frame does not exist
2026-08-14T15:58:06: [component_container_isolated-1] [INFO] [1786690686.025845567] [global_costmap.global_costmap]: Timed out waiting for transform from base_link to map to become available, tf error: Invalid frame ID "map" passed to canTransform argument target_frame - frame does not exist
2026-08-14T15:58:06: [component_container_isolated-1] [INFO] [1786690686.525843374] [global_costmap.global_costmap]: Timed out waiting for transform from base_link to map to become available, tf error: Invalid frame ID "map" passed to canTransform argument target_frame - frame does not exist
2026-08-14T15:58:07: [component_container_isolated-1] [INFO] [1786690687.025836333] [global_costmap.global_costmap]: Timed out waiting for transform from base_link to map to become available, tf error: Invalid frame ID "map" passed to canTransform argument target_frame - frame does not exist
2026-08-14T15:58:07: [component_container_isolated-1] [INFO] [1786690687.525894541] [global_costmap.global_costmap]: Timed out waiting for transform from base_link to map to become available, tf error: Invalid frame ID "map" passed to canTransform argument target_frame - frame does not exist
2026-08-14T15:58:08: [component_container_isolated-1] [INFO] [1786690688.025841126] [global_costmap.global_costmap]: Timed out waiting for transform from base_link to map to become available, tf error: Invalid frame ID "map" passed to canTransform argument target_frame - frame does not exist
2026-08-14T15:58:08: [component_container_isolated-1] [INFO] [1786690688.525845295] [global_costmap.global_costmap]: Timed out waiting for transform from base_link to map to become available, tf error: Invalid frame ID "map" passed to canTransform argument target_frame - frame does not exist
2026-08-14T15:58:09: [component_container_isolated-1] [INFO] [1786690689.025840023] [global_costmap.global_costmap]: Timed out waiting for transform from base_link to map to become available, tf error: Invalid frame ID "map" passed to canTransform argument target_frame - frame does not exist
2026-08-14T15:58:09: [component_container_isolated-1] [INFO] [1786690689.525844186] [global_costmap.global_costmap]: Timed out waiting for transform from base_link to map to become available, tf error: Invalid frame ID "map" passed to canTransform argument target_frame - frame does not exist
2026-08-14T15:58:10: [component_container_isolated-1] [INFO] [1786690690.025848149] [global_costmap.global_costmap]: Timed out waiting for transform from base_link to map to become available, tf error: Invalid frame ID "map" passed to canTransform argument target_frame - frame does not exist
2026-08-14T15:58:10: [component_container_isolated-1] [INFO] [1786690690.525849437] [global_costmap.global_costmap]: Timed out waiting for transform from base_link to map to become available, tf error: Invalid frame ID "map" passed to canTransform argument target_frame - frame does not exist
2026-08-14T15:58:11: [component_container_isolated-1] [INFO] [1786690691.025847728] [global_costmap.global_costmap]: Timed out waiting for transform from base_link to map to become available, tf error: Invalid frame ID "map" passed to canTransform argument target_frame - frame does not exist
2026-08-14T15:58:11: [component_container_isolated-1] [INFO] [1786690691.525863954] [global_costmap.global_costmap]: Timed out waiting for transform from base_link to map to become available, tf error: Invalid frame ID "map" passed to canTransform argument target_frame - frame does not exist
2026-08-14T15:58:12: [component_container_isolated-1] [INFO] [1786690692.025842054] [global_costmap.global_costmap]: Timed out waiting for transform from base_link to map to become available, tf error: Invalid frame ID "map" passed to canTransform argument target_frame - frame does not exist
2026-08-14T15:58:12: [component_container_isolated-1] [INFO] [1786690692.525846960] [global_costmap.global_costmap]: Timed out waiting for transform from base_link to map to become available, tf error: Invalid frame ID "map" passed to canTransform argument target_frame - frame does not exist
2026-08-14T15:58:13: [component_container_isolated-1] [INFO] [1786690693.025840701] [global_costmap.global_costmap]: Timed out waiting for transform from base_link to map to become available, tf error: Invalid frame ID "map" passed to canTransform argument target_frame - frame does not exist
2026-08-14T15:58:13: [component_container_isolated-1] [INFO] [1786690693.525841508] [global_costmap.global_costmap]: Timed out waiting for transform from base_link to map to become available, tf error: Invalid frame ID "map" passed to canTransform argument target_frame - frame does not exist
2026-08-14T15:58:14: [component_container_isolated-1] [INFO] [1786690694.025853853] [global_costmap.global_costmap]: Timed out waiting for transform from base_link to map to become available, tf error: Invalid frame ID "map" passed to canTransform argument target_frame - frame does not exist
2026-08-14T15:58:14: [component_container_isolated-1] [INFO] [1786690694.525836839] [global_costmap.global_costmap]: Timed out waiting for transform from base_link to map to become available, tf error: Invalid frame ID "map" passed to canTransform argument target_frame - frame does not exist
2026-08-14T15:58:15: [component_container_isolated-1] [INFO] [1786690695.025843307] [global_costmap.global_costmap]: Timed out waiting for transform from base_link to map to become available, tf error: Invalid frame ID "map" passed to canTransform argument target_frame - frame does not exist
2026-08-14T15:58:15: [component_container_isolated-1] [INFO] [1786690695.525842322] [global_costmap.global_costmap]: Timed out waiting for transform from base_link to map to become available, tf error: Invalid frame ID "map" passed to canTransform argument target_frame - frame does not exist
2026-08-14T15:58:16: [component_container_isolated-1] [INFO] [1786690696.025837061] [global_costmap.global_costmap]: Timed out waiting for transform from base_link to map to become available, tf error: Invalid frame ID "map" passed to canTransform argument target_frame - frame does not exist
2026-08-14T15:58:16: [component_container_isolated-1] [INFO] [1786690696.525840142] [global_costmap.global_costmap]: Timed out waiting for transform from base_link to map to become available, tf error: Invalid frame ID "map" passed to canTransform argument target_frame - frame does not exist
2026-08-14T15:58:17: [component_container_isolated-1] [INFO] [1786690697.025829447] [global_costmap.global_costmap]: Timed out waiting for transform from base_link to map to become available, tf error: Invalid frame ID "map" passed to canTransform argument target_frame - frame does not exist
2026-08-14T15:58:17: [component_container_isolated-1] [INFO] [1786690697.525845316] [global_costmap.global_costmap]: Timed out waiting for transform from base_link to map to become available, tf error: Invalid frame ID "map" passed to canTransform argument target_frame - frame does not exist
2026-08-14T15:58:18: [component_container_isolated-1] [INFO] [1786690698.025832724] [global_costmap.global_costmap]: Timed out waiting for transform from base_link to map to become available, tf error: Invalid frame ID "map" passed to canTransform argument target_frame - frame does not exist
2026-08-14T15:58:18: [component_container_isolated-1] [INFO] [1786690698.525850973] [global_costmap.global_costmap]: Timed out waiting for transform from base_link to map to become available, tf error: Invalid frame ID "map" passed to canTransform argument target_frame - frame does not exist
2026-08-14T15:58:19: [component_container_isolated-1] [INFO] [1786690699.025855706] [global_costmap.global_costmap]: Timed out waiting for transform from base_link to map to become available, tf error: Invalid frame ID "map" passed to canTransform argument target_frame - frame does not exist
2026-08-14T15:58:19: [component_container_isolated-1] [INFO] [1786690699.525845003] [global_costmap.global_costmap]: Timed out waiting for transform from base_link to map to become available, tf error: Invalid frame ID "map" passed to canTransform argument target_frame - frame does not exist
2026-08-14T15:58:20: [component_container_isolated-1] [INFO] [1786690700.025839449] [global_costmap.global_costmap]: Timed out waiting for transform from base_link to map to become available, tf error: Invalid frame ID "map" passed to canTransform argument target_frame - frame does not exist
2026-08-14T15:58:20: [component_container_isolated-1] [INFO] [1786690700.525841088] [global_costmap.global_costmap]: Timed out waiting for transform from base_link to map to become available, tf error: Invalid frame ID "map" passed to canTransform argument target_frame - frame does not exist
2026-08-14T15:58:21: [component_container_isolated-1] [INFO] [1786690701.025846247] [global_costmap.global_costmap]: Timed out waiting for transform from base_link to map to become available, tf error: Invalid frame ID "map" passed to canTransform argument target_frame - frame does not exist
2026-08-14T15:58:21: [component_container_isolated-1] [INFO] [1786690701.525840673] [global_costmap.global_costmap]: Timed out waiting for transform from base_link to map to become available, tf error: Invalid frame ID "map" passed to canTransform argument target_frame - frame does not exist
2026-08-14T15:58:22: [component_container_isolated-1] [INFO] [1786690702.025841100] [global_costmap.global_costmap]: Timed out waiting for transform from base_link to map to become available, tf error: Invalid frame ID "map" passed to canTransform argument target_frame - frame does not exist
2026-08-14T15:58:22: [component_container_isolated-1] [INFO] [1786690702.525838979] [global_costmap.global_costmap]: Timed out waiting for transform from base_link to map to become available, tf error: Invalid frame ID "map" passed to canTransform argument target_frame - frame does not exist
2026-08-14T15:58:23: [component_container_isolated-1] [INFO] [1786690703.025854952] [global_costmap.global_costmap]: Timed out waiting for transform from base_link to map to become available, tf error: Invalid frame ID "map" passed to canTransform argument target_frame - frame does not exist
2026-08-14T15:58:23: [component_container_isolated-1] [INFO] [1786690703.525840950] [global_costmap.global_costmap]: Timed out waiting for transform from base_link to map to become available, tf error: Invalid frame ID "map" passed to canTransform argument target_frame - frame does not exist
2026-08-14T15:58:24: [component_container_isolated-1] [INFO] [1786690704.025840098] [global_costmap.global_costmap]: Timed out waiting for transform from base_link to map to become available, tf error: Invalid frame ID "map" passed to canTransform argument target_frame - frame does not exist
2026-08-14T15:58:24: [component_container_isolated-1] [INFO] [1786690704.525842381] [global_costmap.global_costmap]: Timed out waiting for transform from base_link to map to become available, tf error: Invalid frame ID "map" passed to canTransform argument target_frame - frame does not exist
2026-08-14T15:58:25: [component_container_isolated-1] [INFO] [1786690705.025846000] [global_costmap.global_costmap]: Timed out waiting for transform from base_link to map to become available, tf error: Invalid frame ID "map" passed to canTransform argument target_frame - frame does not exist
2026-08-14T15:58:25: [component_container_isolated-1] [INFO] [1786690705.525841828] [global_costmap.global_costmap]: Timed out waiting for transform from base_link to map to become available, tf error: Invalid frame ID "map" passed to canTransform argument target_frame - frame does not exist
2026-08-14T15:58:26: [component_container_isolated-1] [INFO] [1786690706.025844955] [global_costmap.global_costmap]: Timed out waiting for transform from base_link to map to become available, tf error: Invalid frame ID "map" passed to canTransform argument target_frame - frame does not exist
2026-08-14T15:58:26: [component_container_isolated-1] [INFO] [1786690706.525842364] [global_costmap.global_costmap]: Timed out waiting for transform from base_link to map to become available, tf error: Invalid frame ID "map" passed to canTransform argument target_frame - frame does not exist
2026-08-14T15:58:27: [component_container_isolated-1] [INFO] [1786690707.025837053] [global_costmap.global_costmap]: Timed out waiting for transform from base_link to map to become available, tf error: Invalid frame ID "map" passed to canTransform argument target_frame - frame does not exist
2026-08-14T15:58:27: [component_container_isolated-1] [INFO] [1786690707.525882079] [global_costmap.global_costmap]: Timed out waiting for transform from base_link to map to become available, tf error: Invalid frame ID "map" passed to canTransform argument target_frame - frame does not exist
2026-08-14T15:58:28: [component_container_isolated-1] [INFO] [1786690708.025841369] [global_costmap.global_costmap]: Timed out waiting for transform from base_link to map to become available, tf error: Invalid frame ID "map" passed to canTransform argument target_frame - frame does not exist
2026-08-14T15:58:28: [component_container_isolated-1] [INFO] [1786690708.525835107] [global_costmap.global_costmap]: Timed out waiting for transform from base_link to map to become available, tf error: Invalid frame ID "map" passed to canTransform argument target_frame - frame does not exist
2026-08-14T15:58:29: [component_container_isolated-1] [INFO] [1786690709.025848660] [global_costmap.global_costmap]: Timed out waiting for transform from base_link to map to become available, tf error: Invalid frame ID "map" passed to canTransform argument target_frame - frame does not exist
2026-08-14T15:58:29: [component_container_isolated-1] [INFO] [1786690709.525838145] [global_costmap.global_costmap]: Timed out waiting for transform from base_link to map to become available, tf error: Invalid frame ID "map" passed to canTransform argument target_frame - frame does not exist
2026-08-14T15:58:30: [component_container_isolated-1] [INFO] [1786690710.025836465] [global_costmap.global_costmap]: Timed out waiting for transform from base_link to map to become available, tf error: Invalid frame ID "map" passed to canTransform argument target_frame - frame does not exist
2026-08-14T15:58:30: [component_container_isolated-1] [INFO] [1786690710.525851473] [global_costmap.global_costmap]: Timed out waiting for transform from base_link to map to become available, tf error: Invalid frame ID "map" passed to canTransform argument target_frame - frame does not exist
2026-08-14T15:58:31: [component_container_isolated-1] [INFO] [1786690711.025842780] [global_costmap.global_costmap]: Timed out waiting for transform from base_link to map to become available, tf error: Invalid frame ID "map" passed to canTransform argument target_frame - frame does not exist
2026-08-14T15:58:31: [component_container_isolated-1] [INFO] [1786690711.525872238] [global_costmap.global_costmap]: Timed out waiting for transform from base_link to map to become available, tf error: Invalid frame ID "map" passed to canTransform argument target_frame - frame does not exist
2026-08-14T15:58:32: [component_container_isolated-1] [INFO] [1786690712.025837718] [global_costmap.global_costmap]: Timed out waiting for transform from base_link to map to become available, tf error: Invalid frame ID "map" passed to canTransform argument target_frame - frame does not exist
2026-08-14T15:58:32: [component_container_isolated-1] [INFO] [1786690712.525837737] [global_costmap.global_costmap]: Timed out waiting for transform from base_link to map to become available, tf error: Invalid frame ID "map" passed to canTransform argument target_frame - frame does not exist
2026-08-14T15:58:33: [component_container_isolated-1] [INFO] [1786690713.025839684] [global_costmap.global_costmap]: Timed out waiting for transform from base_link to map to become available, tf error: Invalid frame ID "map" passed to canTransform argument target_frame - frame does not exist
2026-08-14T15:58:33: [component_container_isolated-1] [INFO] [1786690713.525836153] [global_costmap.global_costmap]: Timed out waiting for transform from base_link to map to become available, tf error: Invalid frame ID "map" passed to canTransform argument target_frame - frame does not exist
2026-08-14T15:58:34: [component_container_isolated-1] [INFO] [1786690714.025839438] [global_costmap.global_costmap]: Timed out waiting for transform from base_link to map to become available, tf error: Invalid frame ID "map" passed to canTransform argument target_frame - frame does not exist
2026-08-14T15:58:34: [component_container_isolated-1] [INFO] [1786690714.525835393] [global_costmap.global_costmap]: Timed out waiting for transform from base_link to map to become available, tf error: Invalid frame ID "map" passed to canTransform argument target_frame - frame does not exist
2026-08-14T15:58:35: [component_container_isolated-1] [INFO] [1786690715.025842460] [global_costmap.global_costmap]: Timed out waiting for transform from base_link to map to become available, tf error: Invalid frame ID "map" passed to canTransform argument target_frame - frame does not exist
2026-08-14T15:58:35: [component_container_isolated-1] [INFO] [1786690715.525838807] [global_costmap.global_costmap]: Timed out waiting for transform from base_link to map to become available, tf error: Invalid frame ID "map" passed to canTransform argument target_frame - frame does not exist
2026-08-14T15:58:36: [component_container_isolated-1] [INFO] [1786690716.025853471] [global_costmap.global_costmap]: Timed out waiting for transform from base_link to map to become available, tf error: Invalid frame ID "map" passed to canTransform argument target_frame - frame does not exist
2026-08-14T15:58:36: [component_container_isolated-1] [INFO] [1786690716.525844027] [global_costmap.global_costmap]: Timed out waiting for transform from base_link to map to become available, tf error: Invalid frame ID "map" passed to canTransform argument target_frame - frame does not exist
2026-08-14T15:58:37: [component_container_isolated-1] [INFO] [1786690717.025840398] [global_costmap.global_costmap]: Timed out waiting for transform from base_link to map to become available, tf error: Invalid frame ID "map" passed to canTransform argument target_frame - frame does not exist
2026-08-14T15:58:37: [component_container_isolated-1] [INFO] [1786690717.525865326] [global_costmap.global_costmap]: Timed out waiting for transform from base_link to map to become available, tf error: Invalid frame ID "map" passed to canTransform argument target_frame - frame does not exist
2026-08-14T15:58:38: [component_container_isolated-1] [INFO] [1786690718.025840054] [global_costmap.global_costmap]: Timed out waiting for transform from base_link to map to become available, tf error: Invalid frame ID "map" passed to canTransform argument target_frame - frame does not exist
2026-08-14T15:58:38: [component_container_isolated-1] [INFO] [1786690718.525835005] [global_costmap.global_costmap]: Timed out waiting for transform from base_link to map to become available, tf error: Invalid frame ID "map" passed to canTransform argument target_frame - frame does not exist
2026-08-14T15:58:39: [component_container_isolated-1] [INFO] [1786690719.025838643] [global_costmap.global_costmap]: Timed out waiting for transform from base_link to map to become available, tf error: Invalid frame ID "map" passed to canTransform argument target_frame - frame does not exist
2026-08-14T15:58:39: [component_container_isolated-1] [INFO] [1786690719.525836134] [global_costmap.global_costmap]: Timed out waiting for transform from base_link to map to become available, tf error: Invalid frame ID "map" passed to canTransform argument target_frame - frame does not exist
2026-08-14T15:58:40: [component_container_isolated-1] [INFO] [1786690720.025841218] [global_costmap.global_costmap]: Timed out waiting for transform from base_link to map to become available, tf error: Invalid frame ID "map" passed to canTransform argument target_frame - frame does not exist
2026-08-14T15:58:40: [component_container_isolated-1] [INFO] [1786690720.525836434] [global_costmap.global_costmap]: Timed out waiting for transform from base_link to map to become available, tf error: Invalid frame ID "map" passed to canTransform argument target_frame - frame does not exist
2026-08-14T15:58:41: [component_container_isolated-1] [INFO] [1786690721.025843799] [global_costmap.global_costmap]: Timed out waiting for transform from base_link to map to become available, tf error: Invalid frame ID "map" passed to canTransform argument target_frame - frame does not exist
2026-08-14T15:58:41: [component_container_isolated-1] [INFO] [1786690721.525836998] [global_costmap.global_costmap]: Timed out waiting for transform from base_link to map to become available, tf error: Invalid frame ID "map" passed to canTransform argument target_frame - frame does not exist
2026-08-14T15:58:42: [component_container_isolated-1] [INFO] [1786690722.025838866] [global_costmap.global_costmap]: Timed out waiting for transform from base_link to map to become available, tf error: Invalid frame ID "map" passed to canTransform argument target_frame - frame does not exist
2026-08-14T15:58:42: [component_container_isolated-1] [INFO] [1786690722.525839382] [global_costmap.global_costmap]: Timed out waiting for transform from base_link to map to become available, tf error: Invalid frame ID "map" passed to canTransform argument target_frame - frame does not exist
2026-08-14T15:58:43: [component_container_isolated-1] [INFO] [1786690723.025841585] [global_costmap.global_costmap]: Timed out waiting for transform from base_link to map to become available, tf error: Invalid frame ID "map" passed to canTransform argument target_frame - frame does not exist
2026-08-14T15:58:43: [component_container_isolated-1] [INFO] [1786690723.525839028] [global_costmap.global_costmap]: Timed out waiting for transform from base_link to map to become available, tf error: Invalid frame ID "map" passed to canTransform argument target_frame - frame does not exist
2026-08-14T15:58:44: [component_container_isolated-1] [INFO] [1786690724.025848640] [global_costmap.global_costmap]: Timed out waiting for transform from base_link to map to become available, tf error: Invalid frame ID "map" passed to canTransform argument target_frame - frame does not exist
2026-08-14T15:58:44: [component_container_isolated-1] [INFO] [1786690724.525838215] [global_costmap.global_costmap]: Timed out waiting for transform from base_link to map to become available, tf error: Invalid frame ID "map" passed to canTransform argument target_frame - frame does not exist
2026-08-14T15:58:45: [component_container_isolated-1] [INFO] [1786690725.025839050] [global_costmap.global_costmap]: Timed out waiting for transform from base_link to map to become available, tf error: Invalid frame ID "map" passed to canTransform argument target_frame - frame does not exist
2026-08-14T15:58:45: [component_container_isolated-1] [INFO] [1786690725.525841885] [global_costmap.global_costmap]: Timed out waiting for transform from base_link to map to become available, tf error: Invalid frame ID "map" passed to canTransform argument target_frame - frame does not exist
2026-08-14T15:58:46: [component_container_isolated-1] [INFO] [1786690726.025835888] [global_costmap.global_costmap]: Timed out waiting for transform from base_link to map to become available, tf error: Invalid frame ID "map" passed to canTransform argument target_frame - frame does not exist
2026-08-14T15:58:46: [component_container_isolated-1] [INFO] [1786690726.525925350] [global_costmap.global_costmap]: Timed out waiting for transform from base_link to map to become available, tf error: Invalid frame ID "map" passed to canTransform argument target_frame - frame does not exist
2026-08-14T15:58:47: [component_container_isolated-1] [INFO] [1786690727.025840468] [global_costmap.global_costmap]: Timed out waiting for transform from base_link to map to become available, tf error: Invalid frame ID "map" passed to canTransform argument target_frame - frame does not exist
2026-08-14T15:58:47: [component_container_isolated-1] [INFO] [1786690727.525838749] [global_costmap.global_costmap]: Timed out waiting for transform from base_link to map to become available, tf error: Invalid frame ID "map" passed to canTransform argument target_frame - frame does not exist
2026-08-14T15:58:48: [component_container_isolated-1] [INFO] [1786690728.025834549] [global_costmap.global_costmap]: Timed out waiting for transform from base_link to map to become available, tf error: Invalid frame ID "map" passed to canTransform argument target_frame - frame does not exist
2026-08-14T15:58:48: [component_container_isolated-1] [INFO] [1786690728.525845274] [global_costmap.global_costmap]: Timed out waiting for transform from base_link to map to become available, tf error: Invalid frame ID "map" passed to canTransform argument target_frame - frame does not exist
2026-08-14T15:58:49: [component_container_isolated-1] [INFO] [1786690729.025842260] [global_costmap.global_costmap]: Timed out waiting for transform from base_link to map to become available, tf error: Invalid frame ID "map" passed to canTransform argument target_frame - frame does not exist
2026-08-14T15:58:49: [component_container_isolated-1] [INFO] [1786690729.525838874] [global_costmap.global_costmap]: Timed out waiting for transform from base_link to map to become available, tf error: Invalid frame ID "map" passed to canTransform argument target_frame - frame does not exist
2026-08-14T15:58:50: [component_container_isolated-1] [INFO] [1786690730.025839823] [global_costmap.global_costmap]: Timed out waiting for transform from base_link to map to become available, tf error: Invalid frame ID "map" passed to canTransform argument target_frame - frame does not exist
2026-08-14T15:58:50: [component_container_isolated-1] [INFO] [1786690730.525852399] [global_costmap.global_costmap]: Timed out waiting for transform from base_link to map to become available, tf error: Invalid frame ID "map" passed to canTransform argument target_frame - frame does not exist
2026-08-14T15:58:51: [component_container_isolated-1] [INFO] [1786690731.025843922] [global_costmap.global_costmap]: Timed out waiting for transform from base_link to map to become available, tf error: Invalid frame ID "map" passed to canTransform argument target_frame - frame does not exist
2026-08-14T15:58:51: [component_container_isolated-1] [INFO] [1786690731.525875829] [global_costmap.global_costmap]: Timed out waiting for transform from base_link to map to become available, tf error: Invalid frame ID "map" passed to canTransform argument target_frame - frame does not exist
2026-08-14T15:58:52: [component_container_isolated-1] [INFO] [1786690732.025850759] [global_costmap.global_costmap]: Timed out waiting for transform from base_link to map to become available, tf error: Invalid frame ID "map" passed to canTransform argument target_frame - frame does not exist
2026-08-14T15:58:52: [component_container_isolated-1] [INFO] [1786690732.525915036] [global_costmap.global_costmap]: Timed out waiting for transform from base_link to map to become available, tf error: Invalid frame ID "map" passed to canTransform argument target_frame - frame does not exist
2026-08-14T15:58:53: [component_container_isolated-1] [INFO] [1786690733.025856262] [global_costmap.global_costmap]: Timed out waiting for transform from base_link to map to become available, tf error: Invalid frame ID "map" passed to canTransform argument target_frame - frame does not exist
2026-08-14T15:58:53: [component_container_isolated-1] [INFO] [1786690733.525839466] [global_costmap.global_costmap]: Timed out waiting for transform from base_link to map to become available, tf error: Invalid frame ID "map" passed to canTransform argument target_frame - frame does not exist
2026-08-14T15:58:54: [component_container_isolated-1] [INFO] [1786690734.025833634] [global_costmap.global_costmap]: Timed out waiting for transform from base_link to map to become available, tf error: Invalid frame ID "map" passed to canTransform argument target_frame - frame does not exist
2026-08-14T15:58:54: [component_container_isolated-1] [INFO] [1786690734.525844853] [global_costmap.global_costmap]: Timed out waiting for transform from base_link to map to become available, tf error: Invalid frame ID "map" passed to canTransform argument target_frame - frame does not exist
2026-08-14T15:58:55: [component_container_isolated-1] [INFO] [1786690735.025839612] [global_costmap.global_costmap]: Timed out waiting for transform from base_link to map to become available, tf error: Invalid frame ID "map" passed to canTransform argument target_frame - frame does not exist
2026-08-14T15:58:55: [component_container_isolated-1] [INFO] [1786690735.525840664] [global_costmap.global_costmap]: Timed out waiting for transform from base_link to map to become available, tf error: Invalid frame ID "map" passed to canTransform argument target_frame - frame does not exist
2026-08-14T15:58:56: [component_container_isolated-1] [INFO] [1786690736.025840143] [global_costmap.global_costmap]: Timed out waiting for transform from base_link to map to become available, tf error: Invalid frame ID "map" passed to canTransform argument target_frame - frame does not exist
2026-08-14T15:58:56: [component_container_isolated-1] [INFO] [1786690736.525838322] [global_costmap.global_costmap]: Timed out waiting for transform from base_link to map to become available, tf error: Invalid frame ID "map" passed to canTransform argument target_frame - frame does not exist
2026-08-14T15:58:57: [component_container_isolated-1] [INFO] [1786690737.025850817] [global_costmap.global_costmap]: Timed out waiting for transform from base_link to map to become available, tf error: Invalid frame ID "map" passed to canTransform argument target_frame - frame does not exist
2026-08-14T15:58:57: [component_container_isolated-1] [INFO] [1786690737.525838587] [global_costmap.global_costmap]: Timed out waiting for transform from base_link to map to become available, tf error: Invalid frame ID "map" passed to canTransform argument target_frame - frame does not exist
2026-08-14T15:58:58: [component_container_isolated-1] [INFO] [1786690738.025837265] [global_costmap.global_costmap]: Timed out waiting for transform from base_link to map to become available, tf error: Invalid frame ID "map" passed to canTransform argument target_frame - frame does not exist
2026-08-14T15:58:58: [component_container_isolated-1] [INFO] [1786690738.525925862] [global_costmap.global_costmap]: Timed out waiting for transform from base_link to map to become available, tf error: Invalid frame ID "map" passed to canTransform argument target_frame - frame does not exist
2026-08-14T15:58:59: [component_container_isolated-1] [INFO] [1786690739.025844688] [global_costmap.global_costmap]: Timed out waiting for transform from base_link to map to become available, tf error: Invalid frame ID "map" passed to canTransform argument target_frame - frame does not exist
2026-08-14T15:58:59: [component_container_isolated-1] [INFO] [1786690739.525852211] [global_costmap.global_costmap]: Timed out waiting for transform from base_link to map to become available, tf error: Invalid frame ID "map" passed to canTransform argument target_frame - frame does not exist
2026-08-14T15:59:00: [component_container_isolated-1] [INFO] [1786690740.025842717] [global_costmap.global_costmap]: Timed out waiting for transform from base_link to map to become available, tf error: Invalid frame ID "map" passed to canTransform argument target_frame - frame does not exist
2026-08-14T15:59:00: [component_container_isolated-1] [INFO] [1786690740.525844885] [global_costmap.global_costmap]: Timed out waiting for transform from base_link to map to become available, tf error: Invalid frame ID "map" passed to canTransform argument target_frame - frame does not exist
2026-08-14T15:59:01: [component_container_isolated-1] [INFO] [1786690741.025926959] [global_costmap.global_costmap]: Timed out waiting for transform from base_link to map to become available, tf error: Invalid frame ID "map" passed to canTransform argument target_frame - frame does not exist
2026-08-14T15:59:01: [component_container_isolated-1] [INFO] [1786690741.525931883] [global_costmap.global_costmap]: Timed out waiting for transform from base_link to map to become available, tf error: Invalid frame ID "map" passed to canTransform argument target_frame - frame does not exist
2026-08-14T15:59:02: [component_container_isolated-1] [INFO] [1786690742.025842737] [global_costmap.global_costmap]: Timed out waiting for transform from base_link to map to become available, tf error: Invalid frame ID "map" passed to canTransform argument target_frame - frame does not exist
2026-08-14T15:59:02: [component_container_isolated-1] [INFO] [1786690742.525929784] [global_costmap.global_costmap]: Timed out waiting for transform from base_link to map to become available, tf error: Invalid frame ID "map" passed to canTransform argument target_frame - frame does not exist
2026-08-14T15:59:03: [component_container_isolated-1] [INFO] [1786690743.025890225] [global_costmap.global_costmap]: Timed out waiting for transform from base_link to map to become available, tf error: Invalid frame ID "map" passed to canTransform argument target_frame - frame does not exist
2026-08-14T15:59:03: [component_container_isolated-1] [INFO] [1786690743.525846346] [global_costmap.global_costmap]: Timed out waiting for transform from base_link to map to become available, tf error: Invalid frame ID "map" passed to canTransform argument target_frame - frame does not exist
2026-08-14T15:59:04: [component_container_isolated-1] [INFO] [1786690744.025921798] [global_costmap.global_costmap]: Timed out waiting for transform from base_link to map to become available, tf error: Invalid frame ID "map" passed to canTransform argument target_frame - frame does not exist
2026-08-14T15:59:04: [component_container_isolated-1] [INFO] [1786690744.525886878] [global_costmap.global_costmap]: Timed out waiting for transform from base_link to map to become available, tf error: Invalid frame ID "map" passed to canTransform argument target_frame - frame does not exist
2026-08-14T15:59:05: [component_container_isolated-1] [INFO] [1786690745.025837367] [global_costmap.global_costmap]: Timed out waiting for transform from base_link to map to become available, tf error: Invalid frame ID "map" passed to canTransform argument target_frame - frame does not exist
2026-08-14T15:59:05: [component_container_isolated-1] [INFO] [1786690745.525847774] [global_costmap.global_costmap]: Timed out waiting for transform from base_link to map to become available, tf error: Invalid frame ID "map" passed to canTransform argument target_frame - frame does not exist
2026-08-14T15:59:06: [component_container_isolated-1] [INFO] [1786690746.025854053] [global_costmap.global_costmap]: Timed out waiting for transform from base_link to map to become available, tf error: Invalid frame ID "map" passed to canTransform argument target_frame - frame does not exist
2026-08-14T15:59:06: [component_container_isolated-1] [INFO] [1786690746.525837160] [global_costmap.global_costmap]: Timed out waiting for transform from base_link to map to become available, tf error: Invalid frame ID "map" passed to canTransform argument target_frame - frame does not exist
2026-08-14T15:59:07: [component_container_isolated-1] [INFO] [1786690747.025842416] [global_costmap.global_costmap]: Timed out waiting for transform from base_link to map to become available, tf error: Invalid frame ID "map" passed to canTransform argument target_frame - frame does not exist
2026-08-14T15:59:07: [component_container_isolated-1] [INFO] [1786690747.525921644] [global_costmap.global_costmap]: Timed out waiting for transform from base_link to map to become available, tf error: Invalid frame ID "map" passed to canTransform argument target_frame - frame does not exist
2026-08-14T15:59:08: [component_container_isolated-1] [INFO] [1786690748.025839361] [global_costmap.global_costmap]: Timed out waiting for transform from base_link to map to become available, tf error: Invalid frame ID "map" passed to canTransform argument target_frame - frame does not exist
2026-08-14T15:59:08: [component_container_isolated-1] [INFO] [1786690748.525852272] [global_costmap.global_costmap]: Timed out waiting for transform from base_link to map to become available, tf error: Invalid frame ID "map" passed to canTransform argument target_frame - frame does not exist
2026-08-14T15:59:09: [component_container_isolated-1] [INFO] [1786690749.025840407] [global_costmap.global_costmap]: Timed out waiting for transform from base_link to map to become available, tf error: Invalid frame ID "map" passed to canTransform argument target_frame - frame does not exist
2026-08-14T15:59:09: [component_container_isolated-1] [INFO] [1786690749.525838553] [global_costmap.global_costmap]: Timed out waiting for transform from base_link to map to become available, tf error: Invalid frame ID "map" passed to canTransform argument target_frame - frame does not exist
2026-08-14T15:59:10: [component_container_isolated-1] [INFO] [1786690750.025926864] [global_costmap.global_costmap]: Timed out waiting for transform from base_link to map to become available, tf error: Invalid frame ID "map" passed to canTransform argument target_frame - frame does not exist
2026-08-14T15:59:10: [component_container_isolated-1] [INFO] [1786690750.525926208] [global_costmap.global_costmap]: Timed out waiting for transform from base_link to map to become available, tf error: Invalid frame ID "map" passed to canTransform argument target_frame - frame does not exist
2026-08-14T15:59:11: [component_container_isolated-1] [INFO] [1786690751.025843242] [global_costmap.global_costmap]: Timed out waiting for transform from base_link to map to become available, tf error: Invalid frame ID "map" passed to canTransform argument target_frame - frame does not exist
2026-08-14T15:59:11: [component_container_isolated-1] [INFO] [1786690751.525838692] [global_costmap.global_costmap]: Timed out waiting for transform from base_link to map to become available, tf error: Invalid frame ID "map" passed to canTransform argument target_frame - frame does not exist
2026-08-14T15:59:12: [component_container_isolated-1] [INFO] [1786690752.025913306] [global_costmap.global_costmap]: Timed out waiting for transform from base_link to map to become available, tf error: Invalid frame ID "map" passed to canTransform argument target_frame - frame does not exist
2026-08-14T15:59:12: [component_container_isolated-1] [INFO] [1786690752.525850770] [global_costmap.global_costmap]: Timed out waiting for transform from base_link to map to become available, tf error: Invalid frame ID "map" passed to canTransform argument target_frame - frame does not exist
2026-08-14T15:59:13: [component_container_isolated-1] [INFO] [1786690753.025841308] [global_costmap.global_costmap]: Timed out waiting for transform from base_link to map to become available, tf error: Invalid frame ID "map" passed to canTransform argument target_frame - frame does not exist
2026-08-14T15:59:13: [component_container_isolated-1] [INFO] [1786690753.525844040] [global_costmap.global_costmap]: Timed out waiting for transform from base_link to map to become available, tf error: Invalid frame ID "map" passed to canTransform argument target_frame - frame does not exist
2026-08-14T15:59:14: [component_container_isolated-1] [INFO] [1786690754.025851793] [global_costmap.global_costmap]: Timed out waiting for transform from base_link to map to become available, tf error: Invalid frame ID "map" passed to canTransform argument target_frame - frame does not exist
2026-08-14T15:59:14: [component_container_isolated-1] [INFO] [1786690754.525843371] [global_costmap.global_costmap]: Timed out waiting for transform from base_link to map to become available, tf error: Invalid frame ID "map" passed to canTransform argument target_frame - frame does not exist
2026-08-14T15:59:15: [component_container_isolated-1] [INFO] [1786690755.025842395] [global_costmap.global_costmap]: Timed out waiting for transform from base_link to map to become available, tf error: Invalid frame ID "map" passed to canTransform argument target_frame - frame does not exist
2026-08-14T15:59:15: [component_container_isolated-1] [INFO] [1786690755.525842596] [global_costmap.global_costmap]: Timed out waiting for transform from base_link to map to become available, tf error: Invalid frame ID "map" passed to canTransform argument target_frame - frame does not exist
2026-08-14T15:59:16: [component_container_isolated-1] [INFO] [1786690756.025842835] [global_costmap.global_costmap]: Timed out waiting for transform from base_link to map to become available, tf error: Invalid frame ID "map" passed to canTransform argument target_frame - frame does not exist
2026-08-14T15:59:16: [component_container_isolated-1] [INFO] [1786690756.525910823] [global_costmap.global_costmap]: Timed out waiting for transform from base_link to map to become available, tf error: Invalid frame ID "map" passed to canTransform argument target_frame - frame does not exist
2026-08-14T15:59:17: [component_container_isolated-1] [INFO] [1786690757.025841280] [global_costmap.global_costmap]: Timed out waiting for transform from base_link to map to become available, tf error: Invalid frame ID "map" passed to canTransform argument target_frame - frame does not exist
2026-08-14T15:59:17: [component_container_isolated-1] [INFO] [1786690757.525835670] [global_costmap.global_costmap]: Timed out waiting for transform from base_link to map to become available, tf error: Invalid frame ID "map" passed to canTransform argument target_frame - frame does not exist
2026-08-14T15:59:18: [component_container_isolated-1] [INFO] [1786690758.025856949] [global_costmap.global_costmap]: Timed out waiting for transform from base_link to map to become available, tf error: Invalid frame ID "map" passed to canTransform argument target_frame - frame does not exist
2026-08-14T15:59:18: [component_container_isolated-1] [INFO] [1786690758.525850776] [global_costmap.global_costmap]: Timed out waiting for transform from base_link to map to become available, tf error: Invalid frame ID "map" passed to canTransform argument target_frame - frame does not exist
2026-08-14T15:59:19: [component_container_isolated-1] [INFO] [1786690759.025847123] [global_costmap.global_costmap]: Timed out waiting for transform from base_link to map to become available, tf error: Invalid frame ID "map" passed to canTransform argument target_frame - frame does not exist
2026-08-14T15:59:19: [component_container_isolated-1] [INFO] [1786690759.525833368] [global_costmap.global_costmap]: Timed out waiting for transform from base_link to map to become available, tf error: Invalid frame ID "map" passed to canTransform argument target_frame - frame does not exist
2026-08-14T15:59:20: [component_container_isolated-1] [INFO] [1786690760.025838207] [global_costmap.global_costmap]: Timed out waiting for transform from base_link to map to become available, tf error: Invalid frame ID "map" passed to canTransform argument target_frame - frame does not exist
2026-08-14T15:59:20: [component_container_isolated-1] [INFO] [1786690760.525848388] [global_costmap.global_costmap]: Timed out waiting for transform from base_link to map to become available, tf error: Invalid frame ID "map" passed to canTransform argument target_frame - frame does not exist
2026-08-14T15:59:21: [component_container_isolated-1] [INFO] [1786690761.025846885] [global_costmap.global_costmap]: Timed out waiting for transform from base_link to map to become available, tf error: Invalid frame ID "map" passed to canTransform argument target_frame - frame does not exist
2026-08-14T15:59:21: [component_container_isolated-1] [INFO] [1786690761.525840947] [global_costmap.global_costmap]: Timed out waiting for transform from base_link to map to become available, tf error: Invalid frame ID "map" passed to canTransform argument target_frame - frame does not exist
2026-08-14T15:59:22: [component_container_isolated-1] [INFO] [1786690762.025837899] [global_costmap.global_costmap]: Timed out waiting for transform from base_link to map to become available, tf error: Invalid frame ID "map" passed to canTransform argument target_frame - frame does not exist
2026-08-14T15:59:22: [component_container_isolated-1] [INFO] [1786690762.525839415] [global_costmap.global_costmap]: Timed out waiting for transform from base_link to map to become available, tf error: Invalid frame ID "map" passed to canTransform argument target_frame - frame does not exist
2026-08-14T15:59:23: [component_container_isolated-1] [INFO] [1786690763.025835747] [global_costmap.global_costmap]: Timed out waiting for transform from base_link to map to become available, tf error: Invalid frame ID "map" passed to canTransform argument target_frame - frame does not exist
2026-08-14T15:59:23: [component_container_isolated-1] [INFO] [1786690763.525856050] [global_costmap.global_costmap]: Timed out waiting for transform from base_link to map to become available, tf error: Invalid frame ID "map" passed to canTransform argument target_frame - frame does not exist
2026-08-14T15:59:24: [component_container_isolated-1] [INFO] [1786690764.025842763] [global_costmap.global_costmap]: Timed out waiting for transform from base_link to map to become available, tf error: Invalid frame ID "map" passed to canTransform argument target_frame - frame does not exist
2026-08-14T15:59:24: [component_container_isolated-1] [INFO] [1786690764.525919389] [global_costmap.global_costmap]: Timed out waiting for transform from base_link to map to become available, tf error: Invalid frame ID "map" passed to canTransform argument target_frame - frame does not exist
2026-08-14T15:59:25: [component_container_isolated-1] [INFO] [1786690765.025875482] [global_costmap.global_costmap]: Timed out waiting for transform from base_link to map to become available, tf error: Invalid frame ID "map" passed to canTransform argument target_frame - frame does not exist
2026-08-14T15:59:25: [component_container_isolated-1] [INFO] [1786690765.525935173] [global_costmap.global_costmap]: Timed out waiting for transform from base_link to map to become available, tf error: Invalid frame ID "map" passed to canTransform argument target_frame - frame does not exist
2026-08-14T15:59:26: [component_container_isolated-1] [INFO] [1786690766.025918275] [global_costmap.global_costmap]: Timed out waiting for transform from base_link to map to become available, tf error: Invalid frame ID "map" passed to canTransform argument target_frame - frame does not exist
2026-08-14T15:59:26: [component_container_isolated-1] [INFO] [1786690766.525916163] [global_costmap.global_costmap]: Timed out waiting for transform from base_link to map to become available, tf error: Invalid frame ID "map" passed to canTransform argument target_frame - frame does not exist
2026-08-14T15:59:27: [component_container_isolated-1] [INFO] [1786690767.025841183] [global_costmap.global_costmap]: Timed out waiting for transform from base_link to map to become available, tf error: Invalid frame ID "map" passed to canTransform argument target_frame - frame does not exist
2026-08-14T15:59:27: [component_container_isolated-1] [INFO] [1786690767.525907818] [global_costmap.global_costmap]: Timed out waiting for transform from base_link to map to become available, tf error: Invalid frame ID "map" passed to canTransform argument target_frame - frame does not exist
2026-08-14T15:59:28: [component_container_isolated-1] [INFO] [1786690768.025844977] [global_costmap.global_costmap]: Timed out waiting for transform from base_link to map to become available, tf error: Invalid frame ID "map" passed to canTransform argument target_frame - frame does not exist
2026-08-14T15:59:28: [component_container_isolated-1] [INFO] [1786690768.525853733] [global_costmap.global_costmap]: Timed out waiting for transform from base_link to map to become available, tf error: Invalid frame ID "map" passed to canTransform argument target_frame - frame does not exist
2026-08-14T15:59:29: [component_container_isolated-1] [INFO] [1786690769.025852213] [global_costmap.global_costmap]: Timed out waiting for transform from base_link to map to become available, tf error: Invalid frame ID "map" passed to canTransform argument target_frame - frame does not exist
2026-08-14T15:59:29: [component_container_isolated-1] [INFO] [1786690769.525875829] [global_costmap.global_costmap]: Timed out waiting for transform from base_link to map to become available, tf error: Invalid frame ID "map" passed to canTransform argument target_frame - frame does not exist
2026-08-14T15:59:30: [component_container_isolated-1] [INFO] [1786690770.025842392] [global_costmap.global_costmap]: Timed out waiting for transform from base_link to map to become available, tf error: Invalid frame ID "map" passed to canTransform argument target_frame - frame does not exist
2026-08-14T15:59:30: [component_container_isolated-1] [INFO] [1786690770.525922126] [global_costmap.global_costmap]: Timed out waiting for transform from base_link to map to become available, tf error: Invalid frame ID "map" passed to canTransform argument target_frame - frame does not exist
2026-08-14T15:59:31: [component_container_isolated-1] [INFO] [1786690771.025847477] [global_costmap.global_costmap]: Timed out waiting for transform from base_link to map to become available, tf error: Invalid frame ID "map" passed to canTransform argument target_frame - frame does not exist
2026-08-14T15:59:31: [component_container_isolated-1] [INFO] [1786690771.525835944] [global_costmap.global_costmap]: Timed out waiting for transform from base_link to map to become available, tf error: Invalid frame ID "map" passed to canTransform argument target_frame - frame does not exist
2026-08-14T15:59:32: [component_container_isolated-1] [INFO] [1786690772.025837838] [global_costmap.global_costmap]: Timed out waiting for transform from base_link to map to become available, tf error: Invalid frame ID "map" passed to canTransform argument target_frame - frame does not exist
2026-08-14T15:59:32: [component_container_isolated-1] [INFO] [1786690772.525935864] [global_costmap.global_costmap]: Timed out waiting for transform from base_link to map to become available, tf error: Invalid frame ID "map" passed to canTransform argument target_frame - frame does not exist
2026-08-14T15:59:33: [component_container_isolated-1] [INFO] [1786690773.025837917] [global_costmap.global_costmap]: Timed out waiting for transform from base_link to map to become available, tf error: Invalid frame ID "map" passed to canTransform argument target_frame - frame does not exist
2026-08-14T15:59:33: [component_container_isolated-1] [INFO] [1786690773.525882694] [global_costmap.global_costmap]: Timed out waiting for transform from base_link to map to become available, tf error: Invalid frame ID "map" passed to canTransform argument target_frame - frame does not exist
2026-08-14T15:59:34: [component_container_isolated-1] [INFO] [1786690774.025850715] [global_costmap.global_costmap]: Timed out waiting for transform from base_link to map to become available, tf error: Invalid frame ID "map" passed to canTransform argument target_frame - frame does not exist
2026-08-14T15:59:34: [component_container_isolated-1] [INFO] [1786690774.525845630] [global_costmap.global_costmap]: Timed out waiting for transform from base_link to map to become available, tf error: Invalid frame ID "map" passed to canTransform argument target_frame - frame does not exist
2026-08-14T15:59:35: [component_container_isolated-1] [INFO] [1786690775.025837528] [global_costmap.global_costmap]: Timed out waiting for transform from base_link to map to become available, tf error: Invalid frame ID "map" passed to canTransform argument target_frame - frame does not exist
2026-08-14T15:59:35: [component_container_isolated-1] [INFO] [1786690775.525916707] [global_costmap.global_costmap]: Timed out waiting for transform from base_link to map to become available, tf error: Invalid frame ID "map" passed to canTransform argument target_frame - frame does not exist
2026-08-14T15:59:36: [component_container_isolated-1] [INFO] [1786690776.025844300] [global_costmap.global_costmap]: Timed out waiting for transform from base_link to map to become available, tf error: Invalid frame ID "map" passed to canTransform argument target_frame - frame does not exist
2026-08-14T15:59:36: [component_container_isolated-1] [INFO] [1786690776.525848840] [global_costmap.global_costmap]: Timed out waiting for transform from base_link to map to become available, tf error: Invalid frame ID "map" passed to canTransform argument target_frame - frame does not exist
2026-08-14T15:59:37: [component_container_isolated-1] [INFO] [1786690777.025853882] [global_costmap.global_costmap]: Timed out waiting for transform from base_link to map to become available, tf error: Invalid frame ID "map" passed to canTransform argument target_frame - frame does not exist
2026-08-14T15:59:37: [component_container_isolated-1] [INFO] [1786690777.525841967] [global_costmap.global_costmap]: Timed out waiting for transform from base_link to map to become available, tf error: Invalid frame ID "map" passed to canTransform argument target_frame - frame does not exist
2026-08-14T15:59:38: [component_container_isolated-1] [INFO] [1786690778.025842719] [global_costmap.global_costmap]: Timed out waiting for transform from base_link to map to become available, tf error: Invalid frame ID "map" passed to canTransform argument target_frame - frame does not exist
2026-08-14T15:59:38: [component_container_isolated-1] [INFO] [1786690778.525843902] [global_costmap.global_costmap]: Timed out waiting for transform from base_link to map to become available, tf error: Invalid frame ID "map" passed to canTransform argument target_frame - frame does not exist
2026-08-14T15:59:39: [component_container_isolated-1] [INFO] [1786690779.025844809] [global_costmap.global_costmap]: Timed out waiting for transform from base_link to map to become available, tf error: Invalid frame ID "map" passed to canTransform argument target_frame - frame does not exist
2026-08-14T15:59:39: [component_container_isolated-1] [INFO] [1786690779.525862536] [global_costmap.global_costmap]: Timed out waiting for transform from base_link to map to become available, tf error: Invalid frame ID "map" passed to canTransform argument target_frame - frame does not exist
2026-08-14T15:59:40: [component_container_isolated-1] [INFO] [1786690780.025834987] [global_costmap.global_costmap]: Timed out waiting for transform from base_link to map to become available, tf error: Invalid frame ID "map" passed to canTransform argument target_frame - frame does not exist
2026-08-14T15:59:40: [component_container_isolated-1] [INFO] [1786690780.525846887] [global_costmap.global_costmap]: Timed out waiting for transform from base_link to map to become available, tf error: Invalid frame ID "map" passed to canTransform argument target_frame - frame does not exist
2026-08-14T15:59:41: [component_container_isolated-1] [INFO] [1786690781.025843973] [global_costmap.global_costmap]: Timed out waiting for transform from base_link to map to become available, tf error: Invalid frame ID "map" passed to canTransform argument target_frame - frame does not exist
2026-08-14T15:59:41: [component_container_isolated-1] [INFO] [1786690781.525857897] [global_costmap.global_costmap]: Timed out waiting for transform from base_link to map to become available, tf error: Invalid frame ID "map" passed to canTransform argument target_frame - frame does not exist
2026-08-14T15:59:42: [component_container_isolated-1] [INFO] [1786690782.025854415] [global_costmap.global_costmap]: Timed out waiting for transform from base_link to map to become available, tf error: Invalid frame ID "map" passed to canTransform argument target_frame - frame does not exist
2026-08-14T15:59:42: [component_container_isolated-1] [INFO] [1786690782.525845364] [global_costmap.global_costmap]: Timed out waiting for transform from base_link to map to become available, tf error: Invalid frame ID "map" passed to canTransform argument target_frame - frame does not exist
2026-08-14T15:59:43: [component_container_isolated-1] [INFO] [1786690783.025919368] [global_costmap.global_costmap]: Timed out waiting for transform from base_link to map to become available, tf error: Invalid frame ID "map" passed to canTransform argument target_frame - frame does not exist
2026-08-14T15:59:43: [component_container_isolated-1] [INFO] [1786690783.525836843] [global_costmap.global_costmap]: Timed out waiting for transform from base_link to map to become available, tf error: Invalid frame ID "map" passed to canTransform argument target_frame - frame does not exist
2026-08-14T15:59:44: [component_container_isolated-1] [INFO] [1786690784.025961517] [global_costmap.global_costmap]: Timed out waiting for transform from base_link to map to become available, tf error: Invalid frame ID "map" passed to canTransform argument target_frame - frame does not exist
2026-08-14T15:59:44: [component_container_isolated-1] [INFO] [1786690784.525835111] [global_costmap.global_costmap]: Timed out waiting for transform from base_link to map to become available, tf error: Invalid frame ID "map" passed to canTransform argument target_frame - frame does not exist
2026-08-14T15:59:45: [component_container_isolated-1] [INFO] [1786690785.025852219] [global_costmap.global_costmap]: Timed out waiting for transform from base_link to map to become available, tf error: Invalid frame ID "map" passed to canTransform argument target_frame - frame does not exist
2026-08-14T15:59:45: [component_container_isolated-1] [INFO] [1786690785.525835500] [global_costmap.global_costmap]: Timed out waiting for transform from base_link to map to become available, tf error: Invalid frame ID "map" passed to canTransform argument target_frame - frame does not exist
2026-08-14T15:59:46: [component_container_isolated-1] [INFO] [1786690786.025831392] [global_costmap.global_costmap]: Timed out waiting for transform from base_link to map to become available, tf error: Invalid frame ID "map" passed to canTransform argument target_frame - frame does not exist
2026-08-14T15:59:46: [component_container_isolated-1] [INFO] [1786690786.525841492] [global_costmap.global_costmap]: Timed out waiting for transform from base_link to map to become available, tf error: Invalid frame ID "map" passed to canTransform argument target_frame - frame does not exist
2026-08-14T15:59:47: [component_container_isolated-1] [INFO] [1786690787.025842704] [global_costmap.global_costmap]: Timed out waiting for transform from base_link to map to become available, tf error: Invalid frame ID "map" passed to canTransform argument target_frame - frame does not exist
2026-08-14T15:59:47: [component_container_isolated-1] [INFO] [1786690787.525855161] [global_costmap.global_costmap]: Timed out waiting for transform from base_link to map to become available, tf error: Invalid frame ID "map" passed to canTransform argument target_frame - frame does not exist
2026-08-14T15:59:48: [component_container_isolated-1] [INFO] [1786690788.025853618] [global_costmap.global_costmap]: Timed out waiting for transform from base_link to map to become available, tf error: Invalid frame ID "map" passed to canTransform argument target_frame - frame does not exist
2026-08-14T15:59:48: [component_container_isolated-1] [INFO] [1786690788.525843913] [global_costmap.global_costmap]: Timed out waiting for transform from base_link to map to become available, tf error: Invalid frame ID "map" passed to canTransform argument target_frame - frame does not exist
2026-08-14T15:59:49: [component_container_isolated-1] [INFO] [1786690789.025840283] [global_costmap.global_costmap]: Timed out waiting for transform from base_link to map to become available, tf error: Invalid frame ID "map" passed to canTransform argument target_frame - frame does not exist
2026-08-14T15:59:49: [WARNING] [launch]: user interrupted with ctrl-c (SIGINT)
2026-08-14T15:59:50: [component_container_isolated-1] [INFO] [1786690789.110080480] [rclcpp]: signal_handler(SIGINT/SIGTERM)
2026-08-14T15:59:50: [component_container_isolated-1] [INFO] [1786690789.110272215] [velocity_smoother]: Running Nav2 LifecycleNode rcl preshutdown (velocity_smoother)
2026-08-14T15:59:50: [component_container_isolated-1] [INFO] [1786690789.110516614] [velocity_smoother]: Cleaning up
2026-08-14T15:59:50: [component_container_isolated-1] [INFO] [1786690789.110710830] [velocity_smoother]: Destroying bond (velocity_smoother) to lifecycle manager.
2026-08-14T15:59:50: [component_container_isolated-1] [INFO] [1786690789.110790957] [waypoint_follower]: Running Nav2 LifecycleNode rcl preshutdown (waypoint_follower)
2026-08-14T15:59:50: [component_container_isolated-1] [INFO] [1786690789.110885121] [waypoint_follower]: Cleaning up
2026-08-14T15:59:50: [INFO] [component_container_isolated-1]: sending signal 'SIGINT' to process[component_container_isolated-1]
2026-08-14T15:59:50: [component_container_isolated-1] [INFO] [1786690789.125128866] [waypoint_follower]: Destroying bond (waypoint_follower) to lifecycle manager.
2026-08-14T15:59:50: [component_container_isolated-1] [INFO] [1786690789.125251955] [lifecycle_manager_navigation]: Running Nav2 LifecycleManager rcl preshutdown (lifecycle_manager_navigation)
2026-08-14T15:59:50: [component_container_isolated-1] [INFO] [1786690789.525888563] [global_costmap.global_costmap]: Timed out waiting for transform from base_link to map to become available, tf error: Invalid frame ID "map" passed to canTransform argument target_frame - frame does not exist
2026-08-14T15:59:50: [component_container_isolated-1] [INFO] [1786690790.025864938] [global_costmap.global_costmap]: Timed out waiting for transform from base_link to map to become available, tf error: Invalid frame ID "map" passed to canTransform argument target_frame - frame does not exist
2026-08-14T15:59:50: [component_container_isolated-1] [INFO] [1786690790.525895074] [global_costmap.global_costmap]: Timed out waiting for transform from base_link to map to become available, tf error: Invalid frame ID "map" passed to canTransform argument target_frame - frame does not exist
2026-08-14T16:00:09: [05_navigation] navigation2.launch.py 시작
2026-08-14T16:00:11: [INFO] [launch]: All log files can be found below /home/yeyu/.ros/log/2026-08-14-16-00-11-446904-YEYU-4488
2026-08-14T16:00:11: [INFO] [launch]: Default logging verbosity is set to INFO
2026-08-14T16:00:15: [INFO] [component_container_isolated-1]: process started with pid [4610]
2026-08-14T16:00:15: [INFO] [rviz2-2]: process started with pid [4612]
2026-08-14T16:00:15: [rviz2-2] qt.qpa.xcb: could not connect to display 
2026-08-14T16:00:15: [rviz2-2] qt.qpa.plugin: Could not load the Qt platform plugin "xcb" in "" even though it was found.
2026-08-14T16:00:15: [rviz2-2] This application failed to start because no Qt platform plugin could be initialized. Reinstalling the application may fix this problem.
2026-08-14T16:00:15: [rviz2-2] 
2026-08-14T16:00:15: [rviz2-2] Available platform plugins are: eglfs, linuxfb, minimal, minimalegl, offscreen, vnc, xcb.
2026-08-14T16:00:15: [rviz2-2] 
2026-08-14T16:00:15: [component_container_isolated-1] [INFO] [1786690815.791343895] [nav2_container]: Load Library: /opt/ros/humble/lib/libmap_server_core.so
2026-08-14T16:00:15: [component_container_isolated-1] [INFO] [1786690815.844701884] [nav2_container]: Found class: rclcpp_components::NodeFactoryTemplate<nav2_map_server::CostmapFilterInfoServer>
2026-08-14T16:00:15: [component_container_isolated-1] [INFO] [1786690815.845046114] [nav2_container]: Found class: rclcpp_components::NodeFactoryTemplate<nav2_map_server::MapSaver>
2026-08-14T16:00:15: [component_container_isolated-1] [INFO] [1786690815.845165517] [nav2_container]: Found class: rclcpp_components::NodeFactoryTemplate<nav2_map_server::MapServer>
2026-08-14T16:00:15: [component_container_isolated-1] [INFO] [1786690815.845207887] [nav2_container]: Instantiate class: rclcpp_components::NodeFactoryTemplate<nav2_map_server::MapServer>
2026-08-14T16:00:15: [component_container_isolated-1] [INFO] [1786690815.923633411] [map_server]: 
2026-08-14T16:00:15: [component_container_isolated-1] 	map_server lifecycle node launched. 
2026-08-14T16:00:15: [component_container_isolated-1] 	Waiting on external lifecycle transitions to activate
2026-08-14T16:00:15: [component_container_isolated-1] 	See https://design.ros2.org/articles/node_lifecycle.html for more information.
2026-08-14T16:00:15: [component_container_isolated-1] [INFO] [1786690815.923913920] [map_server]: Creating
2026-08-14T16:00:15: [component_container_isolated-1] [INFO] [1786690815.928674457] [nav2_container]: Load Library: /opt/ros/humble/lib/libcontroller_server_core.so
2026-08-14T16:00:15: [INFO] [launch_ros.actions.load_composable_nodes]: Loaded node '/map_server' in container '/nav2_container'
2026-08-14T16:00:15: [component_container_isolated-1] [INFO] [1786690815.954363066] [nav2_container]: Found class: rclcpp_components::NodeFactoryTemplate<nav2_controller::ControllerServer>
2026-08-14T16:00:15: [component_container_isolated-1] [INFO] [1786690815.954671131] [nav2_container]: Instantiate class: rclcpp_components::NodeFactoryTemplate<nav2_controller::ControllerServer>
2026-08-14T16:00:16: [component_container_isolated-1] [INFO] [1786690816.037624163] [controller_server]: 
2026-08-14T16:00:16: [component_container_isolated-1] 	controller_server lifecycle node launched. 
2026-08-14T16:00:16: [component_container_isolated-1] 	Waiting on external lifecycle transitions to activate
2026-08-14T16:00:16: [component_container_isolated-1] 	See https://design.ros2.org/articles/node_lifecycle.html for more information.
2026-08-14T16:00:16: [component_container_isolated-1] [INFO] [1786690816.226575646] [controller_server]: Creating controller server
2026-08-14T16:00:16: [component_container_isolated-1] [INFO] [1786690816.317634966] [local_costmap.local_costmap]: 
2026-08-14T16:00:16: [component_container_isolated-1] 	local_costmap lifecycle node launched. 
2026-08-14T16:00:16: [component_container_isolated-1] 	Waiting on external lifecycle transitions to activate
2026-08-14T16:00:16: [component_container_isolated-1] 	See https://design.ros2.org/articles/node_lifecycle.html for more information.
2026-08-14T16:00:16: [component_container_isolated-1] [INFO] [1786690816.330495974] [local_costmap.local_costmap]: Creating Costmap
2026-08-14T16:00:16: [INFO] [launch_ros.actions.load_composable_nodes]: Loaded node '/controller_server' in container '/nav2_container'
2026-08-14T16:00:16: [component_container_isolated-1] [INFO] [1786690816.347062292] [nav2_container]: Load Library: /opt/ros/humble/lib/libamcl_core.so
2026-08-14T16:00:16: [component_container_isolated-1] [WARN] [1786690816.354295123] [rclcpp]: Failed to set parameter: parameter 'FollowPath.max_vel_x' cannot be set because it was not declared
2026-08-14T16:00:16: [component_container_isolated-1] [INFO] [1786690816.355538103] [nav2_container]: Found class: rclcpp_components::NodeFactoryTemplate<nav2_amcl::AmclNode>
2026-08-14T16:00:16: [component_container_isolated-1] [INFO] [1786690816.355668321] [nav2_container]: Instantiate class: rclcpp_components::NodeFactoryTemplate<nav2_amcl::AmclNode>
2026-08-14T16:00:16: [component_container_isolated-1] [INFO] [1786690816.440496538] [amcl]: 
2026-08-14T16:00:16: [component_container_isolated-1] 	amcl lifecycle node launched. 
2026-08-14T16:00:16: [component_container_isolated-1] 	Waiting on external lifecycle transitions to activate
2026-08-14T16:00:16: [component_container_isolated-1] 	See https://design.ros2.org/articles/node_lifecycle.html for more information.
2026-08-14T16:00:16: [component_container_isolated-1] [INFO] [1786690816.451926683] [amcl]: Creating
2026-08-14T16:00:16: [INFO] [launch_ros.actions.load_composable_nodes]: Loaded node '/amcl' in container '/nav2_container'
2026-08-14T16:00:16: [component_container_isolated-1] [INFO] [1786690816.485757966] [nav2_container]: Load Library: /opt/ros/humble/lib/libsmoother_server_core.so
2026-08-14T16:00:16: [component_container_isolated-1] [INFO] [1786690816.490851326] [nav2_container]: Found class: rclcpp_components::NodeFactoryTemplate<nav2_smoother::SmootherServer>
2026-08-14T16:00:16: [component_container_isolated-1] [INFO] [1786690816.491081430] [nav2_container]: Instantiate class: rclcpp_components::NodeFactoryTemplate<nav2_smoother::SmootherServer>
2026-08-14T16:00:16: [component_container_isolated-1] [INFO] [1786690816.546560485] [smoother_server]: 
2026-08-14T16:00:16: [component_container_isolated-1] 	smoother_server lifecycle node launched. 
2026-08-14T16:00:16: [component_container_isolated-1] 	Waiting on external lifecycle transitions to activate
2026-08-14T16:00:16: [component_container_isolated-1] 	See https://design.ros2.org/articles/node_lifecycle.html for more information.
2026-08-14T16:00:16: [component_container_isolated-1] [INFO] [1786690816.577626538] [smoother_server]: Creating smoother server
2026-08-14T16:00:16: [INFO] [launch_ros.actions.load_composable_nodes]: Loaded node '/smoother_server' in container '/nav2_container'
2026-08-14T16:00:16: [component_container_isolated-1] [INFO] [1786690816.584303794] [nav2_container]: Load Library: /opt/ros/humble/lib/libnav2_lifecycle_manager_core.so
2026-08-14T16:00:16: [component_container_isolated-1] [INFO] [1786690816.587788278] [nav2_container]: Found class: rclcpp_components::NodeFactoryTemplate<nav2_lifecycle_manager::LifecycleManager>
2026-08-14T16:00:16: [component_container_isolated-1] [INFO] [1786690816.587931811] [nav2_container]: Instantiate class: rclcpp_components::NodeFactoryTemplate<nav2_lifecycle_manager::LifecycleManager>
2026-08-14T16:00:16: [component_container_isolated-1] [INFO] [1786690816.630269273] [lifecycle_manager_localization]: Creating
2026-08-14T16:00:16: [INFO] [launch_ros.actions.load_composable_nodes]: Loaded node '/lifecycle_manager_localization' in container '/nav2_container'
2026-08-14T16:00:16: [component_container_isolated-1] [INFO] [1786690816.650646677] [nav2_container]: Load Library: /opt/ros/humble/lib/libplanner_server_core.so
2026-08-14T16:00:16: [component_container_isolated-1] [INFO] [1786690816.653394425] [nav2_container]: Found class: rclcpp_components::NodeFactoryTemplate<nav2_planner::PlannerServer>
2026-08-14T16:00:16: [component_container_isolated-1] [INFO] [1786690816.653543902] [nav2_container]: Instantiate class: rclcpp_components::NodeFactoryTemplate<nav2_planner::PlannerServer>
2026-08-14T16:00:16: [component_container_isolated-1] [INFO] [1786690816.657538204] [lifecycle_manager_localization]: [34m[1mCreating and initializing lifecycle service clients[0m[0m
2026-08-14T16:00:16: [component_container_isolated-1] [INFO] [1786690816.711986717] [lifecycle_manager_localization]: [34m[1mStarting managed nodes bringup...[0m[0m
2026-08-14T16:00:16: [component_container_isolated-1] [INFO] [1786690816.713448004] [lifecycle_manager_localization]: [34m[1mConfiguring map_server[0m[0m
2026-08-14T16:00:16: [component_container_isolated-1] [INFO] [1786690816.716585055] [map_server]: Configuring
2026-08-14T16:00:16: [component_container_isolated-1] [INFO] [1786690816.716923378] [map_io]: Loading yaml file: /home/yeyu/yeyu_ws/src/yeyu_navigation2/map/yeyu_map1.yaml
2026-08-14T16:00:16: [component_container_isolated-1] [INFO] [1786690816.718959148] [map_io]: resolution: 0.05
2026-08-14T16:00:16: [component_container_isolated-1] [INFO] [1786690816.719166697] [map_io]: origin[0]: -8.47
2026-08-14T16:00:16: [component_container_isolated-1] [INFO] [1786690816.719197474] [map_io]: origin[1]: -9.45
2026-08-14T16:00:16: [component_container_isolated-1] [INFO] [1786690816.719220973] [map_io]: origin[2]: 0
2026-08-14T16:00:16: [component_container_isolated-1] [INFO] [1786690816.719244547] [map_io]: free_thresh: 0.25
2026-08-14T16:00:16: [component_container_isolated-1] [INFO] [1786690816.719267490] [map_io]: occupied_thresh: 0.65
2026-08-14T16:00:16: [component_container_isolated-1] [INFO] [1786690816.719302249] [map_io]: mode: trinary
2026-08-14T16:00:16: [component_container_isolated-1] [INFO] [1786690816.719328211] [map_io]: negate: 0
2026-08-14T16:00:16: [component_container_isolated-1] [INFO] [1786690816.720040337] [map_io]: Loading image_file: /home/yeyu/yeyu_ws/src/yeyu_navigation2/map/yeyu_map1.pgm
2026-08-14T16:00:16: [component_container_isolated-1] [INFO] [1786690816.756908784] [planner_server]: 
2026-08-14T16:00:16: [component_container_isolated-1] 	planner_server lifecycle node launched. 
2026-08-14T16:00:16: [component_container_isolated-1] 	Waiting on external lifecycle transitions to activate
2026-08-14T16:00:16: [component_container_isolated-1] 	See https://design.ros2.org/articles/node_lifecycle.html for more information.
2026-08-14T16:00:16: [component_container_isolated-1] [INFO] [1786690816.796711270] [planner_server]: Creating
2026-08-14T16:00:16: [component_container_isolated-1] [INFO] [1786690816.833664826] [map_io]: Read map /home/yeyu/yeyu_ws/src/yeyu_navigation2/map/yeyu_map1.pgm: 371 X 353 map @ 0.05 m/cell
2026-08-14T16:00:16: [component_container_isolated-1] [INFO] [1786690816.878278959] [lifecycle_manager_localization]: [34m[1mConfiguring amcl[0m[0m
2026-08-14T16:00:16: [component_container_isolated-1] [INFO] [1786690816.878976400] [amcl]: Configuring
2026-08-14T16:00:16: [component_container_isolated-1] [INFO] [1786690816.879380424] [amcl]: initTransforms
2026-08-14T16:00:16: [component_container_isolated-1] [INFO] [1786690816.959662375] [global_costmap.global_costmap]: 
2026-08-14T16:00:16: [component_container_isolated-1] 	global_costmap lifecycle node launched. 
2026-08-14T16:00:16: [component_container_isolated-1] 	Waiting on external lifecycle transitions to activate
2026-08-14T16:00:16: [component_container_isolated-1] 	See https://design.ros2.org/articles/node_lifecycle.html for more information.
2026-08-14T16:00:16: [component_container_isolated-1] [INFO] [1786690816.968175463] [amcl]: initPubSub
2026-08-14T16:00:16: [component_container_isolated-1] [INFO] [1786690816.969027733] [global_costmap.global_costmap]: Creating Costmap
2026-08-14T16:00:17: [component_container_isolated-1] [INFO] [1786690817.006617158] [amcl]: Subscribed to map topic.
2026-08-14T16:00:17: [component_container_isolated-1] [INFO] [1786690817.019690048] [lifecycle_manager_localization]: [34m[1mActivating map_server[0m[0m
2026-08-14T16:00:17: [component_container_isolated-1] [INFO] [1786690817.025480165] [map_server]: Activating
2026-08-14T16:00:17: [component_container_isolated-1] [INFO] [1786690817.026508966] [map_server]: Creating bond (map_server) to lifecycle manager.
2026-08-14T16:00:17: [component_container_isolated-1] [INFO] [1786690817.027301609] [amcl]: Received a 371 X 353 map @ 0.050 m/pix
2026-08-14T16:00:17: [INFO] [launch_ros.actions.load_composable_nodes]: Loaded node '/planner_server' in container '/nav2_container'
2026-08-14T16:00:17: [component_container_isolated-1] [INFO] [1786690817.052712376] [nav2_container]: Load Library: /opt/ros/humble/lib/libbehavior_server_core.so
2026-08-14T16:00:17: [component_container_isolated-1] [INFO] [1786690817.073439714] [nav2_container]: Found class: rclcpp_components::NodeFactoryTemplate<behavior_server::BehaviorServer>
2026-08-14T16:00:17: [component_container_isolated-1] [INFO] [1786690817.073628171] [nav2_container]: Instantiate class: rclcpp_components::NodeFactoryTemplate<behavior_server::BehaviorServer>
2026-08-14T16:00:17: [component_container_isolated-1] [INFO] [1786690817.151083342] [lifecycle_manager_localization]: Server map_server connected with bond.
2026-08-14T16:00:17: [component_container_isolated-1] [INFO] [1786690817.151244615] [lifecycle_manager_localization]: [34m[1mActivating amcl[0m[0m
2026-08-14T16:00:17: [component_container_isolated-1] [INFO] [1786690817.151751896] [amcl]: Activating
2026-08-14T16:00:17: [component_container_isolated-1] [INFO] [1786690817.151922890] [amcl]: Creating bond (amcl) to lifecycle manager.
2026-08-14T16:00:17: [component_container_isolated-1] [INFO] [1786690817.153348568] [behavior_server]: 
2026-08-14T16:00:17: [component_container_isolated-1] 	behavior_server lifecycle node launched. 
2026-08-14T16:00:17: [component_container_isolated-1] 	Waiting on external lifecycle transitions to activate
2026-08-14T16:00:17: [component_container_isolated-1] 	See https://design.ros2.org/articles/node_lifecycle.html for more information.
2026-08-14T16:00:17: [INFO] [launch_ros.actions.load_composable_nodes]: Loaded node '/behavior_server' in container '/nav2_container'
2026-08-14T16:00:17: [component_container_isolated-1] [INFO] [1786690817.203116524] [nav2_container]: Load Library: /opt/ros/humble/lib/libbt_navigator_core.so
2026-08-14T16:00:17: [component_container_isolated-1] [INFO] [1786690817.209308666] [nav2_container]: Found class: rclcpp_components::NodeFactoryTemplate<nav2_bt_navigator::BtNavigator>
2026-08-14T16:00:17: [component_container_isolated-1] [INFO] [1786690817.209541695] [nav2_container]: Instantiate class: rclcpp_components::NodeFactoryTemplate<nav2_bt_navigator::BtNavigator>
2026-08-14T16:00:17: [component_container_isolated-1] [INFO] [1786690817.266040331] [lifecycle_manager_localization]: Server amcl connected with bond.
2026-08-14T16:00:17: [component_container_isolated-1] [INFO] [1786690817.266223104] [lifecycle_manager_localization]: [34m[1mManaged nodes are active[0m[0m
2026-08-14T16:00:17: [component_container_isolated-1] [INFO] [1786690817.266296675] [lifecycle_manager_localization]: [34m[1mCreating bond timer...[0m[0m
2026-08-14T16:00:17: [component_container_isolated-1] [INFO] [1786690817.329758984] [bt_navigator]: 
2026-08-14T16:00:17: [component_container_isolated-1] 	bt_navigator lifecycle node launched. 
2026-08-14T16:00:17: [component_container_isolated-1] 	Waiting on external lifecycle transitions to activate
2026-08-14T16:00:17: [component_container_isolated-1] 	See https://design.ros2.org/articles/node_lifecycle.html for more information.
2026-08-14T16:00:17: [component_container_isolated-1] [INFO] [1786690817.364255007] [bt_navigator]: Creating
2026-08-14T16:00:17: [INFO] [launch_ros.actions.load_composable_nodes]: Loaded node '/bt_navigator' in container '/nav2_container'
2026-08-14T16:00:17: [component_container_isolated-1] [INFO] [1786690817.406732041] [nav2_container]: Load Library: /opt/ros/humble/lib/libwaypoint_follower_core.so
2026-08-14T16:00:17: [component_container_isolated-1] [INFO] [1786690817.409275499] [nav2_container]: Found class: rclcpp_components::NodeFactoryTemplate<nav2_waypoint_follower::WaypointFollower>
2026-08-14T16:00:17: [component_container_isolated-1] [INFO] [1786690817.409416902] [nav2_container]: Instantiate class: rclcpp_components::NodeFactoryTemplate<nav2_waypoint_follower::WaypointFollower>
2026-08-14T16:00:17: [component_container_isolated-1] [INFO] [1786690817.523557879] [waypoint_follower]: 
2026-08-14T16:00:17: [component_container_isolated-1] 	waypoint_follower lifecycle node launched. 
2026-08-14T16:00:17: [component_container_isolated-1] 	Waiting on external lifecycle transitions to activate
2026-08-14T16:00:17: [component_container_isolated-1] 	See https://design.ros2.org/articles/node_lifecycle.html for more information.
2026-08-14T16:00:17: [component_container_isolated-1] [INFO] [1786690817.532937996] [waypoint_follower]: Creating
2026-08-14T16:00:17: [INFO] [launch_ros.actions.load_composable_nodes]: Loaded node '/waypoint_follower' in container '/nav2_container'
2026-08-14T16:00:17: [component_container_isolated-1] [INFO] [1786690817.571504855] [nav2_container]: Load Library: /opt/ros/humble/lib/libvelocity_smoother_core.so
2026-08-14T16:00:17: [component_container_isolated-1] [INFO] [1786690817.576600252] [nav2_container]: Found class: rclcpp_components::NodeFactoryTemplate<nav2_velocity_smoother::VelocitySmoother>
2026-08-14T16:00:17: [component_container_isolated-1] [INFO] [1786690817.577004258] [nav2_container]: Instantiate class: rclcpp_components::NodeFactoryTemplate<nav2_velocity_smoother::VelocitySmoother>
2026-08-14T16:00:17: [ERROR] [rviz2-2]: process has died [pid 4612, exit code -6, cmd '/opt/ros/humble/lib/rviz2/rviz2 -d /home/yeyu/yeyu_ws/install/yeyu_navigation2/share/yeyu_navigation2/rviz/tb3_navigation2.rviz --ros-args -r __node:=rviz2 --params-file /tmp/launch_params_9limumkq'].
2026-08-14T16:00:17: [component_container_isolated-1] [INFO] [1786690817.646395346] [velocity_smoother]: 
2026-08-14T16:00:17: [component_container_isolated-1] 	velocity_smoother lifecycle node launched. 
2026-08-14T16:00:17: [component_container_isolated-1] 	Waiting on external lifecycle transitions to activate
2026-08-14T16:00:17: [component_container_isolated-1] 	See https://design.ros2.org/articles/node_lifecycle.html for more information.
2026-08-14T16:00:17: [INFO] [launch_ros.actions.load_composable_nodes]: Loaded node '/velocity_smoother' in container '/nav2_container'
2026-08-14T16:00:17: [component_container_isolated-1] [INFO] [1786690817.668510012] [nav2_container]: Found class: rclcpp_components::NodeFactoryTemplate<nav2_lifecycle_manager::LifecycleManager>
2026-08-14T16:00:17: [component_container_isolated-1] [INFO] [1786690817.668687340] [nav2_container]: Instantiate class: rclcpp_components::NodeFactoryTemplate<nav2_lifecycle_manager::LifecycleManager>
2026-08-14T16:00:17: [component_container_isolated-1] [INFO] [1786690817.703497278] [lifecycle_manager_navigation]: Creating
2026-08-14T16:00:17: [component_container_isolated-1] [INFO] [1786690817.715020810] [lifecycle_manager_navigation]: [34m[1mCreating and initializing lifecycle service clients[0m[0m
2026-08-14T16:00:17: [INFO] [launch_ros.actions.load_composable_nodes]: Loaded node '/lifecycle_manager_navigation' in container '/nav2_container'
2026-08-14T16:00:17: [component_container_isolated-1] [INFO] [1786690817.767565290] [lifecycle_manager_navigation]: [34m[1mStarting managed nodes bringup...[0m[0m
2026-08-14T16:00:17: [component_container_isolated-1] [INFO] [1786690817.767826579] [lifecycle_manager_navigation]: [34m[1mConfiguring controller_server[0m[0m
2026-08-14T16:00:17: [component_container_isolated-1] [INFO] [1786690817.769513415] [controller_server]: Configuring controller interface
2026-08-14T16:00:17: [component_container_isolated-1] [INFO] [1786690817.770110360] [controller_server]: getting goal checker plugins..
2026-08-14T16:00:17: [component_container_isolated-1] [INFO] [1786690817.770534921] [controller_server]: Controller frequency set to 10.0000Hz
2026-08-14T16:00:17: [component_container_isolated-1] [INFO] [1786690817.770716730] [local_costmap.local_costmap]: Configuring
2026-08-14T16:00:17: [component_container_isolated-1] [INFO] [1786690817.798322466] [local_costmap.local_costmap]: Using plugin "obstacle_layer"
2026-08-14T16:00:17: [component_container_isolated-1] [INFO] [1786690817.816953758] [local_costmap.local_costmap]: Subscribed to Topics: scan
2026-08-14T16:00:17: [component_container_isolated-1] [INFO] [1786690817.845295916] [local_costmap.local_costmap]: Initialized plugin "obstacle_layer"
2026-08-14T16:00:17: [component_container_isolated-1] [INFO] [1786690817.845507206] [local_costmap.local_costmap]: Using plugin "voxel_layer"
2026-08-14T16:00:17: [component_container_isolated-1] [INFO] [1786690817.853776782] [local_costmap.local_costmap]: Subscribed to Topics: scan
2026-08-14T16:00:17: [component_container_isolated-1] [INFO] [1786690817.919729718] [local_costmap.local_costmap]: Initialized plugin "voxel_layer"
2026-08-14T16:00:17: [component_container_isolated-1] [INFO] [1786690817.919887546] [local_costmap.local_costmap]: Using plugin "inflation_layer"
2026-08-14T16:00:17: [component_container_isolated-1] [INFO] [1786690817.927100600] [local_costmap.local_costmap]: Initialized plugin "inflation_layer"
2026-08-14T16:00:17: [component_container_isolated-1] [INFO] [1786690817.990783273] [controller_server]: Created progress_checker : progress_checker of type nav2_controller::SimpleProgressChecker
2026-08-14T16:00:18: [component_container_isolated-1] [INFO] [1786690818.003849534] [controller_server]: Created goal checker : general_goal_checker of type nav2_controller::SimpleGoalChecker
2026-08-14T16:00:18: [component_container_isolated-1] [INFO] [1786690818.009593097] [controller_server]: Controller Server has general_goal_checker  goal checkers available.
2026-08-14T16:00:18: [component_container_isolated-1] [INFO] [1786690818.032965058] [controller_server]: Created controller : FollowPath of type dwb_core::DWBLocalPlanner
2026-08-14T16:00:18: [component_container_isolated-1] [INFO] [1786690818.047562013] [controller_server]: Setting transform_tolerance to 0.200000
2026-08-14T16:00:18: [component_container_isolated-1] [INFO] [1786690818.156160703] [controller_server]: Using critic "RotateToGoal" (dwb_critics::RotateToGoalCritic)
2026-08-14T16:00:18: [component_container_isolated-1] [INFO] [1786690818.166920833] [controller_server]: Critic plugin initialized
2026-08-14T16:00:18: [component_container_isolated-1] [INFO] [1786690818.169588768] [controller_server]: Using critic "Oscillation" (dwb_critics::OscillationCritic)
2026-08-14T16:00:18: [component_container_isolated-1] [INFO] [1786690818.171857606] [controller_server]: Critic plugin initialized
2026-08-14T16:00:18: [component_container_isolated-1] [INFO] [1786690818.172462272] [controller_server]: Using critic "BaseObstacle" (dwb_critics::BaseObstacleCritic)
2026-08-14T16:00:18: [component_container_isolated-1] [INFO] [1786690818.173324912] [controller_server]: Critic plugin initialized
2026-08-14T16:00:18: [component_container_isolated-1] [INFO] [1786690818.173938356] [controller_server]: Using critic "GoalAlign" (dwb_critics::GoalAlignCritic)
2026-08-14T16:00:18: [component_container_isolated-1] [INFO] [1786690818.175705023] [controller_server]: Critic plugin initialized
2026-08-14T16:00:18: [component_container_isolated-1] [INFO] [1786690818.176478259] [controller_server]: Using critic "PathAlign" (dwb_critics::PathAlignCritic)
2026-08-14T16:00:18: [component_container_isolated-1] [INFO] [1786690818.177712498] [controller_server]: Critic plugin initialized
2026-08-14T16:00:18: [component_container_isolated-1] [INFO] [1786690818.178195761] [controller_server]: Using critic "PathDist" (dwb_critics::PathDistCritic)
2026-08-14T16:00:18: [component_container_isolated-1] [INFO] [1786690818.182958632] [controller_server]: Critic plugin initialized
2026-08-14T16:00:18: [component_container_isolated-1] [INFO] [1786690818.183637685] [controller_server]: Using critic "GoalDist" (dwb_critics::GoalDistCritic)
2026-08-14T16:00:18: [component_container_isolated-1] [INFO] [1786690818.185168119] [controller_server]: Critic plugin initialized
2026-08-14T16:00:18: [component_container_isolated-1] [INFO] [1786690818.185354835] [controller_server]: Controller Server has FollowPath  controllers available.
2026-08-14T16:00:18: [component_container_isolated-1] [INFO] [1786690818.229582669] [lifecycle_manager_navigation]: [34m[1mConfiguring smoother_server[0m[0m
2026-08-14T16:00:18: [component_container_isolated-1] [INFO] [1786690818.232964416] [smoother_server]: Configuring smoother server
2026-08-14T16:00:18: [component_container_isolated-1] [INFO] [1786690818.273577954] [smoother_server]: Created smoother : simple_smoother of type nav2_smoother::SimpleSmoother
2026-08-14T16:00:18: [component_container_isolated-1] [INFO] [1786690818.288716262] [smoother_server]: Smoother Server has simple_smoother  smoothers available.
2026-08-14T16:00:18: [component_container_isolated-1] [INFO] [1786690818.317208435] [lifecycle_manager_navigation]: [34m[1mConfiguring planner_server[0m[0m
2026-08-14T16:00:18: [component_container_isolated-1] [INFO] [1786690818.318531209] [planner_server]: Configuring
2026-08-14T16:00:18: [component_container_isolated-1] [INFO] [1786690818.318923789] [global_costmap.global_costmap]: Configuring
2026-08-14T16:00:18: [component_container_isolated-1] [INFO] [1786690818.344509793] [global_costmap.global_costmap]: Using plugin "static_layer"
2026-08-14T16:00:18: [component_container_isolated-1] [INFO] [1786690818.356896075] [global_costmap.global_costmap]: Subscribing to the map topic (/map) with transient local durability
2026-08-14T16:00:18: [component_container_isolated-1] [INFO] [1786690818.360900285] [global_costmap.global_costmap]: Initialized plugin "static_layer"
2026-08-14T16:00:18: [component_container_isolated-1] [INFO] [1786690818.361631855] [global_costmap.global_costmap]: Using plugin "obstacle_layer"
2026-08-14T16:00:18: [component_container_isolated-1] [INFO] [1786690818.378368725] [global_costmap.global_costmap]: Subscribed to Topics: scan
2026-08-14T16:00:18: [component_container_isolated-1] [INFO] [1786690818.432590248] [global_costmap.global_costmap]: Initialized plugin "obstacle_layer"
2026-08-14T16:00:18: [component_container_isolated-1] [INFO] [1786690818.432801612] [global_costmap.global_costmap]: Using plugin "voxel_layer"
2026-08-14T16:00:18: [component_container_isolated-1] [INFO] [1786690818.446667942] [global_costmap.global_costmap]: Subscribed to Topics: scan
2026-08-14T16:00:18: [component_container_isolated-1] [INFO] [1786690818.502224665] [global_costmap.global_costmap]: Initialized plugin "voxel_layer"
2026-08-14T16:00:18: [component_container_isolated-1] [INFO] [1786690818.502413844] [global_costmap.global_costmap]: Using plugin "inflation_layer"
2026-08-14T16:00:18: [component_container_isolated-1] [INFO] [1786690818.517140443] [global_costmap.global_costmap]: Initialized plugin "inflation_layer"
2026-08-14T16:00:18: [component_container_isolated-1] [INFO] [1786690818.555889131] [planner_server]: Created global planner plugin GridBased of type nav2_navfn_planner/NavfnPlanner
2026-08-14T16:00:18: [component_container_isolated-1] [INFO] [1786690818.560564894] [planner_server]: Configuring plugin GridBased of type NavfnPlanner
2026-08-14T16:00:18: [component_container_isolated-1] [INFO] [1786690818.560329938] [global_costmap.global_costmap]: StaticLayer: Resizing costmap to 371 X 353 at 0.050000 m/pix
2026-08-14T16:00:18: [component_container_isolated-1] [INFO] [1786690818.577614810] [planner_server]: Planner Server has GridBased  planners available.
2026-08-14T16:00:18: [component_container_isolated-1] [INFO] [1786690818.624507968] [lifecycle_manager_navigation]: [34m[1mConfiguring behavior_server[0m[0m
2026-08-14T16:00:18: [component_container_isolated-1] [INFO] [1786690818.625161818] [behavior_server]: Configuring
2026-08-14T16:00:18: [component_container_isolated-1] [INFO] [1786690818.649406233] [behavior_server]: Creating behavior plugin spin of type nav2_behaviors/Spin
2026-08-14T16:00:18: [component_container_isolated-1] [INFO] [1786690818.658395547] [behavior_server]: Configuring spin
2026-08-14T16:00:18: [component_container_isolated-1] [INFO] [1786690818.699981796] [behavior_server]: Creating behavior plugin backup of type nav2_behaviors/BackUp
2026-08-14T16:00:18: [component_container_isolated-1] [INFO] [1786690818.709980893] [behavior_server]: Configuring backup
2026-08-14T16:00:18: [component_container_isolated-1] [INFO] [1786690818.757156320] [behavior_server]: Creating behavior plugin drive_on_heading of type nav2_behaviors/DriveOnHeading
2026-08-14T16:00:18: [component_container_isolated-1] [INFO] [1786690818.767885006] [behavior_server]: Configuring drive_on_heading
2026-08-14T16:00:18: [component_container_isolated-1] [INFO] [1786690818.811829830] [behavior_server]: Creating behavior plugin wait of type nav2_behaviors/Wait
2026-08-14T16:00:18: [component_container_isolated-1] [INFO] [1786690818.821575565] [behavior_server]: Configuring wait
2026-08-14T16:00:18: [component_container_isolated-1] [INFO] [1786690818.867886185] [lifecycle_manager_navigation]: [34m[1mConfiguring bt_navigator[0m[0m
2026-08-14T16:00:18: [component_container_isolated-1] [INFO] [1786690818.869220496] [bt_navigator]: Configuring
2026-08-14T16:00:19: [component_container_isolated-1] [INFO] [1786690819.340709824] [lifecycle_manager_navigation]: [34m[1mConfiguring waypoint_follower[0m[0m
2026-08-14T16:00:19: [component_container_isolated-1] [INFO] [1786690819.341750458] [waypoint_follower]: Configuring
2026-08-14T16:00:19: [component_container_isolated-1] [INFO] [1786690819.421329569] [waypoint_follower]: Created waypoint_task_executor : wait_at_waypoint of type nav2_waypoint_follower::WaitAtWaypoint
2026-08-14T16:00:19: [component_container_isolated-1] [INFO] [1786690819.425933131] [lifecycle_manager_navigation]: [34m[1mConfiguring velocity_smoother[0m[0m
2026-08-14T16:00:19: [component_container_isolated-1] [INFO] [1786690819.426654553] [velocity_smoother]: Configuring velocity smoother
2026-08-14T16:00:19: [component_container_isolated-1] [INFO] [1786690819.463366046] [lifecycle_manager_navigation]: [34m[1mActivating controller_server[0m[0m
2026-08-14T16:00:19: [component_container_isolated-1] [INFO] [1786690819.464156892] [controller_server]: Activating
2026-08-14T16:00:19: [component_container_isolated-1] [INFO] [1786690819.464366015] [local_costmap.local_costmap]: Activating
2026-08-14T16:00:19: [component_container_isolated-1] [INFO] [1786690819.464501585] [local_costmap.local_costmap]: Checking transform
2026-08-14T16:00:19: [component_container_isolated-1] [INFO] [1786690819.464645969] [local_costmap.local_costmap]: Timed out waiting for transform from base_link to odom to become available, tf error: Invalid frame ID "odom" passed to canTransform argument target_frame - frame does not exist
2026-08-14T16:00:19: [component_container_isolated-1] [INFO] [1786690819.964708251] [local_costmap.local_costmap]: Timed out waiting for transform from base_link to odom to become available, tf error: Invalid frame ID "odom" passed to canTransform argument target_frame - frame does not exist
2026-08-14T16:00:20: [component_container_isolated-1] [INFO] [1786690820.464761735] [local_costmap.local_costmap]: Timed out waiting for transform from base_link to odom to become available, tf error: Invalid frame ID "odom" passed to canTransform argument target_frame - frame does not exist
2026-08-14T16:00:20: [component_container_isolated-1] [INFO] [1786690820.964753722] [local_costmap.local_costmap]: Timed out waiting for transform from base_link to odom to become available, tf error: Invalid frame ID "odom" passed to canTransform argument target_frame - frame does not exist
2026-08-14T16:00:21: [component_container_isolated-1] [INFO] [1786690821.464836464] [local_costmap.local_costmap]: Timed out waiting for transform from base_link to odom to become available, tf error: Invalid frame ID "odom" passed to canTransform argument target_frame - frame does not exist
2026-08-14T16:00:21: [component_container_isolated-1] [INFO] [1786690821.964700751] [local_costmap.local_costmap]: Timed out waiting for transform from base_link to odom to become available, tf error: Invalid frame ID "odom" passed to canTransform argument target_frame - frame does not exist
2026-08-14T16:00:22: [component_container_isolated-1] [INFO] [1786690822.464705568] [local_costmap.local_costmap]: Timed out waiting for transform from base_link to odom to become available, tf error: Invalid frame ID "odom" passed to canTransform argument target_frame - frame does not exist
2026-08-14T16:00:22: [component_container_isolated-1] [INFO] [1786690822.964699054] [local_costmap.local_costmap]: Timed out waiting for transform from base_link to odom to become available, tf error: Invalid frame ID "odom" passed to canTransform argument target_frame - frame does not exist
2026-08-14T16:00:23: [component_container_isolated-1] [INFO] [1786690823.464689019] [local_costmap.local_costmap]: Timed out waiting for transform from base_link to odom to become available, tf error: Invalid frame ID "odom" passed to canTransform argument target_frame - frame does not exist
2026-08-14T16:00:23: [component_container_isolated-1] [INFO] [1786690823.964697615] [local_costmap.local_costmap]: Timed out waiting for transform from base_link to odom to become available, tf error: Invalid frame ID "odom" passed to canTransform argument target_frame - frame does not exist
2026-08-14T16:00:24: [component_container_isolated-1] [INFO] [1786690824.464710171] [local_costmap.local_costmap]: Timed out waiting for transform from base_link to odom to become available, tf error: Invalid frame ID "odom" passed to canTransform argument target_frame - frame does not exist
2026-08-14T16:00:24: [component_container_isolated-1] [INFO] [1786690824.964699507] [local_costmap.local_costmap]: Timed out waiting for transform from base_link to odom to become available, tf error: Invalid frame ID "odom" passed to canTransform argument target_frame - frame does not exist
2026-08-14T16:00:25: [component_container_isolated-1] [INFO] [1786690825.464738302] [local_costmap.local_costmap]: Timed out waiting for transform from base_link to odom to become available, tf error: Invalid frame ID "odom" passed to canTransform argument target_frame - frame does not exist
2026-08-14T16:00:25: [component_container_isolated-1] [INFO] [1786690825.964709452] [local_costmap.local_costmap]: Timed out waiting for transform from base_link to odom to become available, tf error: Invalid frame ID "odom" passed to canTransform argument target_frame - frame does not exist
2026-08-14T16:00:26: [component_container_isolated-1] [INFO] [1786690826.464772189] [local_costmap.local_costmap]: Timed out waiting for transform from base_link to odom to become available, tf error: Invalid frame ID "odom" passed to canTransform argument target_frame - frame does not exist
2026-08-14T16:00:26: [component_container_isolated-1] [INFO] [1786690826.964700414] [local_costmap.local_costmap]: Timed out waiting for transform from base_link to odom to become available, tf error: Invalid frame ID "odom" passed to canTransform argument target_frame - frame does not exist
2026-08-14T16:00:27: [component_container_isolated-1] [INFO] [1786690827.464694374] [local_costmap.local_costmap]: Timed out waiting for transform from base_link to odom to become available, tf error: Invalid frame ID "odom" passed to canTransform argument target_frame - frame does not exist
2026-08-14T16:00:27: [component_container_isolated-1] [INFO] [1786690827.964698687] [local_costmap.local_costmap]: Timed out waiting for transform from base_link to odom to become available, tf error: Invalid frame ID "odom" passed to canTransform argument target_frame - frame does not exist
2026-08-14T16:00:28: [component_container_isolated-1] [INFO] [1786690828.464709905] [local_costmap.local_costmap]: Timed out waiting for transform from base_link to odom to become available, tf error: Invalid frame ID "odom" passed to canTransform argument target_frame - frame does not exist
2026-08-14T16:00:28: [component_container_isolated-1] [INFO] [1786690828.964708531] [local_costmap.local_costmap]: Timed out waiting for transform from base_link to odom to become available, tf error: Invalid frame ID "odom" passed to canTransform argument target_frame - frame does not exist
2026-08-14T16:00:29: [component_container_isolated-1] [INFO] [1786690829.464709285] [local_costmap.local_costmap]: Timed out waiting for transform from base_link to odom to become available, tf error: Invalid frame ID "odom" passed to canTransform argument target_frame - frame does not exist
2026-08-14T16:00:29: [component_container_isolated-1] [INFO] [1786690829.964720761] [local_costmap.local_costmap]: Timed out waiting for transform from base_link to odom to become available, tf error: Invalid frame ID "odom" passed to canTransform argument target_frame - frame does not exist
2026-08-14T16:00:30: [component_container_isolated-1] [INFO] [1786690830.464705494] [local_costmap.local_costmap]: Timed out waiting for transform from base_link to odom to become available, tf error: Invalid frame ID "odom" passed to canTransform argument target_frame - frame does not exist
2026-08-14T16:00:30: [component_container_isolated-1] [INFO] [1786690830.964692451] [local_costmap.local_costmap]: Timed out waiting for transform from base_link to odom to become available, tf error: Invalid frame ID "odom" passed to canTransform argument target_frame - frame does not exist
2026-08-14T16:00:31: [component_container_isolated-1] [INFO] [1786690831.464695830] [local_costmap.local_costmap]: Timed out waiting for transform from base_link to odom to become available, tf error: Invalid frame ID "odom" passed to canTransform argument target_frame - frame does not exist
2026-08-14T16:00:31: [component_container_isolated-1] [INFO] [1786690831.964713099] [local_costmap.local_costmap]: Timed out waiting for transform from base_link to odom to become available, tf error: Invalid frame ID "odom" passed to canTransform argument target_frame - frame does not exist
2026-08-14T16:00:32: [component_container_isolated-1] [INFO] [1786690832.464688329] [local_costmap.local_costmap]: Timed out waiting for transform from base_link to odom to become available, tf error: Invalid frame ID "odom" passed to canTransform argument target_frame - frame does not exist
2026-08-14T16:00:32: [component_container_isolated-1] [INFO] [1786690832.964704855] [local_costmap.local_costmap]: Timed out waiting for transform from base_link to odom to become available, tf error: Invalid frame ID "odom" passed to canTransform argument target_frame - frame does not exist
2026-08-14T16:00:33: [component_container_isolated-1] [INFO] [1786690833.464700878] [local_costmap.local_costmap]: Timed out waiting for transform from base_link to odom to become available, tf error: Invalid frame ID "odom" passed to canTransform argument target_frame - frame does not exist
2026-08-14T16:00:33: [component_container_isolated-1] [INFO] [1786690833.964698754] [local_costmap.local_costmap]: Timed out waiting for transform from base_link to odom to become available, tf error: Invalid frame ID "odom" passed to canTransform argument target_frame - frame does not exist
2026-08-14T16:00:34: [component_container_isolated-1] [INFO] [1786690834.464706016] [local_costmap.local_costmap]: Timed out waiting for transform from base_link to odom to become available, tf error: Invalid frame ID "odom" passed to canTransform argument target_frame - frame does not exist
2026-08-14T16:00:34: [component_container_isolated-1] [INFO] [1786690834.964694316] [local_costmap.local_costmap]: Timed out waiting for transform from base_link to odom to become available, tf error: Invalid frame ID "odom" passed to canTransform argument target_frame - frame does not exist
2026-08-14T16:00:35: [component_container_isolated-1] [INFO] [1786690835.464688779] [local_costmap.local_costmap]: Timed out waiting for transform from base_link to odom to become available, tf error: Invalid frame ID "odom" passed to canTransform argument target_frame - frame does not exist
2026-08-14T16:00:35: [component_container_isolated-1] [INFO] [1786690835.964702705] [local_costmap.local_costmap]: Timed out waiting for transform from base_link to odom to become available, tf error: Invalid frame ID "odom" passed to canTransform argument target_frame - frame does not exist
2026-08-14T16:00:36: [component_container_isolated-1] [INFO] [1786690836.464687832] [local_costmap.local_costmap]: Timed out waiting for transform from base_link to odom to become available, tf error: Invalid frame ID "odom" passed to canTransform argument target_frame - frame does not exist
2026-08-14T16:00:36: [component_container_isolated-1] [INFO] [1786690836.964775569] [local_costmap.local_costmap]: Timed out waiting for transform from base_link to odom to become available, tf error: Invalid frame ID "odom" passed to canTransform argument target_frame - frame does not exist
2026-08-14T16:00:37: [component_container_isolated-1] [INFO] [1786690837.464696233] [local_costmap.local_costmap]: Timed out waiting for transform from base_link to odom to become available, tf error: Invalid frame ID "odom" passed to canTransform argument target_frame - frame does not exist
2026-08-14T16:00:37: [component_container_isolated-1] [INFO] [1786690837.964690543] [local_costmap.local_costmap]: Timed out waiting for transform from base_link to odom to become available, tf error: Invalid frame ID "odom" passed to canTransform argument target_frame - frame does not exist
2026-08-14T16:00:38: [component_container_isolated-1] [INFO] [1786690838.464719479] [local_costmap.local_costmap]: Timed out waiting for transform from base_link to odom to become available, tf error: Invalid frame ID "odom" passed to canTransform argument target_frame - frame does not exist
2026-08-14T16:00:38: [component_container_isolated-1] [INFO] [1786690838.964710694] [local_costmap.local_costmap]: Timed out waiting for transform from base_link to odom to become available, tf error: Invalid frame ID "odom" passed to canTransform argument target_frame - frame does not exist
2026-08-14T16:00:39: [component_container_isolated-1] [INFO] [1786690839.464731164] [local_costmap.local_costmap]: Timed out waiting for transform from base_link to odom to become available, tf error: Invalid frame ID "odom" passed to canTransform argument target_frame - frame does not exist
2026-08-14T16:00:39: [component_container_isolated-1] [INFO] [1786690839.964704747] [local_costmap.local_costmap]: Timed out waiting for transform from base_link to odom to become available, tf error: Invalid frame ID "odom" passed to canTransform argument target_frame - frame does not exist
2026-08-14T16:00:40: [component_container_isolated-1] [INFO] [1786690840.464696659] [local_costmap.local_costmap]: Timed out waiting for transform from base_link to odom to become available, tf error: Invalid frame ID "odom" passed to canTransform argument target_frame - frame does not exist
2026-08-14T16:00:40: [component_container_isolated-1] [INFO] [1786690840.964710886] [local_costmap.local_costmap]: Timed out waiting for transform from base_link to odom to become available, tf error: Invalid frame ID "odom" passed to canTransform argument target_frame - frame does not exist
2026-08-14T16:00:41: [component_container_isolated-1] [INFO] [1786690841.464715017] [local_costmap.local_costmap]: Timed out waiting for transform from base_link to odom to become available, tf error: Invalid frame ID "odom" passed to canTransform argument target_frame - frame does not exist
2026-08-14T16:00:41: [component_container_isolated-1] [INFO] [1786690841.964684150] [local_costmap.local_costmap]: Timed out waiting for transform from base_link to odom to become available, tf error: Invalid frame ID "odom" passed to canTransform argument target_frame - frame does not exist
2026-08-14T16:00:42: [component_container_isolated-1] [INFO] [1786690842.464699166] [local_costmap.local_costmap]: Timed out waiting for transform from base_link to odom to become available, tf error: Invalid frame ID "odom" passed to canTransform argument target_frame - frame does not exist
2026-08-14T16:00:42: [component_container_isolated-1] [INFO] [1786690842.964697980] [local_costmap.local_costmap]: Timed out waiting for transform from base_link to odom to become available, tf error: Invalid frame ID "odom" passed to canTransform argument target_frame - frame does not exist
2026-08-14T16:00:43: [component_container_isolated-1] [INFO] [1786690843.464695715] [local_costmap.local_costmap]: Timed out waiting for transform from base_link to odom to become available, tf error: Invalid frame ID "odom" passed to canTransform argument target_frame - frame does not exist
2026-08-14T16:00:43: [component_container_isolated-1] [INFO] [1786690843.964700877] [local_costmap.local_costmap]: Timed out waiting for transform from base_link to odom to become available, tf error: Invalid frame ID "odom" passed to canTransform argument target_frame - frame does not exist
2026-08-14T16:00:44: [component_container_isolated-1] [INFO] [1786690844.464734848] [local_costmap.local_costmap]: Timed out waiting for transform from base_link to odom to become available, tf error: Invalid frame ID "odom" passed to canTransform argument target_frame - frame does not exist
2026-08-14T16:00:44: [component_container_isolated-1] [INFO] [1786690844.964700212] [local_costmap.local_costmap]: Timed out waiting for transform from base_link to odom to become available, tf error: Invalid frame ID "odom" passed to canTransform argument target_frame - frame does not exist
2026-08-14T16:00:45: [component_container_isolated-1] [INFO] [1786690845.464719439] [local_costmap.local_costmap]: Timed out waiting for transform from base_link to odom to become available, tf error: Invalid frame ID "odom" passed to canTransform argument target_frame - frame does not exist
2026-08-14T16:00:45: [component_container_isolated-1] [INFO] [1786690845.964741130] [local_costmap.local_costmap]: Timed out waiting for transform from base_link to odom to become available, tf error: Invalid frame ID "odom" passed to canTransform argument target_frame - frame does not exist
2026-08-14T16:00:46: [component_container_isolated-1] [INFO] [1786690846.464703448] [local_costmap.local_costmap]: Timed out waiting for transform from base_link to odom to become available, tf error: Invalid frame ID "odom" passed to canTransform argument target_frame - frame does not exist
2026-08-14T16:00:46: [component_container_isolated-1] [INFO] [1786690846.964717044] [local_costmap.local_costmap]: Timed out waiting for transform from base_link to odom to become available, tf error: Invalid frame ID "odom" passed to canTransform argument target_frame - frame does not exist
2026-08-14T16:00:47: [component_container_isolated-1] [INFO] [1786690847.464705727] [local_costmap.local_costmap]: Timed out waiting for transform from base_link to odom to become available, tf error: Invalid frame ID "odom" passed to canTransform argument target_frame - frame does not exist
2026-08-14T16:00:47: [component_container_isolated-1] [INFO] [1786690847.964690079] [local_costmap.local_costmap]: Timed out waiting for transform from base_link to odom to become available, tf error: Invalid frame ID "odom" passed to canTransform argument target_frame - frame does not exist
2026-08-14T16:00:48: [component_container_isolated-1] [INFO] [1786690848.465021063] [local_costmap.local_costmap]: Timed out waiting for transform from base_link to odom to become available, tf error: Invalid frame ID "odom" passed to canTransform argument target_frame - frame does not exist
2026-08-14T16:00:48: [component_container_isolated-1] [INFO] [1786690848.965022780] [local_costmap.local_costmap]: Timed out waiting for transform from base_link to odom to become available, tf error: Invalid frame ID "odom" passed to canTransform argument target_frame - frame does not exist
2026-08-14T16:00:49: [component_container_isolated-1] [INFO] [1786690849.464685225] [local_costmap.local_costmap]: Timed out waiting for transform from base_link to odom to become available, tf error: Invalid frame ID "odom" passed to canTransform argument target_frame - frame does not exist
2026-08-14T16:00:49: [component_container_isolated-1] [INFO] [1786690849.964694290] [local_costmap.local_costmap]: Timed out waiting for transform from base_link to odom to become available, tf error: Invalid frame ID "odom" passed to canTransform argument target_frame - frame does not exist
2026-08-14T16:00:50: [component_container_isolated-1] [INFO] [1786690850.464703183] [local_costmap.local_costmap]: Timed out waiting for transform from base_link to odom to become available, tf error: Invalid frame ID "odom" passed to canTransform argument target_frame - frame does not exist
2026-08-14T16:00:50: [component_container_isolated-1] [INFO] [1786690850.964688707] [local_costmap.local_costmap]: Timed out waiting for transform from base_link to odom to become available, tf error: Invalid frame ID "odom" passed to canTransform argument target_frame - frame does not exist
2026-08-14T16:00:51: [component_container_isolated-1] [INFO] [1786690851.464682633] [local_costmap.local_costmap]: Timed out waiting for transform from base_link to odom to become available, tf error: Invalid frame ID "odom" passed to canTransform argument target_frame - frame does not exist
2026-08-14T16:00:51: [component_container_isolated-1] [INFO] [1786690851.964688523] [local_costmap.local_costmap]: Timed out waiting for transform from base_link to odom to become available, tf error: Invalid frame ID "odom" passed to canTransform argument target_frame - frame does not exist
2026-08-14T16:00:52: [component_container_isolated-1] [INFO] [1786690852.464701518] [local_costmap.local_costmap]: Timed out waiting for transform from base_link to odom to become available, tf error: Invalid frame ID "odom" passed to canTransform argument target_frame - frame does not exist
2026-08-14T16:00:52: [component_container_isolated-1] [INFO] [1786690852.964709070] [local_costmap.local_costmap]: Timed out waiting for transform from base_link to odom to become available, tf error: Invalid frame ID "odom" passed to canTransform argument target_frame - frame does not exist
2026-08-14T16:00:53: [component_container_isolated-1] [INFO] [1786690853.465105290] [local_costmap.local_costmap]: Timed out waiting for transform from base_link to odom to become available, tf error: Invalid frame ID "odom" passed to canTransform argument target_frame - frame does not exist
2026-08-14T16:00:53: [component_container_isolated-1] [INFO] [1786690853.964693479] [local_costmap.local_costmap]: Timed out waiting for transform from base_link to odom to become available, tf error: Invalid frame ID "odom" passed to canTransform argument target_frame - frame does not exist
2026-08-14T16:00:54: [component_container_isolated-1] [INFO] [1786690854.464866720] [local_costmap.local_costmap]: Timed out waiting for transform from base_link to odom to become available, tf error: Invalid frame ID "odom" passed to canTransform argument target_frame - frame does not exist
2026-08-14T16:00:54: [component_container_isolated-1] [INFO] [1786690854.964869688] [local_costmap.local_costmap]: Timed out waiting for transform from base_link to odom to become available, tf error: Invalid frame ID "odom" passed to canTransform argument target_frame - frame does not exist
2026-08-14T16:00:55: [component_container_isolated-1] [INFO] [1786690855.465092867] [local_costmap.local_costmap]: Timed out waiting for transform from base_link to odom to become available, tf error: Invalid frame ID "odom" passed to canTransform argument target_frame - frame does not exist
2026-08-14T16:00:55: [component_container_isolated-1] [INFO] [1786690855.964848672] [local_costmap.local_costmap]: Timed out waiting for transform from base_link to odom to become available, tf error: Invalid frame ID "odom" passed to canTransform argument target_frame - frame does not exist
2026-08-14T16:00:56: [component_container_isolated-1] [INFO] [1786690856.464711004] [local_costmap.local_costmap]: Timed out waiting for transform from base_link to odom to become available, tf error: Invalid frame ID "odom" passed to canTransform argument target_frame - frame does not exist
2026-08-14T16:00:56: [component_container_isolated-1] [INFO] [1786690856.964761666] [local_costmap.local_costmap]: Timed out waiting for transform from base_link to odom to become available, tf error: Invalid frame ID "odom" passed to canTransform argument target_frame - frame does not exist
2026-08-14T16:00:57: [component_container_isolated-1] [INFO] [1786690857.464720824] [local_costmap.local_costmap]: Timed out waiting for transform from base_link to odom to become available, tf error: Invalid frame ID "odom" passed to canTransform argument target_frame - frame does not exist
2026-08-14T16:00:57: [component_container_isolated-1] [INFO] [1786690857.964701575] [local_costmap.local_costmap]: Timed out waiting for transform from base_link to odom to become available, tf error: Invalid frame ID "odom" passed to canTransform argument target_frame - frame does not exist
2026-08-14T16:00:58: [component_container_isolated-1] [INFO] [1786690858.464858018] [local_costmap.local_costmap]: Timed out waiting for transform from base_link to odom to become available, tf error: Invalid frame ID "odom" passed to canTransform argument target_frame - frame does not exist
2026-08-14T16:00:58: [component_container_isolated-1] [INFO] [1786690858.964888040] [local_costmap.local_costmap]: Timed out waiting for transform from base_link to odom to become available, tf error: Invalid frame ID "odom" passed to canTransform argument target_frame - frame does not exist
2026-08-14T16:00:59: [component_container_isolated-1] [INFO] [1786690859.464706174] [local_costmap.local_costmap]: Timed out waiting for transform from base_link to odom to become available, tf error: Invalid frame ID "odom" passed to canTransform argument target_frame - frame does not exist
2026-08-14T16:00:59: [component_container_isolated-1] [INFO] [1786690859.965133383] [local_costmap.local_costmap]: Timed out waiting for transform from base_link to odom to become available, tf error: Invalid frame ID "odom" passed to canTransform argument target_frame - frame does not exist
2026-08-14T16:01:00: [component_container_isolated-1] [INFO] [1786690860.465385739] [local_costmap.local_costmap]: Timed out waiting for transform from base_link to odom to become available, tf error: Invalid frame ID "odom" passed to canTransform argument target_frame - frame does not exist
2026-08-14T16:01:00: [component_container_isolated-1] [INFO] [1786690860.964862767] [local_costmap.local_costmap]: Timed out waiting for transform from base_link to odom to become available, tf error: Invalid frame ID "odom" passed to canTransform argument target_frame - frame does not exist
2026-08-14T16:01:01: [component_container_isolated-1] [INFO] [1786690861.464680779] [local_costmap.local_costmap]: Timed out waiting for transform from base_link to odom to become available, tf error: Invalid frame ID "odom" passed to canTransform argument target_frame - frame does not exist
2026-08-14T16:01:01: [component_container_isolated-1] [INFO] [1786690861.964846262] [local_costmap.local_costmap]: Timed out waiting for transform from base_link to odom to become available, tf error: Invalid frame ID "odom" passed to canTransform argument target_frame - frame does not exist
2026-08-14T16:01:02: [component_container_isolated-1] [INFO] [1786690862.464812671] [local_costmap.local_costmap]: Timed out waiting for transform from base_link to odom to become available, tf error: Invalid frame ID "odom" passed to canTransform argument target_frame - frame does not exist
2026-08-14T16:01:02: [component_container_isolated-1] [INFO] [1786690862.964863061] [local_costmap.local_costmap]: Timed out waiting for transform from base_link to odom to become available, tf error: Invalid frame ID "odom" passed to canTransform argument target_frame - frame does not exist
2026-08-14T16:01:03: [component_container_isolated-1] [INFO] [1786690863.464681691] [local_costmap.local_costmap]: Timed out waiting for transform from base_link to odom to become available, tf error: Invalid frame ID "odom" passed to canTransform argument target_frame - frame does not exist
2026-08-14T16:01:03: [component_container_isolated-1] [INFO] [1786690863.964690557] [local_costmap.local_costmap]: Timed out waiting for transform from base_link to odom to become available, tf error: Invalid frame ID "odom" passed to canTransform argument target_frame - frame does not exist
2026-08-14T16:01:04: [component_container_isolated-1] [INFO] [1786690864.464685047] [local_costmap.local_costmap]: Timed out waiting for transform from base_link to odom to become available, tf error: Invalid frame ID "odom" passed to canTransform argument target_frame - frame does not exist
2026-08-14T16:01:04: [component_container_isolated-1] [INFO] [1786690864.965324796] [local_costmap.local_costmap]: Timed out waiting for transform from base_link to odom to become available, tf error: Invalid frame ID "odom" passed to canTransform argument target_frame - frame does not exist
2026-08-14T16:01:05: [component_container_isolated-1] [INFO] [1786690865.464682354] [local_costmap.local_costmap]: Timed out waiting for transform from base_link to odom to become available, tf error: Invalid frame ID "odom" passed to canTransform argument target_frame - frame does not exist
2026-08-14T16:01:05: [component_container_isolated-1] [INFO] [1786690865.964727633] [local_costmap.local_costmap]: Timed out waiting for transform from base_link to odom to become available, tf error: Invalid frame ID "odom" passed to canTransform argument target_frame - frame does not exist
2026-08-14T16:01:06: [component_container_isolated-1] [INFO] [1786690866.464727815] [local_costmap.local_costmap]: Timed out waiting for transform from base_link to odom to become available, tf error: Invalid frame ID "odom" passed to canTransform argument target_frame - frame does not exist
2026-08-14T16:01:06: [component_container_isolated-1] [INFO] [1786690866.964685110] [local_costmap.local_costmap]: Timed out waiting for transform from base_link to odom to become available, tf error: Invalid frame ID "odom" passed to canTransform argument target_frame - frame does not exist
2026-08-14T16:01:07: [component_container_isolated-1] [INFO] [1786690867.464686433] [local_costmap.local_costmap]: Timed out waiting for transform from base_link to odom to become available, tf error: Invalid frame ID "odom" passed to canTransform argument target_frame - frame does not exist
2026-08-14T16:01:07: [component_container_isolated-1] [INFO] [1786690867.964695072] [local_costmap.local_costmap]: Timed out waiting for transform from base_link to odom to become available, tf error: Invalid frame ID "odom" passed to canTransform argument target_frame - frame does not exist
2026-08-14T16:01:08: [component_container_isolated-1] [INFO] [1786690868.464708074] [local_costmap.local_costmap]: Timed out waiting for transform from base_link to odom to become available, tf error: Invalid frame ID "odom" passed to canTransform argument target_frame - frame does not exist
2026-08-14T16:01:08: [component_container_isolated-1] [INFO] [1786690868.964769039] [local_costmap.local_costmap]: Timed out waiting for transform from base_link to odom to become available, tf error: Invalid frame ID "odom" passed to canTransform argument target_frame - frame does not exist
2026-08-14T16:01:09: [component_container_isolated-1] [INFO] [1786690869.464689816] [local_costmap.local_costmap]: Timed out waiting for transform from base_link to odom to become available, tf error: Invalid frame ID "odom" passed to canTransform argument target_frame - frame does not exist
2026-08-14T16:01:09: [component_container_isolated-1] [INFO] [1786690869.964706868] [local_costmap.local_costmap]: Timed out waiting for transform from base_link to odom to become available, tf error: Invalid frame ID "odom" passed to canTransform argument target_frame - frame does not exist
2026-08-14T16:01:10: [component_container_isolated-1] [INFO] [1786690870.464688229] [local_costmap.local_costmap]: Timed out waiting for transform from base_link to odom to become available, tf error: Invalid frame ID "odom" passed to canTransform argument target_frame - frame does not exist
2026-08-14T16:01:10: [WARNING] [launch]: user interrupted with ctrl-c (SIGINT)
2026-08-14T16:02:15: [05_navigation] navigation2.launch.py 시작
2026-08-14T16:02:18: [INFO] [launch]: All log files can be found below /home/yeyu/.ros/log/2026-08-14-16-02-18-106013-YEYU-4942
2026-08-14T16:02:18: [INFO] [launch]: Default logging verbosity is set to INFO
2026-08-14T16:02:23: [INFO] [component_container_isolated-1]: process started with pid [5050]
2026-08-14T16:02:23: [INFO] [rviz2-2]: process started with pid [5052]
2026-08-14T16:02:23: [rviz2-2] qt.qpa.xcb: could not connect to display 
2026-08-14T16:02:23: [rviz2-2] qt.qpa.plugin: Could not load the Qt platform plugin "xcb" in "" even though it was found.
2026-08-14T16:02:23: [rviz2-2] This application failed to start because no Qt platform plugin could be initialized. Reinstalling the application may fix this problem.
2026-08-14T16:02:23: [rviz2-2] 
2026-08-14T16:02:23: [rviz2-2] Available platform plugins are: eglfs, linuxfb, minimal, minimalegl, offscreen, vnc, xcb.
2026-08-14T16:02:23: [rviz2-2] 
2026-08-14T16:02:23: [component_container_isolated-1] [INFO] [1786690943.424516913] [nav2_container]: Load Library: /opt/ros/humble/lib/libmap_server_core.so
2026-08-14T16:02:23: [component_container_isolated-1] [INFO] [1786690943.482071723] [nav2_container]: Found class: rclcpp_components::NodeFactoryTemplate<nav2_map_server::CostmapFilterInfoServer>
2026-08-14T16:02:23: [component_container_isolated-1] [INFO] [1786690943.486224588] [nav2_container]: Found class: rclcpp_components::NodeFactoryTemplate<nav2_map_server::MapSaver>
2026-08-14T16:02:23: [component_container_isolated-1] [INFO] [1786690943.492197809] [nav2_container]: Found class: rclcpp_components::NodeFactoryTemplate<nav2_map_server::MapServer>
2026-08-14T16:02:23: [component_container_isolated-1] [INFO] [1786690943.497668248] [nav2_container]: Instantiate class: rclcpp_components::NodeFactoryTemplate<nav2_map_server::MapServer>
2026-08-14T16:02:23: [component_container_isolated-1] [INFO] [1786690943.598798131] [map_server]: 
2026-08-14T16:02:23: [component_container_isolated-1] 	map_server lifecycle node launched. 
2026-08-14T16:02:23: [component_container_isolated-1] 	Waiting on external lifecycle transitions to activate
2026-08-14T16:02:23: [component_container_isolated-1] 	See https://design.ros2.org/articles/node_lifecycle.html for more information.
2026-08-14T16:02:23: [component_container_isolated-1] [INFO] [1786690943.615405295] [map_server]: Creating
2026-08-14T16:02:23: [INFO] [launch_ros.actions.load_composable_nodes]: Loaded node '/map_server' in container '/nav2_container'
2026-08-14T16:02:23: [component_container_isolated-1] [INFO] [1786690943.624430338] [nav2_container]: Load Library: /opt/ros/humble/lib/libcontroller_server_core.so
2026-08-14T16:02:23: [component_container_isolated-1] [INFO] [1786690943.644729638] [nav2_container]: Found class: rclcpp_components::NodeFactoryTemplate<nav2_controller::ControllerServer>
2026-08-14T16:02:23: [component_container_isolated-1] [INFO] [1786690943.647956510] [nav2_container]: Instantiate class: rclcpp_components::NodeFactoryTemplate<nav2_controller::ControllerServer>
2026-08-14T16:02:23: [component_container_isolated-1] [INFO] [1786690943.746743496] [controller_server]: 
2026-08-14T16:02:23: [component_container_isolated-1] 	controller_server lifecycle node launched. 
2026-08-14T16:02:23: [component_container_isolated-1] 	Waiting on external lifecycle transitions to activate
2026-08-14T16:02:23: [component_container_isolated-1] 	See https://design.ros2.org/articles/node_lifecycle.html for more information.
2026-08-14T16:02:23: [component_container_isolated-1] [INFO] [1786690943.836987593] [controller_server]: Creating controller server
2026-08-14T16:02:23: [component_container_isolated-1] [INFO] [1786690943.903744922] [local_costmap.local_costmap]: 
2026-08-14T16:02:23: [component_container_isolated-1] 	local_costmap lifecycle node launched. 
2026-08-14T16:02:23: [component_container_isolated-1] 	Waiting on external lifecycle transitions to activate
2026-08-14T16:02:23: [component_container_isolated-1] 	See https://design.ros2.org/articles/node_lifecycle.html for more information.
2026-08-14T16:02:23: [component_container_isolated-1] [INFO] [1786690943.915412410] [local_costmap.local_costmap]: Creating Costmap
2026-08-14T16:02:23: [INFO] [launch_ros.actions.load_composable_nodes]: Loaded node '/controller_server' in container '/nav2_container'
2026-08-14T16:02:23: [component_container_isolated-1] [INFO] [1786690943.928122553] [nav2_container]: Load Library: /opt/ros/humble/lib/libamcl_core.so
2026-08-14T16:02:23: [component_container_isolated-1] [INFO] [1786690943.936450245] [nav2_container]: Found class: rclcpp_components::NodeFactoryTemplate<nav2_amcl::AmclNode>
2026-08-14T16:02:23: [component_container_isolated-1] [INFO] [1786690943.936589482] [nav2_container]: Instantiate class: rclcpp_components::NodeFactoryTemplate<nav2_amcl::AmclNode>
2026-08-14T16:02:23: [component_container_isolated-1] [WARN] [1786690943.937390163] [rclcpp]: Failed to set parameter: parameter 'FollowPath.max_vel_x' cannot be set because it was not declared
2026-08-14T16:02:24: [component_container_isolated-1] [INFO] [1786690944.035575018] [amcl]: 
2026-08-14T16:02:24: [component_container_isolated-1] 	amcl lifecycle node launched. 
2026-08-14T16:02:24: [component_container_isolated-1] 	Waiting on external lifecycle transitions to activate
2026-08-14T16:02:24: [component_container_isolated-1] 	See https://design.ros2.org/articles/node_lifecycle.html for more information.
2026-08-14T16:02:24: [component_container_isolated-1] [INFO] [1786690944.050484711] [amcl]: Creating
2026-08-14T16:02:24: [INFO] [launch_ros.actions.load_composable_nodes]: Loaded node '/amcl' in container '/nav2_container'
2026-08-14T16:02:24: [component_container_isolated-1] [INFO] [1786690944.129658360] [nav2_container]: Load Library: /opt/ros/humble/lib/libsmoother_server_core.so
2026-08-14T16:02:24: [component_container_isolated-1] [INFO] [1786690944.135233407] [nav2_container]: Found class: rclcpp_components::NodeFactoryTemplate<nav2_smoother::SmootherServer>
2026-08-14T16:02:24: [component_container_isolated-1] [INFO] [1786690944.135490178] [nav2_container]: Instantiate class: rclcpp_components::NodeFactoryTemplate<nav2_smoother::SmootherServer>
2026-08-14T16:02:24: [component_container_isolated-1] [INFO] [1786690944.274880026] [smoother_server]: 
2026-08-14T16:02:24: [component_container_isolated-1] 	smoother_server lifecycle node launched. 
2026-08-14T16:02:24: [component_container_isolated-1] 	Waiting on external lifecycle transitions to activate
2026-08-14T16:02:24: [component_container_isolated-1] 	See https://design.ros2.org/articles/node_lifecycle.html for more information.
2026-08-14T16:02:24: [component_container_isolated-1] [INFO] [1786690944.321039175] [smoother_server]: Creating smoother server
2026-08-14T16:02:24: [INFO] [launch_ros.actions.load_composable_nodes]: Loaded node '/smoother_server' in container '/nav2_container'
2026-08-14T16:02:24: [component_container_isolated-1] [INFO] [1786690944.354508717] [nav2_container]: Load Library: /opt/ros/humble/lib/libnav2_lifecycle_manager_core.so
2026-08-14T16:02:24: [component_container_isolated-1] [INFO] [1786690944.362978369] [nav2_container]: Found class: rclcpp_components::NodeFactoryTemplate<nav2_lifecycle_manager::LifecycleManager>
2026-08-14T16:02:24: [component_container_isolated-1] [INFO] [1786690944.365914157] [nav2_container]: Instantiate class: rclcpp_components::NodeFactoryTemplate<nav2_lifecycle_manager::LifecycleManager>
2026-08-14T16:02:24: [component_container_isolated-1] [INFO] [1786690944.447955688] [lifecycle_manager_localization]: Creating
2026-08-14T16:02:24: [component_container_isolated-1] [INFO] [1786690944.500313330] [nav2_container]: Load Library: /opt/ros/humble/lib/libplanner_server_core.so
2026-08-14T16:02:24: [component_container_isolated-1] [INFO] [1786690944.503418224] [nav2_container]: Found class: rclcpp_components::NodeFactoryTemplate<nav2_planner::PlannerServer>
2026-08-14T16:02:24: [component_container_isolated-1] [INFO] [1786690944.503677476] [nav2_container]: Instantiate class: rclcpp_components::NodeFactoryTemplate<nav2_planner::PlannerServer>
2026-08-14T16:02:24: [INFO] [launch_ros.actions.load_composable_nodes]: Loaded node '/lifecycle_manager_localization' in container '/nav2_container'
2026-08-14T16:02:24: [component_container_isolated-1] [INFO] [1786690944.518123941] [lifecycle_manager_localization]: [34m[1mCreating and initializing lifecycle service clients[0m[0m
2026-08-14T16:02:24: [component_container_isolated-1] [INFO] [1786690944.599624599] [lifecycle_manager_localization]: [34m[1mStarting managed nodes bringup...[0m[0m
2026-08-14T16:02:24: [component_container_isolated-1] [INFO] [1786690944.604535850] [lifecycle_manager_localization]: [34m[1mConfiguring map_server[0m[0m
2026-08-14T16:02:24: [component_container_isolated-1] [INFO] [1786690944.608470091] [map_server]: Configuring
2026-08-14T16:02:24: [component_container_isolated-1] [INFO] [1786690944.608764824] [map_io]: Loading yaml file: /home/yeyu/yeyu_ws/src/yeyu_navigation2/map/yeyu_map1.yaml
2026-08-14T16:02:24: [component_container_isolated-1] [INFO] [1786690944.609707297] [map_io]: resolution: 0.05
2026-08-14T16:02:24: [component_container_isolated-1] [INFO] [1786690944.609820628] [map_io]: origin[0]: -8.47
2026-08-14T16:02:24: [component_container_isolated-1] [INFO] [1786690944.609849997] [map_io]: origin[1]: -9.45
2026-08-14T16:02:24: [component_container_isolated-1] [INFO] [1786690944.609872978] [map_io]: origin[2]: 0
2026-08-14T16:02:24: [component_container_isolated-1] [INFO] [1786690944.609896496] [map_io]: free_thresh: 0.25
2026-08-14T16:02:24: [component_container_isolated-1] [INFO] [1786690944.609920625] [map_io]: occupied_thresh: 0.65
2026-08-14T16:02:24: [component_container_isolated-1] [INFO] [1786690944.609954198] [map_io]: mode: trinary
2026-08-14T16:02:24: [component_container_isolated-1] [INFO] [1786690944.609980253] [map_io]: negate: 0
2026-08-14T16:02:24: [component_container_isolated-1] [INFO] [1786690944.620117616] [map_io]: Loading image_file: /home/yeyu/yeyu_ws/src/yeyu_navigation2/map/yeyu_map1.pgm
2026-08-14T16:02:24: [component_container_isolated-1] [INFO] [1786690944.669971014] [planner_server]: 
2026-08-14T16:02:24: [component_container_isolated-1] 	planner_server lifecycle node launched. 
2026-08-14T16:02:24: [component_container_isolated-1] 	Waiting on external lifecycle transitions to activate
2026-08-14T16:02:24: [component_container_isolated-1] 	See https://design.ros2.org/articles/node_lifecycle.html for more information.
2026-08-14T16:02:24: [component_container_isolated-1] [INFO] [1786690944.706081334] [planner_server]: Creating
2026-08-14T16:02:24: [component_container_isolated-1] [INFO] [1786690944.763549166] [map_io]: Read map /home/yeyu/yeyu_ws/src/yeyu_navigation2/map/yeyu_map1.pgm: 371 X 353 map @ 0.05 m/cell
2026-08-14T16:02:24: [component_container_isolated-1] [INFO] [1786690944.795181519] [lifecycle_manager_localization]: [34m[1mConfiguring amcl[0m[0m
2026-08-14T16:02:24: [component_container_isolated-1] [INFO] [1786690944.795908036] [amcl]: Configuring
2026-08-14T16:02:24: [component_container_isolated-1] [INFO] [1786690944.796285192] [amcl]: initTransforms
2026-08-14T16:02:24: [component_container_isolated-1] [INFO] [1786690944.944492200] [amcl]: initPubSub
2026-08-14T16:02:24: [component_container_isolated-1] [INFO] [1786690944.976261660] [amcl]: Subscribed to map topic.
2026-08-14T16:02:25: [component_container_isolated-1] [INFO] [1786690945.031680717] [global_costmap.global_costmap]: 
2026-08-14T16:02:25: [component_container_isolated-1] 	global_costmap lifecycle node launched. 
2026-08-14T16:02:25: [component_container_isolated-1] 	Waiting on external lifecycle transitions to activate
2026-08-14T16:02:25: [component_container_isolated-1] 	See https://design.ros2.org/articles/node_lifecycle.html for more information.
2026-08-14T16:02:25: [component_container_isolated-1] [INFO] [1786690945.067765797] [global_costmap.global_costmap]: Creating Costmap
2026-08-14T16:02:25: [component_container_isolated-1] [INFO] [1786690945.069421807] [lifecycle_manager_localization]: [34m[1mActivating map_server[0m[0m
2026-08-14T16:02:25: [component_container_isolated-1] [INFO] [1786690945.071361067] [map_server]: Activating
2026-08-14T16:02:25: [component_container_isolated-1] [INFO] [1786690945.073393454] [map_server]: Creating bond (map_server) to lifecycle manager.
2026-08-14T16:02:25: [component_container_isolated-1] [INFO] [1786690945.080813561] [amcl]: Received a 371 X 353 map @ 0.050 m/pix
2026-08-14T16:02:25: [ERROR] [rviz2-2]: process has died [pid 5052, exit code -6, cmd '/opt/ros/humble/lib/rviz2/rviz2 -d /home/yeyu/yeyu_ws/install/yeyu_navigation2/share/yeyu_navigation2/rviz/tb3_navigation2.rviz --ros-args -r __node:=rviz2 --params-file /tmp/launch_params_k778p9gg'].
2026-08-14T16:02:25: [INFO] [launch_ros.actions.load_composable_nodes]: Loaded node '/planner_server' in container '/nav2_container'
2026-08-14T16:02:25: [component_container_isolated-1] [INFO] [1786690945.154764783] [nav2_container]: Load Library: /opt/ros/humble/lib/libbehavior_server_core.so
2026-08-14T16:02:25: [component_container_isolated-1] [INFO] [1786690945.171199674] [nav2_container]: Found class: rclcpp_components::NodeFactoryTemplate<behavior_server::BehaviorServer>
2026-08-14T16:02:25: [component_container_isolated-1] [INFO] [1786690945.171375003] [nav2_container]: Instantiate class: rclcpp_components::NodeFactoryTemplate<behavior_server::BehaviorServer>
2026-08-14T16:02:25: [component_container_isolated-1] [INFO] [1786690945.187135172] [lifecycle_manager_localization]: Server map_server connected with bond.
2026-08-14T16:02:25: [component_container_isolated-1] [INFO] [1786690945.187297445] [lifecycle_manager_localization]: [34m[1mActivating amcl[0m[0m
2026-08-14T16:02:25: [component_container_isolated-1] [INFO] [1786690945.187728544] [amcl]: Activating
2026-08-14T16:02:25: [component_container_isolated-1] [INFO] [1786690945.187881929] [amcl]: Creating bond (amcl) to lifecycle manager.
2026-08-14T16:02:25: [component_container_isolated-1] [INFO] [1786690945.267693338] [behavior_server]: 
2026-08-14T16:02:25: [component_container_isolated-1] 	behavior_server lifecycle node launched. 
2026-08-14T16:02:25: [component_container_isolated-1] 	Waiting on external lifecycle transitions to activate
2026-08-14T16:02:25: [component_container_isolated-1] 	See https://design.ros2.org/articles/node_lifecycle.html for more information.
2026-08-14T16:02:25: [component_container_isolated-1] [INFO] [1786690945.317896634] [lifecycle_manager_localization]: Server amcl connected with bond.
2026-08-14T16:02:25: [component_container_isolated-1] [INFO] [1786690945.318102017] [lifecycle_manager_localization]: [34m[1mManaged nodes are active[0m[0m
2026-08-14T16:02:25: [component_container_isolated-1] [INFO] [1786690945.318196478] [lifecycle_manager_localization]: [34m[1mCreating bond timer...[0m[0m
2026-08-14T16:02:25: [INFO] [launch_ros.actions.load_composable_nodes]: Loaded node '/behavior_server' in container '/nav2_container'
2026-08-14T16:02:25: [component_container_isolated-1] [INFO] [1786690945.385523645] [nav2_container]: Load Library: /opt/ros/humble/lib/libbt_navigator_core.so
2026-08-14T16:02:25: [component_container_isolated-1] [INFO] [1786690945.393649232] [nav2_container]: Found class: rclcpp_components::NodeFactoryTemplate<nav2_bt_navigator::BtNavigator>
2026-08-14T16:02:25: [component_container_isolated-1] [INFO] [1786690945.393945705] [nav2_container]: Instantiate class: rclcpp_components::NodeFactoryTemplate<nav2_bt_navigator::BtNavigator>
2026-08-14T16:02:25: [component_container_isolated-1] [INFO] [1786690945.486388427] [bt_navigator]: 
2026-08-14T16:02:25: [component_container_isolated-1] 	bt_navigator lifecycle node launched. 
2026-08-14T16:02:25: [component_container_isolated-1] 	Waiting on external lifecycle transitions to activate
2026-08-14T16:02:25: [component_container_isolated-1] 	See https://design.ros2.org/articles/node_lifecycle.html for more information.
2026-08-14T16:02:25: [component_container_isolated-1] [INFO] [1786690945.486627346] [bt_navigator]: Creating
2026-08-14T16:02:25: [INFO] [launch_ros.actions.load_composable_nodes]: Loaded node '/bt_navigator' in container '/nav2_container'
2026-08-14T16:02:25: [component_container_isolated-1] [INFO] [1786690945.512479936] [nav2_container]: Load Library: /opt/ros/humble/lib/libwaypoint_follower_core.so
2026-08-14T16:02:25: [component_container_isolated-1] [INFO] [1786690945.514644209] [nav2_container]: Found class: rclcpp_components::NodeFactoryTemplate<nav2_waypoint_follower::WaypointFollower>
2026-08-14T16:02:25: [component_container_isolated-1] [INFO] [1786690945.514823796] [nav2_container]: Instantiate class: rclcpp_components::NodeFactoryTemplate<nav2_waypoint_follower::WaypointFollower>
2026-08-14T16:02:25: [component_container_isolated-1] [INFO] [1786690945.584464232] [waypoint_follower]: 
2026-08-14T16:02:25: [component_container_isolated-1] 	waypoint_follower lifecycle node launched. 
2026-08-14T16:02:25: [component_container_isolated-1] 	Waiting on external lifecycle transitions to activate
2026-08-14T16:02:25: [component_container_isolated-1] 	See https://design.ros2.org/articles/node_lifecycle.html for more information.
2026-08-14T16:02:25: [component_container_isolated-1] [INFO] [1786690945.591209728] [waypoint_follower]: Creating
2026-08-14T16:02:25: [INFO] [launch_ros.actions.load_composable_nodes]: Loaded node '/waypoint_follower' in container '/nav2_container'
2026-08-14T16:02:25: [component_container_isolated-1] [INFO] [1786690945.603937982] [nav2_container]: Load Library: /opt/ros/humble/lib/libvelocity_smoother_core.so
2026-08-14T16:02:25: [component_container_isolated-1] [INFO] [1786690945.606713867] [nav2_container]: Found class: rclcpp_components::NodeFactoryTemplate<nav2_velocity_smoother::VelocitySmoother>
2026-08-14T16:02:25: [component_container_isolated-1] [INFO] [1786690945.606899418] [nav2_container]: Instantiate class: rclcpp_components::NodeFactoryTemplate<nav2_velocity_smoother::VelocitySmoother>
2026-08-14T16:02:25: [component_container_isolated-1] [INFO] [1786690945.673738006] [velocity_smoother]: 
2026-08-14T16:02:25: [component_container_isolated-1] 	velocity_smoother lifecycle node launched. 
2026-08-14T16:02:25: [component_container_isolated-1] 	Waiting on external lifecycle transitions to activate
2026-08-14T16:02:25: [component_container_isolated-1] 	See https://design.ros2.org/articles/node_lifecycle.html for more information.
2026-08-14T16:02:25: [INFO] [launch_ros.actions.load_composable_nodes]: Loaded node '/velocity_smoother' in container '/nav2_container'
2026-08-14T16:02:25: [component_container_isolated-1] [INFO] [1786690945.686527573] [nav2_container]: Found class: rclcpp_components::NodeFactoryTemplate<nav2_lifecycle_manager::LifecycleManager>
2026-08-14T16:02:25: [component_container_isolated-1] [INFO] [1786690945.686687088] [nav2_container]: Instantiate class: rclcpp_components::NodeFactoryTemplate<nav2_lifecycle_manager::LifecycleManager>
2026-08-14T16:02:25: [component_container_isolated-1] [INFO] [1786690945.749836761] [lifecycle_manager_navigation]: Creating
2026-08-14T16:02:25: [INFO] [launch_ros.actions.load_composable_nodes]: Loaded node '/lifecycle_manager_navigation' in container '/nav2_container'
2026-08-14T16:02:25: [component_container_isolated-1] [INFO] [1786690945.802099240] [lifecycle_manager_navigation]: [34m[1mCreating and initializing lifecycle service clients[0m[0m
2026-08-14T16:02:25: [component_container_isolated-1] [INFO] [1786690945.881738043] [lifecycle_manager_navigation]: [34m[1mStarting managed nodes bringup...[0m[0m
2026-08-14T16:02:25: [component_container_isolated-1] [INFO] [1786690945.885611638] [lifecycle_manager_navigation]: [34m[1mConfiguring controller_server[0m[0m
2026-08-14T16:02:25: [component_container_isolated-1] [INFO] [1786690945.890507556] [controller_server]: Configuring controller interface
2026-08-14T16:02:25: [component_container_isolated-1] [INFO] [1786690945.891180186] [controller_server]: getting goal checker plugins..
2026-08-14T16:02:25: [component_container_isolated-1] [INFO] [1786690945.891620173] [controller_server]: Controller frequency set to 10.0000Hz
2026-08-14T16:02:25: [component_container_isolated-1] [INFO] [1786690945.891806076] [local_costmap.local_costmap]: Configuring
2026-08-14T16:02:26: [component_container_isolated-1] [INFO] [1786690946.028098383] [local_costmap.local_costmap]: Using plugin "obstacle_layer"
2026-08-14T16:02:26: [component_container_isolated-1] [INFO] [1786690946.066752522] [local_costmap.local_costmap]: Subscribed to Topics: scan
2026-08-14T16:02:26: [component_container_isolated-1] [INFO] [1786690946.133051200] [local_costmap.local_costmap]: Initialized plugin "obstacle_layer"
2026-08-14T16:02:26: [component_container_isolated-1] [INFO] [1786690946.137332728] [local_costmap.local_costmap]: Using plugin "voxel_layer"
2026-08-14T16:02:26: [component_container_isolated-1] [INFO] [1786690946.160593873] [local_costmap.local_costmap]: Subscribed to Topics: scan
2026-08-14T16:02:26: [component_container_isolated-1] [INFO] [1786690946.183703688] [local_costmap.local_costmap]: Initialized plugin "voxel_layer"
2026-08-14T16:02:26: [component_container_isolated-1] [INFO] [1786690946.185963550] [local_costmap.local_costmap]: Using plugin "inflation_layer"
2026-08-14T16:02:26: [component_container_isolated-1] [INFO] [1786690946.192521478] [local_costmap.local_costmap]: Initialized plugin "inflation_layer"
2026-08-14T16:02:26: [component_container_isolated-1] [INFO] [1786690946.238353378] [controller_server]: Created progress_checker : progress_checker of type nav2_controller::SimpleProgressChecker
2026-08-14T16:02:26: [component_container_isolated-1] [INFO] [1786690946.254771103] [controller_server]: Created goal checker : general_goal_checker of type nav2_controller::SimpleGoalChecker
2026-08-14T16:02:26: [component_container_isolated-1] [INFO] [1786690946.266693399] [controller_server]: Controller Server has general_goal_checker  goal checkers available.
2026-08-14T16:02:26: [component_container_isolated-1] [INFO] [1786690946.302085980] [controller_server]: Created controller : FollowPath of type dwb_core::DWBLocalPlanner
2026-08-14T16:02:26: [component_container_isolated-1] [INFO] [1786690946.316435726] [controller_server]: Setting transform_tolerance to 0.200000
2026-08-14T16:02:26: [component_container_isolated-1] [INFO] [1786690946.597103988] [controller_server]: Using critic "RotateToGoal" (dwb_critics::RotateToGoalCritic)
2026-08-14T16:02:26: [component_container_isolated-1] [INFO] [1786690946.622341318] [controller_server]: Critic plugin initialized
2026-08-14T16:02:26: [component_container_isolated-1] [INFO] [1786690946.631368435] [controller_server]: Using critic "Oscillation" (dwb_critics::OscillationCritic)
2026-08-14T16:02:26: [component_container_isolated-1] [INFO] [1786690946.650466252] [controller_server]: Critic plugin initialized
2026-08-14T16:02:26: [component_container_isolated-1] [INFO] [1786690946.652780705] [controller_server]: Using critic "BaseObstacle" (dwb_critics::BaseObstacleCritic)
2026-08-14T16:02:26: [component_container_isolated-1] [INFO] [1786690946.659908580] [controller_server]: Critic plugin initialized
2026-08-14T16:02:26: [component_container_isolated-1] [INFO] [1786690946.663254245] [controller_server]: Using critic "GoalAlign" (dwb_critics::GoalAlignCritic)
2026-08-14T16:02:26: [component_container_isolated-1] [INFO] [1786690946.667839968] [controller_server]: Critic plugin initialized
2026-08-14T16:02:26: [component_container_isolated-1] [INFO] [1786690946.679224908] [controller_server]: Using critic "PathAlign" (dwb_critics::PathAlignCritic)
2026-08-14T16:02:26: [component_container_isolated-1] [INFO] [1786690946.708073507] [controller_server]: Critic plugin initialized
2026-08-14T16:02:26: [component_container_isolated-1] [INFO] [1786690946.710197262] [controller_server]: Using critic "PathDist" (dwb_critics::PathDistCritic)
2026-08-14T16:02:26: [component_container_isolated-1] [INFO] [1786690946.714193206] [controller_server]: Critic plugin initialized
2026-08-14T16:02:26: [component_container_isolated-1] [INFO] [1786690946.731422686] [controller_server]: Using critic "GoalDist" (dwb_critics::GoalDistCritic)
2026-08-14T16:02:26: [component_container_isolated-1] [INFO] [1786690946.738912420] [controller_server]: Critic plugin initialized
2026-08-14T16:02:26: [component_container_isolated-1] [INFO] [1786690946.739113674] [controller_server]: Controller Server has FollowPath  controllers available.
2026-08-14T16:02:26: [component_container_isolated-1] [INFO] [1786690946.776756323] [lifecycle_manager_navigation]: [34m[1mConfiguring smoother_server[0m[0m
2026-08-14T16:02:26: [component_container_isolated-1] [INFO] [1786690946.777397175] [smoother_server]: Configuring smoother server
2026-08-14T16:02:26: [component_container_isolated-1] [INFO] [1786690946.837959903] [smoother_server]: Created smoother : simple_smoother of type nav2_smoother::SimpleSmoother
2026-08-14T16:02:26: [component_container_isolated-1] [INFO] [1786690946.850309613] [smoother_server]: Smoother Server has simple_smoother  smoothers available.
2026-08-14T16:02:26: [component_container_isolated-1] [INFO] [1786690946.889471311] [lifecycle_manager_navigation]: [34m[1mConfiguring planner_server[0m[0m
2026-08-14T16:02:26: [component_container_isolated-1] [INFO] [1786690946.890277640] [planner_server]: Configuring
2026-08-14T16:02:26: [component_container_isolated-1] [INFO] [1786690946.890971899] [global_costmap.global_costmap]: Configuring
2026-08-14T16:02:26: [component_container_isolated-1] [INFO] [1786690946.926212318] [global_costmap.global_costmap]: Using plugin "static_layer"
2026-08-14T16:02:26: [component_container_isolated-1] [INFO] [1786690946.942123613] [global_costmap.global_costmap]: Subscribing to the map topic (/map) with transient local durability
2026-08-14T16:02:26: [component_container_isolated-1] [INFO] [1786690946.948796481] [global_costmap.global_costmap]: Initialized plugin "static_layer"
2026-08-14T16:02:26: [component_container_isolated-1] [INFO] [1786690946.951407667] [global_costmap.global_costmap]: Using plugin "obstacle_layer"
2026-08-14T16:02:26: [component_container_isolated-1] [INFO] [1786690946.982951987] [global_costmap.global_costmap]: Subscribed to Topics: scan
2026-08-14T16:02:27: [component_container_isolated-1] [INFO] [1786690947.007114736] [global_costmap.global_costmap]: Initialized plugin "obstacle_layer"
2026-08-14T16:02:27: [component_container_isolated-1] [INFO] [1786690947.007300230] [global_costmap.global_costmap]: Using plugin "voxel_layer"
2026-08-14T16:02:27: [component_container_isolated-1] [INFO] [1786690947.026372714] [global_costmap.global_costmap]: Subscribed to Topics: scan
2026-08-14T16:02:27: [component_container_isolated-1] [INFO] [1786690947.072971001] [global_costmap.global_costmap]: Initialized plugin "voxel_layer"
2026-08-14T16:02:27: [component_container_isolated-1] [INFO] [1786690947.076861133] [global_costmap.global_costmap]: Using plugin "inflation_layer"
2026-08-14T16:02:27: [component_container_isolated-1] [INFO] [1786690947.083642480] [global_costmap.global_costmap]: Initialized plugin "inflation_layer"
2026-08-14T16:02:27: [component_container_isolated-1] [INFO] [1786690947.144686585] [global_costmap.global_costmap]: StaticLayer: Resizing costmap to 371 X 353 at 0.050000 m/pix
2026-08-14T16:02:27: [component_container_isolated-1] [INFO] [1786690947.153397026] [planner_server]: Created global planner plugin GridBased of type nav2_navfn_planner/NavfnPlanner
2026-08-14T16:02:27: [component_container_isolated-1] [INFO] [1786690947.155270010] [planner_server]: Configuring plugin GridBased of type NavfnPlanner
2026-08-14T16:02:27: [component_container_isolated-1] [INFO] [1786690947.165988543] [planner_server]: Planner Server has GridBased  planners available.
2026-08-14T16:02:27: [component_container_isolated-1] [INFO] [1786690947.251685735] [lifecycle_manager_navigation]: [34m[1mConfiguring behavior_server[0m[0m
2026-08-14T16:02:27: [component_container_isolated-1] [INFO] [1786690947.252398863] [behavior_server]: Configuring
2026-08-14T16:02:27: [component_container_isolated-1] [INFO] [1786690947.312632120] [behavior_server]: Creating behavior plugin spin of type nav2_behaviors/Spin
2026-08-14T16:02:27: [component_container_isolated-1] [INFO] [1786690947.322802483] [behavior_server]: Configuring spin
2026-08-14T16:02:27: [component_container_isolated-1] [INFO] [1786690947.399323524] [behavior_server]: Creating behavior plugin backup of type nav2_behaviors/BackUp
2026-08-14T16:02:27: [component_container_isolated-1] [INFO] [1786690947.409701918] [behavior_server]: Configuring backup
2026-08-14T16:02:27: [component_container_isolated-1] [INFO] [1786690947.474508177] [behavior_server]: Creating behavior plugin drive_on_heading of type nav2_behaviors/DriveOnHeading
2026-08-14T16:02:27: [component_container_isolated-1] [INFO] [1786690947.479561943] [behavior_server]: Configuring drive_on_heading
2026-08-14T16:02:27: [component_container_isolated-1] [INFO] [1786690947.528070695] [behavior_server]: Creating behavior plugin wait of type nav2_behaviors/Wait
2026-08-14T16:02:27: [component_container_isolated-1] [INFO] [1786690947.532980261] [behavior_server]: Configuring wait
2026-08-14T16:02:27: [component_container_isolated-1] [INFO] [1786690947.585688395] [lifecycle_manager_navigation]: [34m[1mConfiguring bt_navigator[0m[0m
2026-08-14T16:02:27: [component_container_isolated-1] [INFO] [1786690947.586387709] [bt_navigator]: Configuring
2026-08-14T16:02:28: [component_container_isolated-1] [INFO] [1786690948.217543713] [lifecycle_manager_navigation]: [34m[1mConfiguring waypoint_follower[0m[0m
2026-08-14T16:02:28: [component_container_isolated-1] [INFO] [1786690948.218309858] [waypoint_follower]: Configuring
2026-08-14T16:02:28: [component_container_isolated-1] [INFO] [1786690948.333651202] [waypoint_follower]: Created waypoint_task_executor : wait_at_waypoint of type nav2_waypoint_follower::WaitAtWaypoint
2026-08-14T16:02:28: [component_container_isolated-1] [INFO] [1786690948.344593210] [lifecycle_manager_navigation]: [34m[1mConfiguring velocity_smoother[0m[0m
2026-08-14T16:02:28: [component_container_isolated-1] [INFO] [1786690948.345352244] [velocity_smoother]: Configuring velocity smoother
2026-08-14T16:02:28: [component_container_isolated-1] [INFO] [1786690948.385351624] [lifecycle_manager_navigation]: [34m[1mActivating controller_server[0m[0m
2026-08-14T16:02:28: [component_container_isolated-1] [INFO] [1786690948.385950941] [controller_server]: Activating
2026-08-14T16:02:28: [component_container_isolated-1] [INFO] [1786690948.386137861] [local_costmap.local_costmap]: Activating
2026-08-14T16:02:28: [component_container_isolated-1] [INFO] [1786690948.386223729] [local_costmap.local_costmap]: Checking transform
2026-08-14T16:02:28: [component_container_isolated-1] [INFO] [1786690948.386311893] [local_costmap.local_costmap]: Timed out waiting for transform from base_link to odom to become available, tf error: Invalid frame ID "odom" passed to canTransform argument target_frame - frame does not exist
2026-08-14T16:02:28: [component_container_isolated-1] [INFO] [1786690948.886414703] [local_costmap.local_costmap]: Timed out waiting for transform from base_link to odom to become available, tf error: Invalid frame ID "odom" passed to canTransform argument target_frame - frame does not exist
2026-08-14T16:02:29: [component_container_isolated-1] [INFO] [1786690949.386466944] [local_costmap.local_costmap]: Timed out waiting for transform from base_link to odom to become available, tf error: Invalid frame ID "odom" passed to canTransform argument target_frame - frame does not exist
2026-08-14T16:02:29: [component_container_isolated-1] [INFO] [1786690949.886398394] [local_costmap.local_costmap]: Timed out waiting for transform from base_link to odom to become available, tf error: Invalid frame ID "odom" passed to canTransform argument target_frame - frame does not exist
2026-08-14T16:02:30: [component_container_isolated-1] [INFO] [1786690950.386410199] [local_costmap.local_costmap]: Timed out waiting for transform from base_link to odom to become available, tf error: Invalid frame ID "odom" passed to canTransform argument target_frame - frame does not exist
2026-08-14T16:02:30: [component_container_isolated-1] [INFO] [1786690950.886404487] [local_costmap.local_costmap]: Timed out waiting for transform from base_link to odom to become available, tf error: Invalid frame ID "odom" passed to canTransform argument target_frame - frame does not exist
2026-08-14T16:02:31: [component_container_isolated-1] [INFO] [1786690951.389314866] [local_costmap.local_costmap]: Timed out waiting for transform from base_link to odom to become available, tf error: Invalid frame ID "odom" passed to canTransform argument target_frame - frame does not exist
2026-08-14T16:02:31: [component_container_isolated-1] [INFO] [1786690951.740130981] [amcl]: createLaserObject
2026-08-14T16:02:31: [component_container_isolated-1] [WARN] [1786690951.844081055] [amcl]: AMCL cannot publish a pose or update the transform. Please set the initial pose...
2026-08-14T16:02:31: [component_container_isolated-1] [INFO] [1786690951.886718733] [local_costmap.local_costmap]: start
2026-08-14T16:02:32: [component_container_isolated-1] [INFO] [1786690952.104666861] [controller_server]: Creating bond (controller_server) to lifecycle manager.
2026-08-14T16:02:32: [component_container_isolated-1] [INFO] [1786690952.153338575] [amcl]: Message Filter dropping message: frame 'base_scan' at time 1786690951.152 for reason 'the timestamp on the message is earlier than all the data in the transform cache'
2026-08-14T16:02:32: [component_container_isolated-1] [INFO] [1786690952.218475346] [lifecycle_manager_navigation]: Server controller_server connected with bond.
2026-08-14T16:02:32: [component_container_isolated-1] [INFO] [1786690952.218758635] [lifecycle_manager_navigation]: [34m[1mActivating smoother_server[0m[0m
2026-08-14T16:02:32: [component_container_isolated-1] [INFO] [1786690952.219530224] [smoother_server]: Activating
2026-08-14T16:02:32: [component_container_isolated-1] [INFO] [1786690952.219715904] [smoother_server]: Creating bond (smoother_server) to lifecycle manager.
2026-08-14T16:02:32: [component_container_isolated-1] [INFO] [1786690952.335937433] [lifecycle_manager_navigation]: Server smoother_server connected with bond.
2026-08-14T16:02:32: [component_container_isolated-1] [INFO] [1786690952.336105688] [lifecycle_manager_navigation]: [34m[1mActivating planner_server[0m[0m
2026-08-14T16:02:32: [component_container_isolated-1] [INFO] [1786690952.337107141] [planner_server]: Activating
2026-08-14T16:02:32: [component_container_isolated-1] [INFO] [1786690952.337336394] [global_costmap.global_costmap]: Activating
2026-08-14T16:02:32: [component_container_isolated-1] [INFO] [1786690952.337406281] [global_costmap.global_costmap]: Checking transform
2026-08-14T16:02:32: [component_container_isolated-1] [INFO] [1786690952.337456613] [global_costmap.global_costmap]: Timed out waiting for transform from base_link to map to become available, tf error: Invalid frame ID "map" passed to canTransform argument target_frame - frame does not exist
2026-08-14T16:02:32: [component_container_isolated-1] [INFO] [1786690952.837561448] [global_costmap.global_costmap]: Timed out waiting for transform from base_link to map to become available, tf error: Invalid frame ID "map" passed to canTransform argument target_frame - frame does not exist
2026-08-14T16:02:33: [component_container_isolated-1] [INFO] [1786690953.337573383] [global_costmap.global_costmap]: Timed out waiting for transform from base_link to map to become available, tf error: Invalid frame ID "map" passed to canTransform argument target_frame - frame does not exist
2026-08-14T16:02:33: [component_container_isolated-1] [INFO] [1786690953.837565375] [global_costmap.global_costmap]: Timed out waiting for transform from base_link to map to become available, tf error: Invalid frame ID "map" passed to canTransform argument target_frame - frame does not exist
2026-08-14T16:02:33: [component_container_isolated-1] [WARN] [1786690953.946031826] [amcl]: AMCL cannot publish a pose or update the transform. Please set the initial pose...
2026-08-14T16:02:34: [component_container_isolated-1] [INFO] [1786690954.337610464] [global_costmap.global_costmap]: Timed out waiting for transform from base_link to map to become available, tf error: Invalid frame ID "map" passed to canTransform argument target_frame - frame does not exist
2026-08-14T16:02:34: [component_container_isolated-1] [INFO] [1786690954.838257204] [global_costmap.global_costmap]: Timed out waiting for transform from base_link to map to become available, tf error: Invalid frame ID "map" passed to canTransform argument target_frame - frame does not exist
2026-08-14T16:02:35: [component_container_isolated-1] [INFO] [1786690955.337647316] [global_costmap.global_costmap]: Timed out waiting for transform from base_link to map to become available, tf error: Invalid frame ID "map" passed to canTransform argument target_frame - frame does not exist
2026-08-14T16:02:35: [component_container_isolated-1] [INFO] [1786690955.837550769] [global_costmap.global_costmap]: Timed out waiting for transform from base_link to map to become available, tf error: Invalid frame ID "map" passed to canTransform argument target_frame - frame does not exist
2026-08-14T16:02:36: [component_container_isolated-1] [WARN] [1786690956.044009913] [amcl]: AMCL cannot publish a pose or update the transform. Please set the initial pose...
2026-08-14T16:02:36: [component_container_isolated-1] [INFO] [1786690956.337555685] [global_costmap.global_costmap]: Timed out waiting for transform from base_link to map to become available, tf error: Invalid frame ID "map" passed to canTransform argument target_frame - frame does not exist
2026-08-14T16:02:36: [component_container_isolated-1] [INFO] [1786690956.837613417] [global_costmap.global_costmap]: Timed out waiting for transform from base_link to map to become available, tf error: Invalid frame ID "map" passed to canTransform argument target_frame - frame does not exist
2026-08-14T16:02:37: [component_container_isolated-1] [INFO] [1786690957.337559712] [global_costmap.global_costmap]: Timed out waiting for transform from base_link to map to become available, tf error: Invalid frame ID "map" passed to canTransform argument target_frame - frame does not exist
2026-08-14T16:02:37: [component_container_isolated-1] [INFO] [1786690957.837769409] [global_costmap.global_costmap]: Timed out waiting for transform from base_link to map to become available, tf error: Invalid frame ID "map" passed to canTransform argument target_frame - frame does not exist
2026-08-14T16:02:38: [component_container_isolated-1] [WARN] [1786690958.046230688] [amcl]: AMCL cannot publish a pose or update the transform. Please set the initial pose...
2026-08-14T16:02:38: [component_container_isolated-1] [INFO] [1786690958.337585343] [global_costmap.global_costmap]: Timed out waiting for transform from base_link to map to become available, tf error: Invalid frame ID "map" passed to canTransform argument target_frame - frame does not exist
2026-08-14T16:02:38: [component_container_isolated-1] [INFO] [1786690958.837800879] [global_costmap.global_costmap]: Timed out waiting for transform from base_link to map to become available, tf error: Invalid frame ID "map" passed to canTransform argument target_frame - frame does not exist
2026-08-14T16:02:39: [component_container_isolated-1] [INFO] [1786690959.337557358] [global_costmap.global_costmap]: Timed out waiting for transform from base_link to map to become available, tf error: Invalid frame ID "map" passed to canTransform argument target_frame - frame does not exist
2026-08-14T16:02:39: [component_container_isolated-1] [INFO] [1786690959.837568684] [global_costmap.global_costmap]: Timed out waiting for transform from base_link to map to become available, tf error: Invalid frame ID "map" passed to canTransform argument target_frame - frame does not exist
2026-08-14T16:02:40: [component_container_isolated-1] [WARN] [1786690960.051190065] [amcl]: AMCL cannot publish a pose or update the transform. Please set the initial pose...
2026-08-14T16:02:40: [component_container_isolated-1] [INFO] [1786690960.337569977] [global_costmap.global_costmap]: Timed out waiting for transform from base_link to map to become available, tf error: Invalid frame ID "map" passed to canTransform argument target_frame - frame does not exist
2026-08-14T16:02:40: [component_container_isolated-1] [INFO] [1786690960.837553717] [global_costmap.global_costmap]: Timed out waiting for transform from base_link to map to become available, tf error: Invalid frame ID "map" passed to canTransform argument target_frame - frame does not exist
2026-08-14T16:02:41: [component_container_isolated-1] [INFO] [1786690961.337543053] [global_costmap.global_costmap]: Timed out waiting for transform from base_link to map to become available, tf error: Invalid frame ID "map" passed to canTransform argument target_frame - frame does not exist
2026-08-14T16:02:41: [component_container_isolated-1] [INFO] [1786690961.837570576] [global_costmap.global_costmap]: Timed out waiting for transform from base_link to map to become available, tf error: Invalid frame ID "map" passed to canTransform argument target_frame - frame does not exist
2026-08-14T16:02:42: [component_container_isolated-1] [WARN] [1786690962.142007619] [amcl]: AMCL cannot publish a pose or update the transform. Please set the initial pose...
2026-08-14T16:02:42: [component_container_isolated-1] [INFO] [1786690962.337568936] [global_costmap.global_costmap]: Timed out waiting for transform from base_link to map to become available, tf error: Invalid frame ID "map" passed to canTransform argument target_frame - frame does not exist
2026-08-14T16:02:42: [component_container_isolated-1] [INFO] [1786690962.837625019] [global_costmap.global_costmap]: Timed out waiting for transform from base_link to map to become available, tf error: Invalid frame ID "map" passed to canTransform argument target_frame - frame does not exist
2026-08-14T16:02:43: [component_container_isolated-1] [INFO] [1786690963.337671236] [global_costmap.global_costmap]: Timed out waiting for transform from base_link to map to become available, tf error: Invalid frame ID "map" passed to canTransform argument target_frame - frame does not exist
2026-08-14T16:02:43: [component_container_isolated-1] [INFO] [1786690963.837607829] [global_costmap.global_costmap]: Timed out waiting for transform from base_link to map to become available, tf error: Invalid frame ID "map" passed to canTransform argument target_frame - frame does not exist
2026-08-14T16:02:44: [component_container_isolated-1] [WARN] [1786690964.146580198] [amcl]: AMCL cannot publish a pose or update the transform. Please set the initial pose...
2026-08-14T16:02:44: [component_container_isolated-1] [INFO] [1786690964.337962598] [global_costmap.global_costmap]: Timed out waiting for transform from base_link to map to become available, tf error: Invalid frame ID "map" passed to canTransform argument target_frame - frame does not exist
2026-08-14T16:02:44: [component_container_isolated-1] [INFO] [1786690964.838077507] [global_costmap.global_costmap]: Timed out waiting for transform from base_link to map to become available, tf error: Invalid frame ID "map" passed to canTransform argument target_frame - frame does not exist
2026-08-14T16:02:45: [component_container_isolated-1] [INFO] [1786690965.337589232] [global_costmap.global_costmap]: Timed out waiting for transform from base_link to map to become available, tf error: Invalid frame ID "map" passed to canTransform argument target_frame - frame does not exist
2026-08-14T16:02:45: [component_container_isolated-1] [INFO] [1786690965.837553631] [global_costmap.global_costmap]: Timed out waiting for transform from base_link to map to become available, tf error: Invalid frame ID "map" passed to canTransform argument target_frame - frame does not exist
2026-08-14T16:02:46: [component_container_isolated-1] [WARN] [1786690966.186291958] [amcl]: AMCL cannot publish a pose or update the transform. Please set the initial pose...
2026-08-14T16:02:46: [component_container_isolated-1] [INFO] [1786690966.337574737] [global_costmap.global_costmap]: Timed out waiting for transform from base_link to map to become available, tf error: Invalid frame ID "map" passed to canTransform argument target_frame - frame does not exist
2026-08-14T16:02:46: [component_container_isolated-1] [INFO] [1786690966.837515698] [global_costmap.global_costmap]: Timed out waiting for transform from base_link to map to become available, tf error: Invalid frame ID "map" passed to canTransform argument target_frame - frame does not exist
2026-08-14T16:02:47: [component_container_isolated-1] [INFO] [1786690967.337582512] [global_costmap.global_costmap]: Timed out waiting for transform from base_link to map to become available, tf error: Invalid frame ID "map" passed to canTransform argument target_frame - frame does not exist
2026-08-14T16:02:47: [component_container_isolated-1] [INFO] [1786690967.837554052] [global_costmap.global_costmap]: Timed out waiting for transform from base_link to map to become available, tf error: Invalid frame ID "map" passed to canTransform argument target_frame - frame does not exist
2026-08-14T16:02:48: [component_container_isolated-1] [WARN] [1786690968.286454792] [amcl]: AMCL cannot publish a pose or update the transform. Please set the initial pose...
2026-08-14T16:02:48: [component_container_isolated-1] [INFO] [1786690968.337553299] [global_costmap.global_costmap]: Timed out waiting for transform from base_link to map to become available, tf error: Invalid frame ID "map" passed to canTransform argument target_frame - frame does not exist
2026-08-14T16:02:48: [component_container_isolated-1] [INFO] [1786690968.837599103] [global_costmap.global_costmap]: Timed out waiting for transform from base_link to map to become available, tf error: Invalid frame ID "map" passed to canTransform argument target_frame - frame does not exist
2026-08-14T16:02:49: [component_container_isolated-1] [INFO] [1786690969.337556875] [global_costmap.global_costmap]: Timed out waiting for transform from base_link to map to become available, tf error: Invalid frame ID "map" passed to canTransform argument target_frame - frame does not exist
2026-08-14T16:02:49: [component_container_isolated-1] [INFO] [1786690969.837555611] [global_costmap.global_costmap]: Timed out waiting for transform from base_link to map to become available, tf error: Invalid frame ID "map" passed to canTransform argument target_frame - frame does not exist
2026-08-14T16:02:50: [component_container_isolated-1] [WARN] [1786690970.289827249] [amcl]: AMCL cannot publish a pose or update the transform. Please set the initial pose...
2026-08-14T16:02:50: [component_container_isolated-1] [INFO] [1786690970.337566906] [global_costmap.global_costmap]: Timed out waiting for transform from base_link to map to become available, tf error: Invalid frame ID "map" passed to canTransform argument target_frame - frame does not exist
2026-08-14T16:02:50: [component_container_isolated-1] [INFO] [1786690970.839162585] [global_costmap.global_costmap]: Timed out waiting for transform from base_link to map to become available, tf error: Invalid frame ID "map" passed to canTransform argument target_frame - frame does not exist
2026-08-14T16:02:51: [component_container_isolated-1] [INFO] [1786690971.338517200] [global_costmap.global_costmap]: Timed out waiting for transform from base_link to map to become available, tf error: Invalid frame ID "map" passed to canTransform argument target_frame - frame does not exist
2026-08-14T16:02:51: [component_container_isolated-1] [INFO] [1786690971.837570937] [global_costmap.global_costmap]: Timed out waiting for transform from base_link to map to become available, tf error: Invalid frame ID "map" passed to canTransform argument target_frame - frame does not exist
2026-08-14T16:02:52: [component_container_isolated-1] [INFO] [1786690972.337554040] [global_costmap.global_costmap]: Timed out waiting for transform from base_link to map to become available, tf error: Invalid frame ID "map" passed to canTransform argument target_frame - frame does not exist
2026-08-14T16:02:52: [component_container_isolated-1] [WARN] [1786690972.391216182] [amcl]: AMCL cannot publish a pose or update the transform. Please set the initial pose...
2026-08-14T16:02:52: [component_container_isolated-1] [INFO] [1786690972.837551108] [global_costmap.global_costmap]: Timed out waiting for transform from base_link to map to become available, tf error: Invalid frame ID "map" passed to canTransform argument target_frame - frame does not exist
2026-08-14T16:02:53: [component_container_isolated-1] [INFO] [1786690973.337599751] [global_costmap.global_costmap]: Timed out waiting for transform from base_link to map to become available, tf error: Invalid frame ID "map" passed to canTransform argument target_frame - frame does not exist
2026-08-14T16:02:53: [component_container_isolated-1] [INFO] [1786690973.837575233] [global_costmap.global_costmap]: Timed out waiting for transform from base_link to map to become available, tf error: Invalid frame ID "map" passed to canTransform argument target_frame - frame does not exist
2026-08-14T16:02:54: [component_container_isolated-1] [INFO] [1786690974.337555958] [global_costmap.global_costmap]: Timed out waiting for transform from base_link to map to become available, tf error: Invalid frame ID "map" passed to canTransform argument target_frame - frame does not exist
2026-08-14T16:02:54: [component_container_isolated-1] [WARN] [1786690974.494155713] [amcl]: AMCL cannot publish a pose or update the transform. Please set the initial pose...
2026-08-14T16:02:54: [component_container_isolated-1] [INFO] [1786690974.837561425] [global_costmap.global_costmap]: Timed out waiting for transform from base_link to map to become available, tf error: Invalid frame ID "map" passed to canTransform argument target_frame - frame does not exist
2026-08-14T16:02:55: [component_container_isolated-1] [INFO] [1786690975.337555248] [global_costmap.global_costmap]: Timed out waiting for transform from base_link to map to become available, tf error: Invalid frame ID "map" passed to canTransform argument target_frame - frame does not exist
2026-08-14T16:02:55: [component_container_isolated-1] [INFO] [1786690975.837556887] [global_costmap.global_costmap]: Timed out waiting for transform from base_link to map to become available, tf error: Invalid frame ID "map" passed to canTransform argument target_frame - frame does not exist
2026-08-14T16:02:56: [component_container_isolated-1] [INFO] [1786690976.337594732] [global_costmap.global_costmap]: Timed out waiting for transform from base_link to map to become available, tf error: Invalid frame ID "map" passed to canTransform argument target_frame - frame does not exist
2026-08-14T16:02:56: [component_container_isolated-1] [WARN] [1786690976.589200010] [amcl]: AMCL cannot publish a pose or update the transform. Please set the initial pose...
2026-08-14T16:02:56: [component_container_isolated-1] [INFO] [1786690976.837510157] [global_costmap.global_costmap]: Timed out waiting for transform from base_link to map to become available, tf error: Invalid frame ID "map" passed to canTransform argument target_frame - frame does not exist
2026-08-14T16:02:57: [component_container_isolated-1] [INFO] [1786690977.337576174] [global_costmap.global_costmap]: Timed out waiting for transform from base_link to map to become available, tf error: Invalid frame ID "map" passed to canTransform argument target_frame - frame does not exist
2026-08-14T16:02:57: [component_container_isolated-1] [INFO] [1786690977.837546695] [global_costmap.global_costmap]: Timed out waiting for transform from base_link to map to become available, tf error: Invalid frame ID "map" passed to canTransform argument target_frame - frame does not exist
2026-08-14T16:02:58: [component_container_isolated-1] [INFO] [1786690978.337552533] [global_costmap.global_costmap]: Timed out waiting for transform from base_link to map to become available, tf error: Invalid frame ID "map" passed to canTransform argument target_frame - frame does not exist
2026-08-14T16:02:58: [component_container_isolated-1] [WARN] [1786690978.688051841] [amcl]: AMCL cannot publish a pose or update the transform. Please set the initial pose...
2026-08-14T16:02:58: [component_container_isolated-1] [INFO] [1786690978.837536226] [global_costmap.global_costmap]: Timed out waiting for transform from base_link to map to become available, tf error: Invalid frame ID "map" passed to canTransform argument target_frame - frame does not exist
2026-08-14T16:02:59: [component_container_isolated-1] [INFO] [1786690979.337571828] [global_costmap.global_costmap]: Timed out waiting for transform from base_link to map to become available, tf error: Invalid frame ID "map" passed to canTransform argument target_frame - frame does not exist
2026-08-14T16:02:59: [component_container_isolated-1] [INFO] [1786690979.837555396] [global_costmap.global_costmap]: Timed out waiting for transform from base_link to map to become available, tf error: Invalid frame ID "map" passed to canTransform argument target_frame - frame does not exist
2026-08-14T16:03:00: [component_container_isolated-1] [INFO] [1786690980.337554282] [global_costmap.global_costmap]: Timed out waiting for transform from base_link to map to become available, tf error: Invalid frame ID "map" passed to canTransform argument target_frame - frame does not exist
2026-08-14T16:03:00: [component_container_isolated-1] [WARN] [1786690980.745434437] [amcl]: AMCL cannot publish a pose or update the transform. Please set the initial pose...
2026-08-14T16:03:00: [component_container_isolated-1] [INFO] [1786690980.837554781] [global_costmap.global_costmap]: Timed out waiting for transform from base_link to map to become available, tf error: Invalid frame ID "map" passed to canTransform argument target_frame - frame does not exist
2026-08-14T16:03:01: [component_container_isolated-1] [INFO] [1786690981.337516414] [global_costmap.global_costmap]: Timed out waiting for transform from base_link to map to become available, tf error: Invalid frame ID "map" passed to canTransform argument target_frame - frame does not exist
2026-08-14T16:03:01: [component_container_isolated-1] [INFO] [1786690981.837558139] [global_costmap.global_costmap]: Timed out waiting for transform from base_link to map to become available, tf error: Invalid frame ID "map" passed to canTransform argument target_frame - frame does not exist
2026-08-14T16:03:02: [component_container_isolated-1] [INFO] [1786690982.337700975] [global_costmap.global_costmap]: Timed out waiting for transform from base_link to map to become available, tf error: Invalid frame ID "map" passed to canTransform argument target_frame - frame does not exist
2026-08-14T16:03:02: [component_container_isolated-1] [INFO] [1786690982.837567192] [global_costmap.global_costmap]: Timed out waiting for transform from base_link to map to become available, tf error: Invalid frame ID "map" passed to canTransform argument target_frame - frame does not exist
2026-08-14T16:03:02: [component_container_isolated-1] [WARN] [1786690982.844660292] [amcl]: AMCL cannot publish a pose or update the transform. Please set the initial pose...
2026-08-14T16:03:03: [component_container_isolated-1] [INFO] [1786690983.337567686] [global_costmap.global_costmap]: Timed out waiting for transform from base_link to map to become available, tf error: Invalid frame ID "map" passed to canTransform argument target_frame - frame does not exist
2026-08-14T16:03:03: [component_container_isolated-1] [INFO] [1786690983.837569181] [global_costmap.global_costmap]: Timed out waiting for transform from base_link to map to become available, tf error: Invalid frame ID "map" passed to canTransform argument target_frame - frame does not exist
2026-08-14T16:03:04: [component_container_isolated-1] [INFO] [1786690984.337556514] [global_costmap.global_costmap]: Timed out waiting for transform from base_link to map to become available, tf error: Invalid frame ID "map" passed to canTransform argument target_frame - frame does not exist
2026-08-14T16:03:04: [component_container_isolated-1] [INFO] [1786690984.837730861] [global_costmap.global_costmap]: Timed out waiting for transform from base_link to map to become available, tf error: Invalid frame ID "map" passed to canTransform argument target_frame - frame does not exist
2026-08-14T16:03:04: [component_container_isolated-1] [WARN] [1786690984.942709113] [amcl]: AMCL cannot publish a pose or update the transform. Please set the initial pose...
2026-08-14T16:03:05: [component_container_isolated-1] [INFO] [1786690985.337566055] [global_costmap.global_costmap]: Timed out waiting for transform from base_link to map to become available, tf error: Invalid frame ID "map" passed to canTransform argument target_frame - frame does not exist
2026-08-14T16:03:05: [component_container_isolated-1] [INFO] [1786690985.837569782] [global_costmap.global_costmap]: Timed out waiting for transform from base_link to map to become available, tf error: Invalid frame ID "map" passed to canTransform argument target_frame - frame does not exist
2026-08-14T16:03:06: [component_container_isolated-1] [INFO] [1786690986.337588068] [global_costmap.global_costmap]: Timed out waiting for transform from base_link to map to become available, tf error: Invalid frame ID "map" passed to canTransform argument target_frame - frame does not exist
2026-08-14T16:03:06: [component_container_isolated-1] [INFO] [1786690986.837562376] [global_costmap.global_costmap]: Timed out waiting for transform from base_link to map to become available, tf error: Invalid frame ID "map" passed to canTransform argument target_frame - frame does not exist
2026-08-14T16:03:07: [component_container_isolated-1] [WARN] [1786690987.047291168] [amcl]: AMCL cannot publish a pose or update the transform. Please set the initial pose...
2026-08-14T16:03:07: [component_container_isolated-1] [INFO] [1786690987.337539946] [global_costmap.global_costmap]: Timed out waiting for transform from base_link to map to become available, tf error: Invalid frame ID "map" passed to canTransform argument target_frame - frame does not exist
2026-08-14T16:03:07: [component_container_isolated-1] [INFO] [1786690987.837566997] [global_costmap.global_costmap]: Timed out waiting for transform from base_link to map to become available, tf error: Invalid frame ID "map" passed to canTransform argument target_frame - frame does not exist
2026-08-14T16:03:08: [component_container_isolated-1] [INFO] [1786690988.337567349] [global_costmap.global_costmap]: Timed out waiting for transform from base_link to map to become available, tf error: Invalid frame ID "map" passed to canTransform argument target_frame - frame does not exist
2026-08-14T16:03:08: [component_container_isolated-1] [INFO] [1786690988.837564999] [global_costmap.global_costmap]: Timed out waiting for transform from base_link to map to become available, tf error: Invalid frame ID "map" passed to canTransform argument target_frame - frame does not exist
2026-08-14T16:03:09: [component_container_isolated-1] [WARN] [1786690989.137078192] [amcl]: AMCL cannot publish a pose or update the transform. Please set the initial pose...
2026-08-14T16:03:09: [component_container_isolated-1] [INFO] [1786690989.337632779] [global_costmap.global_costmap]: Timed out waiting for transform from base_link to map to become available, tf error: Invalid frame ID "map" passed to canTransform argument target_frame - frame does not exist
2026-08-14T16:03:09: [component_container_isolated-1] [INFO] [1786690989.837559140] [global_costmap.global_costmap]: Timed out waiting for transform from base_link to map to become available, tf error: Invalid frame ID "map" passed to canTransform argument target_frame - frame does not exist
2026-08-14T16:03:10: [component_container_isolated-1] [INFO] [1786690990.337615259] [global_costmap.global_costmap]: Timed out waiting for transform from base_link to map to become available, tf error: Invalid frame ID "map" passed to canTransform argument target_frame - frame does not exist
2026-08-14T16:03:10: [component_container_isolated-1] [INFO] [1786690990.837558123] [global_costmap.global_costmap]: Timed out waiting for transform from base_link to map to become available, tf error: Invalid frame ID "map" passed to canTransform argument target_frame - frame does not exist
2026-08-14T16:03:11: [component_container_isolated-1] [WARN] [1786690991.236546566] [amcl]: AMCL cannot publish a pose or update the transform. Please set the initial pose...
2026-08-14T16:03:11: [component_container_isolated-1] [INFO] [1786690991.337561008] [global_costmap.global_costmap]: Timed out waiting for transform from base_link to map to become available, tf error: Invalid frame ID "map" passed to canTransform argument target_frame - frame does not exist
2026-08-14T16:03:11: [component_container_isolated-1] [INFO] [1786690991.837560357] [global_costmap.global_costmap]: Timed out waiting for transform from base_link to map to become available, tf error: Invalid frame ID "map" passed to canTransform argument target_frame - frame does not exist
2026-08-14T16:03:12: [component_container_isolated-1] [INFO] [1786690992.337558654] [global_costmap.global_costmap]: Timed out waiting for transform from base_link to map to become available, tf error: Invalid frame ID "map" passed to canTransform argument target_frame - frame does not exist
2026-08-14T16:03:12: [component_container_isolated-1] [INFO] [1786690992.837652376] [global_costmap.global_costmap]: Timed out waiting for transform from base_link to map to become available, tf error: Invalid frame ID "map" passed to canTransform argument target_frame - frame does not exist
2026-08-14T16:03:13: [component_container_isolated-1] [WARN] [1786690993.285745660] [amcl]: AMCL cannot publish a pose or update the transform. Please set the initial pose...
2026-08-14T16:03:13: [component_container_isolated-1] [INFO] [1786690993.337556050] [global_costmap.global_costmap]: Timed out waiting for transform from base_link to map to become available, tf error: Invalid frame ID "map" passed to canTransform argument target_frame - frame does not exist
2026-08-14T16:03:13: [component_container_isolated-1] [INFO] [1786690993.837508262] [global_costmap.global_costmap]: Timed out waiting for transform from base_link to map to become available, tf error: Invalid frame ID "map" passed to canTransform argument target_frame - frame does not exist
2026-08-14T16:03:14: [component_container_isolated-1] [INFO] [1786690994.337557233] [global_costmap.global_costmap]: Timed out waiting for transform from base_link to map to become available, tf error: Invalid frame ID "map" passed to canTransform argument target_frame - frame does not exist
2026-08-14T16:03:14: [component_container_isolated-1] [INFO] [1786690994.837511172] [global_costmap.global_costmap]: Timed out waiting for transform from base_link to map to become available, tf error: Invalid frame ID "map" passed to canTransform argument target_frame - frame does not exist
2026-08-14T16:03:15: [component_container_isolated-1] [WARN] [1786690995.286205596] [amcl]: AMCL cannot publish a pose or update the transform. Please set the initial pose...
2026-08-14T16:03:15: [component_container_isolated-1] [INFO] [1786690995.337558481] [global_costmap.global_costmap]: Timed out waiting for transform from base_link to map to become available, tf error: Invalid frame ID "map" passed to canTransform argument target_frame - frame does not exist
2026-08-14T16:03:15: [component_container_isolated-1] [INFO] [1786690995.837554701] [global_costmap.global_costmap]: Timed out waiting for transform from base_link to map to become available, tf error: Invalid frame ID "map" passed to canTransform argument target_frame - frame does not exist
2026-08-14T16:03:16: [component_container_isolated-1] [INFO] [1786690996.337561923] [global_costmap.global_costmap]: Timed out waiting for transform from base_link to map to become available, tf error: Invalid frame ID "map" passed to canTransform argument target_frame - frame does not exist
2026-08-14T16:03:16: [component_container_isolated-1] [INFO] [1786690996.837797956] [global_costmap.global_costmap]: Timed out waiting for transform from base_link to map to become available, tf error: Invalid frame ID "map" passed to canTransform argument target_frame - frame does not exist
2026-08-14T16:03:17: [component_container_isolated-1] [INFO] [1786690997.337552097] [global_costmap.global_costmap]: Timed out waiting for transform from base_link to map to become available, tf error: Invalid frame ID "map" passed to canTransform argument target_frame - frame does not exist
2026-08-14T16:03:17: [component_container_isolated-1] [WARN] [1786690997.390224632] [amcl]: AMCL cannot publish a pose or update the transform. Please set the initial pose...
2026-08-14T16:03:17: [component_container_isolated-1] [INFO] [1786690997.837556789] [global_costmap.global_costmap]: Timed out waiting for transform from base_link to map to become available, tf error: Invalid frame ID "map" passed to canTransform argument target_frame - frame does not exist
2026-08-14T16:03:18: [component_container_isolated-1] [INFO] [1786690998.337554779] [global_costmap.global_costmap]: Timed out waiting for transform from base_link to map to become available, tf error: Invalid frame ID "map" passed to canTransform argument target_frame - frame does not exist
2026-08-14T16:03:18: [component_container_isolated-1] [INFO] [1786690998.837563049] [global_costmap.global_costmap]: Timed out waiting for transform from base_link to map to become available, tf error: Invalid frame ID "map" passed to canTransform argument target_frame - frame does not exist
2026-08-14T16:03:19: [component_container_isolated-1] [INFO] [1786690999.337577267] [global_costmap.global_costmap]: Timed out waiting for transform from base_link to map to become available, tf error: Invalid frame ID "map" passed to canTransform argument target_frame - frame does not exist
2026-08-14T16:03:19: [component_container_isolated-1] [WARN] [1786690999.494648233] [amcl]: AMCL cannot publish a pose or update the transform. Please set the initial pose...
2026-08-14T16:03:19: [component_container_isolated-1] [INFO] [1786690999.837549320] [global_costmap.global_costmap]: Timed out waiting for transform from base_link to map to become available, tf error: Invalid frame ID "map" passed to canTransform argument target_frame - frame does not exist
2026-08-14T16:03:20: [component_container_isolated-1] [INFO] [1786691000.337548023] [global_costmap.global_costmap]: Timed out waiting for transform from base_link to map to become available, tf error: Invalid frame ID "map" passed to canTransform argument target_frame - frame does not exist
2026-08-14T16:03:20: [component_container_isolated-1] [INFO] [1786691000.837556321] [global_costmap.global_costmap]: Timed out waiting for transform from base_link to map to become available, tf error: Invalid frame ID "map" passed to canTransform argument target_frame - frame does not exist
2026-08-14T16:03:21: [component_container_isolated-1] [INFO] [1786691001.337559639] [global_costmap.global_costmap]: Timed out waiting for transform from base_link to map to become available, tf error: Invalid frame ID "map" passed to canTransform argument target_frame - frame does not exist
2026-08-14T16:03:21: [component_container_isolated-1] [WARN] [1786691001.596913525] [amcl]: AMCL cannot publish a pose or update the transform. Please set the initial pose...
2026-08-14T16:03:21: [component_container_isolated-1] [INFO] [1786691001.838504156] [global_costmap.global_costmap]: Timed out waiting for transform from base_link to map to become available, tf error: Invalid frame ID "map" passed to canTransform argument target_frame - frame does not exist
2026-08-14T16:03:22: [component_container_isolated-1] [INFO] [1786691002.337561172] [global_costmap.global_costmap]: Timed out waiting for transform from base_link to map to become available, tf error: Invalid frame ID "map" passed to canTransform argument target_frame - frame does not exist
2026-08-14T16:03:22: [component_container_isolated-1] [INFO] [1786691002.837508998] [global_costmap.global_costmap]: Timed out waiting for transform from base_link to map to become available, tf error: Invalid frame ID "map" passed to canTransform argument target_frame - frame does not exist
2026-08-14T16:03:23: [component_container_isolated-1] [INFO] [1786691003.337568528] [global_costmap.global_costmap]: Timed out waiting for transform from base_link to map to become available, tf error: Invalid frame ID "map" passed to canTransform argument target_frame - frame does not exist
2026-08-14T16:03:23: [component_container_isolated-1] [WARN] [1786691003.638172324] [amcl]: AMCL cannot publish a pose or update the transform. Please set the initial pose...
2026-08-14T16:03:23: [component_container_isolated-1] [INFO] [1786691003.837566079] [global_costmap.global_costmap]: Timed out waiting for transform from base_link to map to become available, tf error: Invalid frame ID "map" passed to canTransform argument target_frame - frame does not exist
2026-08-14T16:03:24: [component_container_isolated-1] [INFO] [1786691004.337597892] [global_costmap.global_costmap]: Timed out waiting for transform from base_link to map to become available, tf error: Invalid frame ID "map" passed to canTransform argument target_frame - frame does not exist
2026-08-14T16:03:24: [component_container_isolated-1] [INFO] [1786691004.837554689] [global_costmap.global_costmap]: Timed out waiting for transform from base_link to map to become available, tf error: Invalid frame ID "map" passed to canTransform argument target_frame - frame does not exist
2026-08-14T16:03:25: [component_container_isolated-1] [INFO] [1786691005.337565266] [global_costmap.global_costmap]: Timed out waiting for transform from base_link to map to become available, tf error: Invalid frame ID "map" passed to canTransform argument target_frame - frame does not exist
2026-08-14T16:03:25: [component_container_isolated-1] [WARN] [1786691005.743854597] [amcl]: AMCL cannot publish a pose or update the transform. Please set the initial pose...
2026-08-14T16:03:25: [component_container_isolated-1] [INFO] [1786691005.837560344] [global_costmap.global_costmap]: Timed out waiting for transform from base_link to map to become available, tf error: Invalid frame ID "map" passed to canTransform argument target_frame - frame does not exist
2026-08-14T16:03:26: [component_container_isolated-1] [INFO] [1786691006.337523149] [global_costmap.global_costmap]: Timed out waiting for transform from base_link to map to become available, tf error: Invalid frame ID "map" passed to canTransform argument target_frame - frame does not exist
2026-08-14T16:03:26: [component_container_isolated-1] [INFO] [1786691006.837554693] [global_costmap.global_costmap]: Timed out waiting for transform from base_link to map to become available, tf error: Invalid frame ID "map" passed to canTransform argument target_frame - frame does not exist
2026-08-14T16:03:27: [component_container_isolated-1] [INFO] [1786691007.337684923] [global_costmap.global_costmap]: Timed out waiting for transform from base_link to map to become available, tf error: Invalid frame ID "map" passed to canTransform argument target_frame - frame does not exist
2026-08-14T16:03:27: [component_container_isolated-1] [INFO] [1786691007.837553606] [global_costmap.global_costmap]: Timed out waiting for transform from base_link to map to become available, tf error: Invalid frame ID "map" passed to canTransform argument target_frame - frame does not exist
2026-08-14T16:03:27: [component_container_isolated-1] [WARN] [1786691007.843243784] [amcl]: AMCL cannot publish a pose or update the transform. Please set the initial pose...
2026-08-14T16:03:28: [component_container_isolated-1] [INFO] [1786691008.337561566] [global_costmap.global_costmap]: Timed out waiting for transform from base_link to map to become available, tf error: Invalid frame ID "map" passed to canTransform argument target_frame - frame does not exist
2026-08-14T16:03:28: [component_container_isolated-1] [INFO] [1786691008.837552527] [global_costmap.global_costmap]: Timed out waiting for transform from base_link to map to become available, tf error: Invalid frame ID "map" passed to canTransform argument target_frame - frame does not exist
2026-08-14T16:03:29: [component_container_isolated-1] [INFO] [1786691009.337558380] [global_costmap.global_costmap]: Timed out waiting for transform from base_link to map to become available, tf error: Invalid frame ID "map" passed to canTransform argument target_frame - frame does not exist
2026-08-14T16:03:29: [component_container_isolated-1] [INFO] [1786691009.837556086] [global_costmap.global_costmap]: Timed out waiting for transform from base_link to map to become available, tf error: Invalid frame ID "map" passed to canTransform argument target_frame - frame does not exist
2026-08-14T16:03:29: [component_container_isolated-1] [WARN] [1786691009.938828759] [amcl]: AMCL cannot publish a pose or update the transform. Please set the initial pose...
2026-08-14T16:03:30: [component_container_isolated-1] [INFO] [1786691010.337563295] [global_costmap.global_costmap]: Timed out waiting for transform from base_link to map to become available, tf error: Invalid frame ID "map" passed to canTransform argument target_frame - frame does not exist
2026-08-14T16:03:30: [component_container_isolated-1] [INFO] [1786691010.837564801] [global_costmap.global_costmap]: Timed out waiting for transform from base_link to map to become available, tf error: Invalid frame ID "map" passed to canTransform argument target_frame - frame does not exist
2026-08-14T16:03:31: [component_container_isolated-1] [INFO] [1786691011.337559588] [global_costmap.global_costmap]: Timed out waiting for transform from base_link to map to become available, tf error: Invalid frame ID "map" passed to canTransform argument target_frame - frame does not exist
2026-08-14T16:03:31: [component_container_isolated-1] [INFO] [1786691011.837537507] [global_costmap.global_costmap]: Timed out waiting for transform from base_link to map to become available, tf error: Invalid frame ID "map" passed to canTransform argument target_frame - frame does not exist
2026-08-14T16:03:32: [component_container_isolated-1] [WARN] [1786691012.040938203] [amcl]: AMCL cannot publish a pose or update the transform. Please set the initial pose...
2026-08-14T16:03:32: [component_container_isolated-1] [INFO] [1786691012.337564019] [global_costmap.global_costmap]: Timed out waiting for transform from base_link to map to become available, tf error: Invalid frame ID "map" passed to canTransform argument target_frame - frame does not exist
2026-08-14T16:03:32: [component_container_isolated-1] [INFO] [1786691012.837572200] [global_costmap.global_costmap]: Timed out waiting for transform from base_link to map to become available, tf error: Invalid frame ID "map" passed to canTransform argument target_frame - frame does not exist
2026-08-14T16:03:33: [component_container_isolated-1] [INFO] [1786691013.337567550] [global_costmap.global_costmap]: Timed out waiting for transform from base_link to map to become available, tf error: Invalid frame ID "map" passed to canTransform argument target_frame - frame does not exist
2026-08-14T16:03:33: [component_container_isolated-1] [INFO] [1786691013.837572143] [global_costmap.global_costmap]: Timed out waiting for transform from base_link to map to become available, tf error: Invalid frame ID "map" passed to canTransform argument target_frame - frame does not exist
2026-08-14T16:03:34: [component_container_isolated-1] [WARN] [1786691014.088252366] [amcl]: AMCL cannot publish a pose or update the transform. Please set the initial pose...
2026-08-14T16:03:34: [component_container_isolated-1] [INFO] [1786691014.337567553] [global_costmap.global_costmap]: Timed out waiting for transform from base_link to map to become available, tf error: Invalid frame ID "map" passed to canTransform argument target_frame - frame does not exist
2026-08-14T16:03:34: [component_container_isolated-1] [INFO] [1786691014.837548057] [global_costmap.global_costmap]: Timed out waiting for transform from base_link to map to become available, tf error: Invalid frame ID "map" passed to canTransform argument target_frame - frame does not exist
2026-08-14T16:03:35: [component_container_isolated-1] [INFO] [1786691015.337554101] [global_costmap.global_costmap]: Timed out waiting for transform from base_link to map to become available, tf error: Invalid frame ID "map" passed to canTransform argument target_frame - frame does not exist
2026-08-14T16:03:35: [component_container_isolated-1] [INFO] [1786691015.837553516] [global_costmap.global_costmap]: Timed out waiting for transform from base_link to map to become available, tf error: Invalid frame ID "map" passed to canTransform argument target_frame - frame does not exist
2026-08-14T16:03:36: [component_container_isolated-1] [WARN] [1786691016.193171543] [amcl]: AMCL cannot publish a pose or update the transform. Please set the initial pose...
2026-08-14T16:03:36: [component_container_isolated-1] [INFO] [1786691016.337689152] [global_costmap.global_costmap]: Timed out waiting for transform from base_link to map to become available, tf error: Invalid frame ID "map" passed to canTransform argument target_frame - frame does not exist
2026-08-14T16:03:36: [component_container_isolated-1] [INFO] [1786691016.837564315] [global_costmap.global_costmap]: Timed out waiting for transform from base_link to map to become available, tf error: Invalid frame ID "map" passed to canTransform argument target_frame - frame does not exist
2026-08-14T16:03:37: [component_container_isolated-1] [INFO] [1786691017.338010299] [global_costmap.global_costmap]: Timed out waiting for transform from base_link to map to become available, tf error: Invalid frame ID "map" passed to canTransform argument target_frame - frame does not exist
2026-08-14T16:03:37: [component_container_isolated-1] [INFO] [1786691017.837573419] [global_costmap.global_costmap]: Timed out waiting for transform from base_link to map to become available, tf error: Invalid frame ID "map" passed to canTransform argument target_frame - frame does not exist
2026-08-14T16:03:38: [component_container_isolated-1] [WARN] [1786691018.293108688] [amcl]: AMCL cannot publish a pose or update the transform. Please set the initial pose...
2026-08-14T16:03:38: [component_container_isolated-1] [INFO] [1786691018.337553030] [global_costmap.global_costmap]: Timed out waiting for transform from base_link to map to become available, tf error: Invalid frame ID "map" passed to canTransform argument target_frame - frame does not exist
2026-08-14T16:03:38: [component_container_isolated-1] [INFO] [1786691018.837555235] [global_costmap.global_costmap]: Timed out waiting for transform from base_link to map to become available, tf error: Invalid frame ID "map" passed to canTransform argument target_frame - frame does not exist
2026-08-14T16:03:39: [component_container_isolated-1] [INFO] [1786691019.337535831] [global_costmap.global_costmap]: Timed out waiting for transform from base_link to map to become available, tf error: Invalid frame ID "map" passed to canTransform argument target_frame - frame does not exist
2026-08-14T16:03:39: [component_container_isolated-1] [INFO] [1786691019.838473236] [global_costmap.global_costmap]: Timed out waiting for transform from base_link to map to become available, tf error: Invalid frame ID "map" passed to canTransform argument target_frame - frame does not exist
2026-08-14T16:03:40: [component_container_isolated-1] [INFO] [1786691020.337558250] [global_costmap.global_costmap]: Timed out waiting for transform from base_link to map to become available, tf error: Invalid frame ID "map" passed to canTransform argument target_frame - frame does not exist
2026-08-14T16:03:40: [component_container_isolated-1] [WARN] [1786691020.388008874] [amcl]: AMCL cannot publish a pose or update the transform. Please set the initial pose...
2026-08-14T16:03:40: [component_container_isolated-1] [INFO] [1786691020.837546111] [global_costmap.global_costmap]: Timed out waiting for transform from base_link to map to become available, tf error: Invalid frame ID "map" passed to canTransform argument target_frame - frame does not exist
2026-08-14T16:03:41: [component_container_isolated-1] [INFO] [1786691021.337574324] [global_costmap.global_costmap]: Timed out waiting for transform from base_link to map to become available, tf error: Invalid frame ID "map" passed to canTransform argument target_frame - frame does not exist
2026-08-14T16:03:41: [component_container_isolated-1] [INFO] [1786691021.837741443] [global_costmap.global_costmap]: Timed out waiting for transform from base_link to map to become available, tf error: Invalid frame ID "map" passed to canTransform argument target_frame - frame does not exist
2026-08-14T16:03:42: [component_container_isolated-1] [INFO] [1786691022.337566888] [global_costmap.global_costmap]: Timed out waiting for transform from base_link to map to become available, tf error: Invalid frame ID "map" passed to canTransform argument target_frame - frame does not exist
2026-08-14T16:03:42: [component_container_isolated-1] [WARN] [1786691022.491265753] [amcl]: AMCL cannot publish a pose or update the transform. Please set the initial pose...
2026-08-14T16:03:42: [component_container_isolated-1] [INFO] [1786691022.837560404] [global_costmap.global_costmap]: Timed out waiting for transform from base_link to map to become available, tf error: Invalid frame ID "map" passed to canTransform argument target_frame - frame does not exist
2026-08-14T16:03:43: [component_container_isolated-1] [INFO] [1786691023.337580293] [global_costmap.global_costmap]: Timed out waiting for transform from base_link to map to become available, tf error: Invalid frame ID "map" passed to canTransform argument target_frame - frame does not exist
2026-08-14T16:03:43: [component_container_isolated-1] [INFO] [1786691023.837572090] [global_costmap.global_costmap]: Timed out waiting for transform from base_link to map to become available, tf error: Invalid frame ID "map" passed to canTransform argument target_frame - frame does not exist
2026-08-14T16:03:44: [component_container_isolated-1] [INFO] [1786691024.337583834] [global_costmap.global_costmap]: Timed out waiting for transform from base_link to map to become available, tf error: Invalid frame ID "map" passed to canTransform argument target_frame - frame does not exist
2026-08-14T16:03:44: [component_container_isolated-1] [WARN] [1786691024.537003307] [amcl]: AMCL cannot publish a pose or update the transform. Please set the initial pose...
2026-08-14T16:03:44: [component_container_isolated-1] [INFO] [1786691024.837570450] [global_costmap.global_costmap]: Timed out waiting for transform from base_link to map to become available, tf error: Invalid frame ID "map" passed to canTransform argument target_frame - frame does not exist
2026-08-14T16:03:45: [component_container_isolated-1] [INFO] [1786691025.337573235] [global_costmap.global_costmap]: Timed out waiting for transform from base_link to map to become available, tf error: Invalid frame ID "map" passed to canTransform argument target_frame - frame does not exist
2026-08-14T16:03:45: [component_container_isolated-1] [INFO] [1786691025.837658019] [global_costmap.global_costmap]: Timed out waiting for transform from base_link to map to become available, tf error: Invalid frame ID "map" passed to canTransform argument target_frame - frame does not exist
2026-08-14T16:03:46: [component_container_isolated-1] [INFO] [1786691026.337558662] [global_costmap.global_costmap]: Timed out waiting for transform from base_link to map to become available, tf error: Invalid frame ID "map" passed to canTransform argument target_frame - frame does not exist
2026-08-14T16:03:46: [component_container_isolated-1] [WARN] [1786691026.546890479] [amcl]: AMCL cannot publish a pose or update the transform. Please set the initial pose...
2026-08-14T16:03:46: [component_container_isolated-1] [INFO] [1786691026.837565636] [global_costmap.global_costmap]: Timed out waiting for transform from base_link to map to become available, tf error: Invalid frame ID "map" passed to canTransform argument target_frame - frame does not exist
2026-08-14T16:03:47: [component_container_isolated-1] [INFO] [1786691027.337902271] [global_costmap.global_costmap]: Timed out waiting for transform from base_link to map to become available, tf error: Invalid frame ID "map" passed to canTransform argument target_frame - frame does not exist
2026-08-14T16:03:47: [component_container_isolated-1] [INFO] [1786691027.837559925] [global_costmap.global_costmap]: Timed out waiting for transform from base_link to map to become available, tf error: Invalid frame ID "map" passed to canTransform argument target_frame - frame does not exist
2026-08-14T16:03:48: [component_container_isolated-1] [INFO] [1786691028.337570536] [global_costmap.global_costmap]: Timed out waiting for transform from base_link to map to become available, tf error: Invalid frame ID "map" passed to canTransform argument target_frame - frame does not exist
2026-08-14T16:03:48: [component_container_isolated-1] [WARN] [1786691028.645960252] [amcl]: AMCL cannot publish a pose or update the transform. Please set the initial pose...
2026-08-14T16:03:48: [component_container_isolated-1] [INFO] [1786691028.837552092] [global_costmap.global_costmap]: Timed out waiting for transform from base_link to map to become available, tf error: Invalid frame ID "map" passed to canTransform argument target_frame - frame does not exist
2026-08-14T16:03:49: [component_container_isolated-1] [INFO] [1786691029.337557261] [global_costmap.global_costmap]: Timed out waiting for transform from base_link to map to become available, tf error: Invalid frame ID "map" passed to canTransform argument target_frame - frame does not exist
2026-08-14T16:03:49: [component_container_isolated-1] [INFO] [1786691029.837558802] [global_costmap.global_costmap]: Timed out waiting for transform from base_link to map to become available, tf error: Invalid frame ID "map" passed to canTransform argument target_frame - frame does not exist
2026-08-14T16:03:50: [component_container_isolated-1] [INFO] [1786691030.337612641] [global_costmap.global_costmap]: Timed out waiting for transform from base_link to map to become available, tf error: Invalid frame ID "map" passed to canTransform argument target_frame - frame does not exist
2026-08-14T16:03:50: [component_container_isolated-1] [WARN] [1786691030.735651755] [amcl]: AMCL cannot publish a pose or update the transform. Please set the initial pose...
2026-08-14T16:03:50: [component_container_isolated-1] [INFO] [1786691030.837557520] [global_costmap.global_costmap]: Timed out waiting for transform from base_link to map to become available, tf error: Invalid frame ID "map" passed to canTransform argument target_frame - frame does not exist
2026-08-14T16:03:51: [component_container_isolated-1] [INFO] [1786691031.337581047] [global_costmap.global_costmap]: Timed out waiting for transform from base_link to map to become available, tf error: Invalid frame ID "map" passed to canTransform argument target_frame - frame does not exist
2026-08-14T16:03:51: [component_container_isolated-1] [INFO] [1786691031.837569003] [global_costmap.global_costmap]: Timed out waiting for transform from base_link to map to become available, tf error: Invalid frame ID "map" passed to canTransform argument target_frame - frame does not exist
2026-08-14T16:03:52: [component_container_isolated-1] [INFO] [1786691032.337666847] [global_costmap.global_costmap]: Timed out waiting for transform from base_link to map to become available, tf error: Invalid frame ID "map" passed to canTransform argument target_frame - frame does not exist
2026-08-14T16:03:52: [component_container_isolated-1] [WARN] [1786691032.785225213] [amcl]: AMCL cannot publish a pose or update the transform. Please set the initial pose...
2026-08-14T16:03:52: [component_container_isolated-1] [INFO] [1786691032.837571864] [global_costmap.global_costmap]: Timed out waiting for transform from base_link to map to become available, tf error: Invalid frame ID "map" passed to canTransform argument target_frame - frame does not exist
2026-08-14T16:03:53: [component_container_isolated-1] [INFO] [1786691033.337562010] [global_costmap.global_costmap]: Timed out waiting for transform from base_link to map to become available, tf error: Invalid frame ID "map" passed to canTransform argument target_frame - frame does not exist
2026-08-14T16:03:53: [component_container_isolated-1] [INFO] [1786691033.837561843] [global_costmap.global_costmap]: Timed out waiting for transform from base_link to map to become available, tf error: Invalid frame ID "map" passed to canTransform argument target_frame - frame does not exist
2026-08-14T16:03:54: [component_container_isolated-1] [INFO] [1786691034.337565863] [global_costmap.global_costmap]: Timed out waiting for transform from base_link to map to become available, tf error: Invalid frame ID "map" passed to canTransform argument target_frame - frame does not exist
2026-08-14T16:03:54: [component_container_isolated-1] [INFO] [1786691034.837563347] [global_costmap.global_costmap]: Timed out waiting for transform from base_link to map to become available, tf error: Invalid frame ID "map" passed to canTransform argument target_frame - frame does not exist
2026-08-14T16:03:54: [component_container_isolated-1] [WARN] [1786691034.888542424] [amcl]: AMCL cannot publish a pose or update the transform. Please set the initial pose...
2026-08-14T16:03:55: [component_container_isolated-1] [INFO] [1786691035.337588388] [global_costmap.global_costmap]: Timed out waiting for transform from base_link to map to become available, tf error: Invalid frame ID "map" passed to canTransform argument target_frame - frame does not exist
2026-08-14T16:03:55: [component_container_isolated-1] [INFO] [1786691035.837581191] [global_costmap.global_costmap]: Timed out waiting for transform from base_link to map to become available, tf error: Invalid frame ID "map" passed to canTransform argument target_frame - frame does not exist
2026-08-14T16:03:56: [component_container_isolated-1] [INFO] [1786691036.337575384] [global_costmap.global_costmap]: Timed out waiting for transform from base_link to map to become available, tf error: Invalid frame ID "map" passed to canTransform argument target_frame - frame does not exist
2026-08-14T16:03:56: [component_container_isolated-1] [INFO] [1786691036.837563542] [global_costmap.global_costmap]: Timed out waiting for transform from base_link to map to become available, tf error: Invalid frame ID "map" passed to canTransform argument target_frame - frame does not exist
2026-08-14T16:03:56: [component_container_isolated-1] [WARN] [1786691036.890378348] [amcl]: AMCL cannot publish a pose or update the transform. Please set the initial pose...
2026-08-14T16:03:57: [component_container_isolated-1] [INFO] [1786691037.337559368] [global_costmap.global_costmap]: Timed out waiting for transform from base_link to map to become available, tf error: Invalid frame ID "map" passed to canTransform argument target_frame - frame does not exist
2026-08-14T16:03:57: [component_container_isolated-1] [INFO] [1786691037.837556325] [global_costmap.global_costmap]: Timed out waiting for transform from base_link to map to become available, tf error: Invalid frame ID "map" passed to canTransform argument target_frame - frame does not exist
2026-08-14T16:03:58: [component_container_isolated-1] [INFO] [1786691038.337597487] [global_costmap.global_costmap]: Timed out waiting for transform from base_link to map to become available, tf error: Invalid frame ID "map" passed to canTransform argument target_frame - frame does not exist
2026-08-14T16:03:58: [component_container_isolated-1] [INFO] [1786691038.837555226] [global_costmap.global_costmap]: Timed out waiting for transform from base_link to map to become available, tf error: Invalid frame ID "map" passed to canTransform argument target_frame - frame does not exist
2026-08-14T16:03:58: [component_container_isolated-1] [WARN] [1786691038.986163487] [amcl]: AMCL cannot publish a pose or update the transform. Please set the initial pose...
2026-08-14T16:03:59: [component_container_isolated-1] [INFO] [1786691039.337554781] [global_costmap.global_costmap]: Timed out waiting for transform from base_link to map to become available, tf error: Invalid frame ID "map" passed to canTransform argument target_frame - frame does not exist
2026-08-14T16:03:59: [component_container_isolated-1] [INFO] [1786691039.837600355] [global_costmap.global_costmap]: Timed out waiting for transform from base_link to map to become available, tf error: Invalid frame ID "map" passed to canTransform argument target_frame - frame does not exist
2026-08-14T16:04:00: [component_container_isolated-1] [INFO] [1786691040.337578617] [global_costmap.global_costmap]: Timed out waiting for transform from base_link to map to become available, tf error: Invalid frame ID "map" passed to canTransform argument target_frame - frame does not exist
2026-08-14T16:04:00: [component_container_isolated-1] [INFO] [1786691040.837572010] [global_costmap.global_costmap]: Timed out waiting for transform from base_link to map to become available, tf error: Invalid frame ID "map" passed to canTransform argument target_frame - frame does not exist
2026-08-14T16:04:00: [component_container_isolated-1] [WARN] [1786691040.989855766] [amcl]: AMCL cannot publish a pose or update the transform. Please set the initial pose...
2026-08-14T16:04:01: [component_container_isolated-1] [INFO] [1786691041.337576090] [global_costmap.global_costmap]: Timed out waiting for transform from base_link to map to become available, tf error: Invalid frame ID "map" passed to canTransform argument target_frame - frame does not exist
2026-08-14T16:04:01: [component_container_isolated-1] [INFO] [1786691041.837532987] [global_costmap.global_costmap]: Timed out waiting for transform from base_link to map to become available, tf error: Invalid frame ID "map" passed to canTransform argument target_frame - frame does not exist
2026-08-14T16:04:02: [component_container_isolated-1] [INFO] [1786691042.337597754] [global_costmap.global_costmap]: Timed out waiting for transform from base_link to map to become available, tf error: Invalid frame ID "map" passed to canTransform argument target_frame - frame does not exist
2026-08-14T16:04:02: [component_container_isolated-1] [INFO] [1786691042.837653725] [global_costmap.global_costmap]: Timed out waiting for transform from base_link to map to become available, tf error: Invalid frame ID "map" passed to canTransform argument target_frame - frame does not exist
2026-08-14T16:04:03: [component_container_isolated-1] [WARN] [1786691043.047348352] [amcl]: AMCL cannot publish a pose or update the transform. Please set the initial pose...
2026-08-14T16:04:03: [component_container_isolated-1] [INFO] [1786691043.337552333] [global_costmap.global_costmap]: Timed out waiting for transform from base_link to map to become available, tf error: Invalid frame ID "map" passed to canTransform argument target_frame - frame does not exist
2026-08-14T16:04:03: [component_container_isolated-1] [INFO] [1786691043.837567346] [global_costmap.global_costmap]: Timed out waiting for transform from base_link to map to become available, tf error: Invalid frame ID "map" passed to canTransform argument target_frame - frame does not exist
2026-08-14T16:04:04: [component_container_isolated-1] [INFO] [1786691044.337600805] [global_costmap.global_costmap]: Timed out waiting for transform from base_link to map to become available, tf error: Invalid frame ID "map" passed to canTransform argument target_frame - frame does not exist
2026-08-14T16:04:04: [component_container_isolated-1] [INFO] [1786691044.837571248] [global_costmap.global_costmap]: Timed out waiting for transform from base_link to map to become available, tf error: Invalid frame ID "map" passed to canTransform argument target_frame - frame does not exist
2026-08-14T16:04:05: [component_container_isolated-1] [WARN] [1786691045.136342647] [amcl]: AMCL cannot publish a pose or update the transform. Please set the initial pose...
2026-08-14T16:04:05: [component_container_isolated-1] [INFO] [1786691045.337576877] [global_costmap.global_costmap]: Timed out waiting for transform from base_link to map to become available, tf error: Invalid frame ID "map" passed to canTransform argument target_frame - frame does not exist
2026-08-14T16:04:05: [component_container_isolated-1] [INFO] [1786691045.837566712] [global_costmap.global_costmap]: Timed out waiting for transform from base_link to map to become available, tf error: Invalid frame ID "map" passed to canTransform argument target_frame - frame does not exist
2026-08-14T16:04:06: [component_container_isolated-1] [INFO] [1786691046.337611306] [global_costmap.global_costmap]: Timed out waiting for transform from base_link to map to become available, tf error: Invalid frame ID "map" passed to canTransform argument target_frame - frame does not exist
2026-08-14T16:04:06: [component_container_isolated-1] [INFO] [1786691046.837557516] [global_costmap.global_costmap]: Timed out waiting for transform from base_link to map to become available, tf error: Invalid frame ID "map" passed to canTransform argument target_frame - frame does not exist
2026-08-14T16:04:07: [component_container_isolated-1] [WARN] [1786691047.238810346] [amcl]: AMCL cannot publish a pose or update the transform. Please set the initial pose...
2026-08-14T16:04:07: [component_container_isolated-1] [INFO] [1786691047.337562021] [global_costmap.global_costmap]: Timed out waiting for transform from base_link to map to become available, tf error: Invalid frame ID "map" passed to canTransform argument target_frame - frame does not exist
2026-08-14T16:04:07: [component_container_isolated-1] [INFO] [1786691047.837564029] [global_costmap.global_costmap]: Timed out waiting for transform from base_link to map to become available, tf error: Invalid frame ID "map" passed to canTransform argument target_frame - frame does not exist
2026-08-14T16:04:08: [component_container_isolated-1] [INFO] [1786691048.337676849] [global_costmap.global_costmap]: Timed out waiting for transform from base_link to map to become available, tf error: Invalid frame ID "map" passed to canTransform argument target_frame - frame does not exist
2026-08-14T16:04:08: [component_container_isolated-1] [INFO] [1786691048.837564585] [global_costmap.global_costmap]: Timed out waiting for transform from base_link to map to become available, tf error: Invalid frame ID "map" passed to canTransform argument target_frame - frame does not exist
2026-08-14T16:04:09: [component_container_isolated-1] [INFO] [1786691049.337518450] [global_costmap.global_costmap]: Timed out waiting for transform from base_link to map to become available, tf error: Invalid frame ID "map" passed to canTransform argument target_frame - frame does not exist
2026-08-14T16:04:09: [component_container_isolated-1] [WARN] [1786691049.343065466] [amcl]: AMCL cannot publish a pose or update the transform. Please set the initial pose...
2026-08-14T16:04:09: [component_container_isolated-1] [INFO] [1786691049.837566295] [global_costmap.global_costmap]: Timed out waiting for transform from base_link to map to become available, tf error: Invalid frame ID "map" passed to canTransform argument target_frame - frame does not exist
2026-08-14T16:04:10: [component_container_isolated-1] [INFO] [1786691050.337573977] [global_costmap.global_costmap]: Timed out waiting for transform from base_link to map to become available, tf error: Invalid frame ID "map" passed to canTransform argument target_frame - frame does not exist
2026-08-14T16:04:10: [component_container_isolated-1] [INFO] [1786691050.837575808] [global_costmap.global_costmap]: Timed out waiting for transform from base_link to map to become available, tf error: Invalid frame ID "map" passed to canTransform argument target_frame - frame does not exist
2026-08-14T16:04:11: [component_container_isolated-1] [INFO] [1786691051.337835652] [global_costmap.global_costmap]: Timed out waiting for transform from base_link to map to become available, tf error: Invalid frame ID "map" passed to canTransform argument target_frame - frame does not exist
2026-08-14T16:04:11: [component_container_isolated-1] [WARN] [1786691051.445578050] [amcl]: AMCL cannot publish a pose or update the transform. Please set the initial pose...
2026-08-14T16:04:11: [component_container_isolated-1] [INFO] [1786691051.837565104] [global_costmap.global_costmap]: Timed out waiting for transform from base_link to map to become available, tf error: Invalid frame ID "map" passed to canTransform argument target_frame - frame does not exist
2026-08-14T16:04:12: [component_container_isolated-1] [INFO] [1786691052.337562162] [global_costmap.global_costmap]: Timed out waiting for transform from base_link to map to become available, tf error: Invalid frame ID "map" passed to canTransform argument target_frame - frame does not exist
2026-08-14T16:04:12: [component_container_isolated-1] [INFO] [1786691052.837565721] [global_costmap.global_costmap]: Timed out waiting for transform from base_link to map to become available, tf error: Invalid frame ID "map" passed to canTransform argument target_frame - frame does not exist
2026-08-14T16:04:13: [component_container_isolated-1] [INFO] [1786691053.337564319] [global_costmap.global_costmap]: Timed out waiting for transform from base_link to map to become available, tf error: Invalid frame ID "map" passed to canTransform argument target_frame - frame does not exist
2026-08-14T16:04:13: [component_container_isolated-1] [WARN] [1786691053.484439863] [amcl]: AMCL cannot publish a pose or update the transform. Please set the initial pose...
2026-08-14T16:04:13: [component_container_isolated-1] [INFO] [1786691053.837682804] [global_costmap.global_costmap]: Timed out waiting for transform from base_link to map to become available, tf error: Invalid frame ID "map" passed to canTransform argument target_frame - frame does not exist
2026-08-14T16:04:14: [component_container_isolated-1] [INFO] [1786691054.337563093] [global_costmap.global_costmap]: Timed out waiting for transform from base_link to map to become available, tf error: Invalid frame ID "map" passed to canTransform argument target_frame - frame does not exist
2026-08-14T16:04:14: [component_container_isolated-1] [INFO] [1786691054.837577065] [global_costmap.global_costmap]: Timed out waiting for transform from base_link to map to become available, tf error: Invalid frame ID "map" passed to canTransform argument target_frame - frame does not exist
2026-08-14T16:04:15: [component_container_isolated-1] [INFO] [1786691055.337564503] [global_costmap.global_costmap]: Timed out waiting for transform from base_link to map to become available, tf error: Invalid frame ID "map" passed to canTransform argument target_frame - frame does not exist
2026-08-14T16:04:15: [component_container_isolated-1] [WARN] [1786691055.589680072] [amcl]: AMCL cannot publish a pose or update the transform. Please set the initial pose...
2026-08-14T16:04:15: [component_container_isolated-1] [INFO] [1786691055.837595884] [global_costmap.global_costmap]: Timed out waiting for transform from base_link to map to become available, tf error: Invalid frame ID "map" passed to canTransform argument target_frame - frame does not exist
2026-08-14T16:04:16: [component_container_isolated-1] [INFO] [1786691056.337581714] [global_costmap.global_costmap]: Timed out waiting for transform from base_link to map to become available, tf error: Invalid frame ID "map" passed to canTransform argument target_frame - frame does not exist
2026-08-14T16:04:16: [component_container_isolated-1] [INFO] [1786691056.837691949] [global_costmap.global_costmap]: Timed out waiting for transform from base_link to map to become available, tf error: Invalid frame ID "map" passed to canTransform argument target_frame - frame does not exist
2026-08-14T16:04:17: [component_container_isolated-1] [INFO] [1786691057.337557717] [global_costmap.global_costmap]: Timed out waiting for transform from base_link to map to become available, tf error: Invalid frame ID "map" passed to canTransform argument target_frame - frame does not exist
2026-08-14T16:04:17: [component_container_isolated-1] [WARN] [1786691057.685099924] [amcl]: AMCL cannot publish a pose or update the transform. Please set the initial pose...
2026-08-14T16:04:17: [component_container_isolated-1] [INFO] [1786691057.837573201] [global_costmap.global_costmap]: Timed out waiting for transform from base_link to map to become available, tf error: Invalid frame ID "map" passed to canTransform argument target_frame - frame does not exist
2026-08-14T16:04:18: [component_container_isolated-1] [INFO] [1786691058.337645859] [global_costmap.global_costmap]: Timed out waiting for transform from base_link to map to become available, tf error: Invalid frame ID "map" passed to canTransform argument target_frame - frame does not exist
2026-08-14T16:04:18: [component_container_isolated-1] [INFO] [1786691058.837558071] [global_costmap.global_costmap]: Timed out waiting for transform from base_link to map to become available, tf error: Invalid frame ID "map" passed to canTransform argument target_frame - frame does not exist
2026-08-14T16:04:19: [component_container_isolated-1] [INFO] [1786691059.337569458] [global_costmap.global_costmap]: Timed out waiting for transform from base_link to map to become available, tf error: Invalid frame ID "map" passed to canTransform argument target_frame - frame does not exist
2026-08-14T16:04:19: [component_container_isolated-1] [WARN] [1786691059.783427183] [amcl]: AMCL cannot publish a pose or update the transform. Please set the initial pose...
2026-08-14T16:04:19: [component_container_isolated-1] [INFO] [1786691059.837634710] [global_costmap.global_costmap]: Timed out waiting for transform from base_link to map to become available, tf error: Invalid frame ID "map" passed to canTransform argument target_frame - frame does not exist
2026-08-14T16:04:20: [component_container_isolated-1] [INFO] [1786691060.337581584] [global_costmap.global_costmap]: Timed out waiting for transform from base_link to map to become available, tf error: Invalid frame ID "map" passed to canTransform argument target_frame - frame does not exist
2026-08-14T16:04:20: [component_container_isolated-1] [INFO] [1786691060.837585546] [global_costmap.global_costmap]: Timed out waiting for transform from base_link to map to become available, tf error: Invalid frame ID "map" passed to canTransform argument target_frame - frame does not exist
2026-08-14T16:04:21: [component_container_isolated-1] [INFO] [1786691061.337588407] [global_costmap.global_costmap]: Timed out waiting for transform from base_link to map to become available, tf error: Invalid frame ID "map" passed to canTransform argument target_frame - frame does not exist
2026-08-14T16:04:21: [component_container_isolated-1] [INFO] [1786691061.837696816] [global_costmap.global_costmap]: Timed out waiting for transform from base_link to map to become available, tf error: Invalid frame ID "map" passed to canTransform argument target_frame - frame does not exist
2026-08-14T16:04:21: [component_container_isolated-1] [WARN] [1786691061.841179751] [amcl]: AMCL cannot publish a pose or update the transform. Please set the initial pose...
2026-08-14T16:04:22: [component_container_isolated-1] [INFO] [1786691062.337613572] [global_costmap.global_costmap]: Timed out waiting for transform from base_link to map to become available, tf error: Invalid frame ID "map" passed to canTransform argument target_frame - frame does not exist
2026-08-14T16:04:22: [component_container_isolated-1] [INFO] [1786691062.839137794] [global_costmap.global_costmap]: Timed out waiting for transform from base_link to map to become available, tf error: Invalid frame ID "map" passed to canTransform argument target_frame - frame does not exist
2026-08-14T16:04:23: [component_container_isolated-1] [INFO] [1786691063.337739617] [global_costmap.global_costmap]: Timed out waiting for transform from base_link to map to become available, tf error: Invalid frame ID "map" passed to canTransform argument target_frame - frame does not exist
2026-08-14T16:04:23: [component_container_isolated-1] [INFO] [1786691063.837733891] [global_costmap.global_costmap]: Timed out waiting for transform from base_link to map to become available, tf error: Invalid frame ID "map" passed to canTransform argument target_frame - frame does not exist
2026-08-14T16:04:23: [component_container_isolated-1] [WARN] [1786691063.940687239] [amcl]: AMCL cannot publish a pose or update the transform. Please set the initial pose...
2026-08-14T16:04:24: [component_container_isolated-1] [INFO] [1786691064.337689213] [global_costmap.global_costmap]: Timed out waiting for transform from base_link to map to become available, tf error: Invalid frame ID "map" passed to canTransform argument target_frame - frame does not exist
2026-08-14T16:04:24: [component_container_isolated-1] [INFO] [1786691064.837692325] [global_costmap.global_costmap]: Timed out waiting for transform from base_link to map to become available, tf error: Invalid frame ID "map" passed to canTransform argument target_frame - frame does not exist
2026-08-14T16:04:25: [component_container_isolated-1] [INFO] [1786691065.337594709] [global_costmap.global_costmap]: Timed out waiting for transform from base_link to map to become available, tf error: Invalid frame ID "map" passed to canTransform argument target_frame - frame does not exist
2026-08-14T16:04:25: [component_container_isolated-1] [INFO] [1786691065.837562624] [global_costmap.global_costmap]: Timed out waiting for transform from base_link to map to become available, tf error: Invalid frame ID "map" passed to canTransform argument target_frame - frame does not exist
2026-08-14T16:04:26: [component_container_isolated-1] [WARN] [1786691066.045386549] [amcl]: AMCL cannot publish a pose or update the transform. Please set the initial pose...
2026-08-14T16:04:26: [component_container_isolated-1] [INFO] [1786691066.337601159] [global_costmap.global_costmap]: Timed out waiting for transform from base_link to map to become available, tf error: Invalid frame ID "map" passed to canTransform argument target_frame - frame does not exist
2026-08-14T16:04:26: [component_container_isolated-1] [INFO] [1786691066.837588950] [global_costmap.global_costmap]: Timed out waiting for transform from base_link to map to become available, tf error: Invalid frame ID "map" passed to canTransform argument target_frame - frame does not exist
2026-08-14T16:04:27: [component_container_isolated-1] [INFO] [1786691067.337582398] [global_costmap.global_costmap]: Timed out waiting for transform from base_link to map to become available, tf error: Invalid frame ID "map" passed to canTransform argument target_frame - frame does not exist
2026-08-14T16:04:27: [component_container_isolated-1] [INFO] [1786691067.837623990] [global_costmap.global_costmap]: Timed out waiting for transform from base_link to map to become available, tf error: Invalid frame ID "map" passed to canTransform argument target_frame - frame does not exist
2026-08-14T16:04:28: [component_container_isolated-1] [WARN] [1786691068.143623014] [amcl]: AMCL cannot publish a pose or update the transform. Please set the initial pose...
2026-08-14T16:04:28: [component_container_isolated-1] [INFO] [1786691068.337546538] [global_costmap.global_costmap]: Timed out waiting for transform from base_link to map to become available, tf error: Invalid frame ID "map" passed to canTransform argument target_frame - frame does not exist
2026-08-14T16:04:28: [component_container_isolated-1] [INFO] [1786691068.837584709] [global_costmap.global_costmap]: Timed out waiting for transform from base_link to map to become available, tf error: Invalid frame ID "map" passed to canTransform argument target_frame - frame does not exist
2026-08-14T16:04:29: [component_container_isolated-1] [INFO] [1786691069.337556706] [global_costmap.global_costmap]: Timed out waiting for transform from base_link to map to become available, tf error: Invalid frame ID "map" passed to canTransform argument target_frame - frame does not exist
2026-08-14T16:04:29: [component_container_isolated-1] [INFO] [1786691069.837609790] [global_costmap.global_costmap]: Timed out waiting for transform from base_link to map to become available, tf error: Invalid frame ID "map" passed to canTransform argument target_frame - frame does not exist
2026-08-14T16:04:30: [component_container_isolated-1] [WARN] [1786691070.184803222] [amcl]: AMCL cannot publish a pose or update the transform. Please set the initial pose...
2026-08-14T16:04:30: [component_container_isolated-1] [INFO] [1786691070.337605015] [global_costmap.global_costmap]: Timed out waiting for transform from base_link to map to become available, tf error: Invalid frame ID "map" passed to canTransform argument target_frame - frame does not exist
2026-08-14T16:04:30: [component_container_isolated-1] [INFO] [1786691070.838033468] [global_costmap.global_costmap]: Timed out waiting for transform from base_link to map to become available, tf error: Invalid frame ID "map" passed to canTransform argument target_frame - frame does not exist
2026-08-14T16:04:31: [component_container_isolated-1] [INFO] [1786691071.337587207] [global_costmap.global_costmap]: Timed out waiting for transform from base_link to map to become available, tf error: Invalid frame ID "map" passed to canTransform argument target_frame - frame does not exist
2026-08-14T16:04:31: [component_container_isolated-1] [INFO] [1786691071.837566100] [global_costmap.global_costmap]: Timed out waiting for transform from base_link to map to become available, tf error: Invalid frame ID "map" passed to canTransform argument target_frame - frame does not exist
2026-08-14T16:04:32: [component_container_isolated-1] [WARN] [1786691072.283977076] [amcl]: AMCL cannot publish a pose or update the transform. Please set the initial pose...
2026-08-14T16:04:32: [component_container_isolated-1] [INFO] [1786691072.337565318] [global_costmap.global_costmap]: Timed out waiting for transform from base_link to map to become available, tf error: Invalid frame ID "map" passed to canTransform argument target_frame - frame does not exist
2026-08-14T16:04:32: [component_container_isolated-1] [INFO] [1786691072.837598086] [global_costmap.global_costmap]: Timed out waiting for transform from base_link to map to become available, tf error: Invalid frame ID "map" passed to canTransform argument target_frame - frame does not exist
2026-08-14T16:04:33: [component_container_isolated-1] [INFO] [1786691073.337575162] [global_costmap.global_costmap]: Timed out waiting for transform from base_link to map to become available, tf error: Invalid frame ID "map" passed to canTransform argument target_frame - frame does not exist
2026-08-14T16:04:33: [component_container_isolated-1] [INFO] [1786691073.837589270] [global_costmap.global_costmap]: Timed out waiting for transform from base_link to map to become available, tf error: Invalid frame ID "map" passed to canTransform argument target_frame - frame does not exist
2026-08-14T16:04:34: [component_container_isolated-1] [WARN] [1786691074.294702445] [amcl]: AMCL cannot publish a pose or update the transform. Please set the initial pose...
2026-08-14T16:04:34: [component_container_isolated-1] [INFO] [1786691074.337588370] [global_costmap.global_costmap]: Timed out waiting for transform from base_link to map to become available, tf error: Invalid frame ID "map" passed to canTransform argument target_frame - frame does not exist
2026-08-14T16:04:34: [component_container_isolated-1] [INFO] [1786691074.837603002] [global_costmap.global_costmap]: Timed out waiting for transform from base_link to map to become available, tf error: Invalid frame ID "map" passed to canTransform argument target_frame - frame does not exist
2026-08-14T16:04:35: [component_container_isolated-1] [INFO] [1786691075.337564072] [global_costmap.global_costmap]: Timed out waiting for transform from base_link to map to become available, tf error: Invalid frame ID "map" passed to canTransform argument target_frame - frame does not exist
2026-08-14T16:04:35: [component_container_isolated-1] [INFO] [1786691075.837603802] [global_costmap.global_costmap]: Timed out waiting for transform from base_link to map to become available, tf error: Invalid frame ID "map" passed to canTransform argument target_frame - frame does not exist
2026-08-14T16:04:36: [component_container_isolated-1] [INFO] [1786691076.337778188] [global_costmap.global_costmap]: Timed out waiting for transform from base_link to map to become available, tf error: Invalid frame ID "map" passed to canTransform argument target_frame - frame does not exist
2026-08-14T16:04:36: [component_container_isolated-1] [WARN] [1786691076.385035638] [amcl]: AMCL cannot publish a pose or update the transform. Please set the initial pose...
2026-08-14T16:04:36: [component_container_isolated-1] [INFO] [1786691076.837573744] [global_costmap.global_costmap]: Timed out waiting for transform from base_link to map to become available, tf error: Invalid frame ID "map" passed to canTransform argument target_frame - frame does not exist
2026-08-14T16:04:37: [component_container_isolated-1] [INFO] [1786691077.337645268] [global_costmap.global_costmap]: Timed out waiting for transform from base_link to map to become available, tf error: Invalid frame ID "map" passed to canTransform argument target_frame - frame does not exist
2026-08-14T16:04:37: [component_container_isolated-1] [INFO] [1786691077.837584531] [global_costmap.global_costmap]: Timed out waiting for transform from base_link to map to become available, tf error: Invalid frame ID "map" passed to canTransform argument target_frame - frame does not exist
2026-08-14T16:04:38: [component_container_isolated-1] [INFO] [1786691078.337606710] [global_costmap.global_costmap]: Timed out waiting for transform from base_link to map to become available, tf error: Invalid frame ID "map" passed to canTransform argument target_frame - frame does not exist
2026-08-14T16:04:38: [component_container_isolated-1] [WARN] [1786691078.388755639] [amcl]: AMCL cannot publish a pose or update the transform. Please set the initial pose...
2026-08-14T16:04:38: [component_container_isolated-1] [INFO] [1786691078.837556571] [global_costmap.global_costmap]: Timed out waiting for transform from base_link to map to become available, tf error: Invalid frame ID "map" passed to canTransform argument target_frame - frame does not exist
2026-08-14T16:04:39: [component_container_isolated-1] [INFO] [1786691079.337618885] [global_costmap.global_costmap]: Timed out waiting for transform from base_link to map to become available, tf error: Invalid frame ID "map" passed to canTransform argument target_frame - frame does not exist
2026-08-14T16:04:39: [component_container_isolated-1] [INFO] [1786691079.837584956] [global_costmap.global_costmap]: Timed out waiting for transform from base_link to map to become available, tf error: Invalid frame ID "map" passed to canTransform argument target_frame - frame does not exist
2026-08-14T16:04:40: [component_container_isolated-1] [INFO] [1786691080.337577444] [global_costmap.global_costmap]: Timed out waiting for transform from base_link to map to become available, tf error: Invalid frame ID "map" passed to canTransform argument target_frame - frame does not exist
2026-08-14T16:04:40: [component_container_isolated-1] [WARN] [1786691080.434491382] [amcl]: AMCL cannot publish a pose or update the transform. Please set the initial pose...
2026-08-14T16:04:40: [component_container_isolated-1] [INFO] [1786691080.837565317] [global_costmap.global_costmap]: Timed out waiting for transform from base_link to map to become available, tf error: Invalid frame ID "map" passed to canTransform argument target_frame - frame does not exist
2026-08-14T16:04:41: [component_container_isolated-1] [INFO] [1786691081.337632347] [global_costmap.global_costmap]: Timed out waiting for transform from base_link to map to become available, tf error: Invalid frame ID "map" passed to canTransform argument target_frame - frame does not exist
2026-08-14T16:04:41: [component_container_isolated-1] [INFO] [1786691081.837547747] [global_costmap.global_costmap]: Timed out waiting for transform from base_link to map to become available, tf error: Invalid frame ID "map" passed to canTransform argument target_frame - frame does not exist
2026-08-14T16:04:42: [component_container_isolated-1] [INFO] [1786691082.337559228] [global_costmap.global_costmap]: Timed out waiting for transform from base_link to map to become available, tf error: Invalid frame ID "map" passed to canTransform argument target_frame - frame does not exist
2026-08-14T16:04:42: [component_container_isolated-1] [WARN] [1786691082.443274677] [amcl]: AMCL cannot publish a pose or update the transform. Please set the initial pose...
2026-08-14T16:04:42: [component_container_isolated-1] [INFO] [1786691082.837584910] [global_costmap.global_costmap]: Timed out waiting for transform from base_link to map to become available, tf error: Invalid frame ID "map" passed to canTransform argument target_frame - frame does not exist
2026-08-14T16:04:43: [component_container_isolated-1] [INFO] [1786691083.337583935] [global_costmap.global_costmap]: Timed out waiting for transform from base_link to map to become available, tf error: Invalid frame ID "map" passed to canTransform argument target_frame - frame does not exist
2026-08-14T16:04:43: [component_container_isolated-1] [INFO] [1786691083.837559642] [global_costmap.global_costmap]: Timed out waiting for transform from base_link to map to become available, tf error: Invalid frame ID "map" passed to canTransform argument target_frame - frame does not exist
2026-08-14T16:04:44: [component_container_isolated-1] [INFO] [1786691084.337561174] [global_costmap.global_costmap]: Timed out waiting for transform from base_link to map to become available, tf error: Invalid frame ID "map" passed to canTransform argument target_frame - frame does not exist
2026-08-14T16:04:44: [component_container_isolated-1] [WARN] [1786691084.542253468] [amcl]: AMCL cannot publish a pose or update the transform. Please set the initial pose...
2026-08-14T16:04:44: [component_container_isolated-1] [INFO] [1786691084.837526276] [global_costmap.global_costmap]: Timed out waiting for transform from base_link to map to become available, tf error: Invalid frame ID "map" passed to canTransform argument target_frame - frame does not exist
2026-08-14T16:04:45: [component_container_isolated-1] [INFO] [1786691085.337569573] [global_costmap.global_costmap]: Timed out waiting for transform from base_link to map to become available, tf error: Invalid frame ID "map" passed to canTransform argument target_frame - frame does not exist
2026-08-14T16:04:45: [component_container_isolated-1] [INFO] [1786691085.837553496] [global_costmap.global_costmap]: Timed out waiting for transform from base_link to map to become available, tf error: Invalid frame ID "map" passed to canTransform argument target_frame - frame does not exist
2026-08-14T16:04:46: [component_container_isolated-1] [INFO] [1786691086.337569170] [global_costmap.global_costmap]: Timed out waiting for transform from base_link to map to become available, tf error: Invalid frame ID "map" passed to canTransform argument target_frame - frame does not exist
2026-08-14T16:04:46: [component_container_isolated-1] [WARN] [1786691086.543156290] [amcl]: AMCL cannot publish a pose or update the transform. Please set the initial pose...
2026-08-14T16:04:46: [component_container_isolated-1] [INFO] [1786691086.837556193] [global_costmap.global_costmap]: Timed out waiting for transform from base_link to map to become available, tf error: Invalid frame ID "map" passed to canTransform argument target_frame - frame does not exist
2026-08-14T16:04:47: [component_container_isolated-1] [INFO] [1786691087.337575466] [global_costmap.global_costmap]: Timed out waiting for transform from base_link to map to become available, tf error: Invalid frame ID "map" passed to canTransform argument target_frame - frame does not exist
2026-08-14T16:04:47: [component_container_isolated-1] [INFO] [1786691087.837565291] [global_costmap.global_costmap]: Timed out waiting for transform from base_link to map to become available, tf error: Invalid frame ID "map" passed to canTransform argument target_frame - frame does not exist
2026-08-14T16:04:48: [component_container_isolated-1] [INFO] [1786691088.337524498] [global_costmap.global_costmap]: Timed out waiting for transform from base_link to map to become available, tf error: Invalid frame ID "map" passed to canTransform argument target_frame - frame does not exist
2026-08-14T16:04:48: [component_container_isolated-1] [WARN] [1786691088.642085560] [amcl]: AMCL cannot publish a pose or update the transform. Please set the initial pose...
2026-08-14T16:04:48: [component_container_isolated-1] [INFO] [1786691088.837556514] [global_costmap.global_costmap]: Timed out waiting for transform from base_link to map to become available, tf error: Invalid frame ID "map" passed to canTransform argument target_frame - frame does not exist
2026-08-14T16:04:49: [component_container_isolated-1] [INFO] [1786691089.337729427] [global_costmap.global_costmap]: Timed out waiting for transform from base_link to map to become available, tf error: Invalid frame ID "map" passed to canTransform argument target_frame - frame does not exist
2026-08-14T16:04:49: [component_container_isolated-1] [INFO] [1786691089.837555342] [global_costmap.global_costmap]: Timed out waiting for transform from base_link to map to become available, tf error: Invalid frame ID "map" passed to canTransform argument target_frame - frame does not exist
2026-08-14T16:04:50: [component_container_isolated-1] [INFO] [1786691090.337558302] [global_costmap.global_costmap]: Timed out waiting for transform from base_link to map to become available, tf error: Invalid frame ID "map" passed to canTransform argument target_frame - frame does not exist
2026-08-14T16:04:50: [component_container_isolated-1] [WARN] [1786691090.687349472] [amcl]: AMCL cannot publish a pose or update the transform. Please set the initial pose...
2026-08-14T16:04:50: [component_container_isolated-1] [INFO] [1786691090.837543444] [global_costmap.global_costmap]: Timed out waiting for transform from base_link to map to become available, tf error: Invalid frame ID "map" passed to canTransform argument target_frame - frame does not exist
2026-08-14T16:04:51: [component_container_isolated-1] [INFO] [1786691091.337633446] [global_costmap.global_costmap]: Timed out waiting for transform from base_link to map to become available, tf error: Invalid frame ID "map" passed to canTransform argument target_frame - frame does not exist
2026-08-14T16:04:51: [component_container_isolated-1] [INFO] [1786691091.837576761] [global_costmap.global_costmap]: Timed out waiting for transform from base_link to map to become available, tf error: Invalid frame ID "map" passed to canTransform argument target_frame - frame does not exist
2026-08-14T16:04:52: [component_container_isolated-1] [INFO] [1786691092.337562068] [global_costmap.global_costmap]: Timed out waiting for transform from base_link to map to become available, tf error: Invalid frame ID "map" passed to canTransform argument target_frame - frame does not exist
2026-08-14T16:04:52: [component_container_isolated-1] [WARN] [1786691092.782781197] [amcl]: AMCL cannot publish a pose or update the transform. Please set the initial pose...
2026-08-14T16:04:52: [component_container_isolated-1] [INFO] [1786691092.837561538] [global_costmap.global_costmap]: Timed out waiting for transform from base_link to map to become available, tf error: Invalid frame ID "map" passed to canTransform argument target_frame - frame does not exist
2026-08-14T16:04:53: [component_container_isolated-1] [INFO] [1786691093.337586888] [global_costmap.global_costmap]: Timed out waiting for transform from base_link to map to become available, tf error: Invalid frame ID "map" passed to canTransform argument target_frame - frame does not exist
2026-08-14T16:04:53: [component_container_isolated-1] [INFO] [1786691093.837546532] [global_costmap.global_costmap]: Timed out waiting for transform from base_link to map to become available, tf error: Invalid frame ID "map" passed to canTransform argument target_frame - frame does not exist
2026-08-14T16:04:54: [component_container_isolated-1] [INFO] [1786691094.337575296] [global_costmap.global_costmap]: Timed out waiting for transform from base_link to map to become available, tf error: Invalid frame ID "map" passed to canTransform argument target_frame - frame does not exist
2026-08-14T16:04:54: [component_container_isolated-1] [INFO] [1786691094.837556557] [global_costmap.global_costmap]: Timed out waiting for transform from base_link to map to become available, tf error: Invalid frame ID "map" passed to canTransform argument target_frame - frame does not exist
2026-08-14T16:04:54: [component_container_isolated-1] [WARN] [1786691094.883292591] [amcl]: AMCL cannot publish a pose or update the transform. Please set the initial pose...
2026-08-14T16:04:55: [component_container_isolated-1] [INFO] [1786691095.337612069] [global_costmap.global_costmap]: Timed out waiting for transform from base_link to map to become available, tf error: Invalid frame ID "map" passed to canTransform argument target_frame - frame does not exist
2026-08-14T16:04:55: [component_container_isolated-1] [INFO] [1786691095.837568541] [global_costmap.global_costmap]: Timed out waiting for transform from base_link to map to become available, tf error: Invalid frame ID "map" passed to canTransform argument target_frame - frame does not exist
2026-08-14T16:04:56: [component_container_isolated-1] [INFO] [1786691096.337559487] [global_costmap.global_costmap]: Timed out waiting for transform from base_link to map to become available, tf error: Invalid frame ID "map" passed to canTransform argument target_frame - frame does not exist
2026-08-14T16:04:56: [component_container_isolated-1] [INFO] [1786691096.837556132] [global_costmap.global_costmap]: Timed out waiting for transform from base_link to map to become available, tf error: Invalid frame ID "map" passed to canTransform argument target_frame - frame does not exist
2026-08-14T16:04:56: [component_container_isolated-1] [WARN] [1786691096.990580268] [amcl]: AMCL cannot publish a pose or update the transform. Please set the initial pose...
2026-08-14T16:04:57: [component_container_isolated-1] [INFO] [1786691097.337558862] [global_costmap.global_costmap]: Timed out waiting for transform from base_link to map to become available, tf error: Invalid frame ID "map" passed to canTransform argument target_frame - frame does not exist
2026-08-14T16:04:57: [component_container_isolated-1] [INFO] [1786691097.838010931] [global_costmap.global_costmap]: Timed out waiting for transform from base_link to map to become available, tf error: Invalid frame ID "map" passed to canTransform argument target_frame - frame does not exist
2026-08-14T16:04:58: [component_container_isolated-1] [INFO] [1786691098.337541011] [global_costmap.global_costmap]: Timed out waiting for transform from base_link to map to become available, tf error: Invalid frame ID "map" passed to canTransform argument target_frame - frame does not exist
2026-08-14T16:04:58: [component_container_isolated-1] [INFO] [1786691098.837576799] [global_costmap.global_costmap]: Timed out waiting for transform from base_link to map to become available, tf error: Invalid frame ID "map" passed to canTransform argument target_frame - frame does not exist
2026-08-14T16:04:59: [component_container_isolated-1] [WARN] [1786691099.048277278] [amcl]: AMCL cannot publish a pose or update the transform. Please set the initial pose...
2026-08-14T16:04:59: [component_container_isolated-1] [INFO] [1786691099.337529933] [global_costmap.global_costmap]: Timed out waiting for transform from base_link to map to become available, tf error: Invalid frame ID "map" passed to canTransform argument target_frame - frame does not exist
2026-08-14T16:04:59: [component_container_isolated-1] [INFO] [1786691099.837559228] [global_costmap.global_costmap]: Timed out waiting for transform from base_link to map to become available, tf error: Invalid frame ID "map" passed to canTransform argument target_frame - frame does not exist
2026-08-14T16:05:00: [component_container_isolated-1] [INFO] [1786691100.337559128] [global_costmap.global_costmap]: Timed out waiting for transform from base_link to map to become available, tf error: Invalid frame ID "map" passed to canTransform argument target_frame - frame does not exist
2026-08-14T16:05:00: [component_container_isolated-1] [INFO] [1786691100.837574560] [global_costmap.global_costmap]: Timed out waiting for transform from base_link to map to become available, tf error: Invalid frame ID "map" passed to canTransform argument target_frame - frame does not exist
2026-08-14T16:05:01: [component_container_isolated-1] [WARN] [1786691101.136012377] [amcl]: AMCL cannot publish a pose or update the transform. Please set the initial pose...
2026-08-14T16:05:01: [component_container_isolated-1] [INFO] [1786691101.337566319] [global_costmap.global_costmap]: Timed out waiting for transform from base_link to map to become available, tf error: Invalid frame ID "map" passed to canTransform argument target_frame - frame does not exist
2026-08-14T16:05:01: [component_container_isolated-1] [INFO] [1786691101.837567258] [global_costmap.global_costmap]: Timed out waiting for transform from base_link to map to become available, tf error: Invalid frame ID "map" passed to canTransform argument target_frame - frame does not exist
2026-08-14T16:05:02: [component_container_isolated-1] [INFO] [1786691102.337576802] [global_costmap.global_costmap]: Timed out waiting for transform from base_link to map to become available, tf error: Invalid frame ID "map" passed to canTransform argument target_frame - frame does not exist
2026-08-14T16:05:02: [component_container_isolated-1] [INFO] [1786691102.837583082] [global_costmap.global_costmap]: Timed out waiting for transform from base_link to map to become available, tf error: Invalid frame ID "map" passed to canTransform argument target_frame - frame does not exist
2026-08-14T16:05:03: [component_container_isolated-1] [WARN] [1786691103.242873371] [amcl]: AMCL cannot publish a pose or update the transform. Please set the initial pose...
2026-08-14T16:05:03: [component_container_isolated-1] [INFO] [1786691103.337585058] [global_costmap.global_costmap]: Timed out waiting for transform from base_link to map to become available, tf error: Invalid frame ID "map" passed to canTransform argument target_frame - frame does not exist
2026-08-14T16:05:03: [component_container_isolated-1] [INFO] [1786691103.837601864] [global_costmap.global_costmap]: Timed out waiting for transform from base_link to map to become available, tf error: Invalid frame ID "map" passed to canTransform argument target_frame - frame does not exist
2026-08-14T16:05:04: [component_container_isolated-1] [INFO] [1786691104.337570978] [global_costmap.global_costmap]: Timed out waiting for transform from base_link to map to become available, tf error: Invalid frame ID "map" passed to canTransform argument target_frame - frame does not exist
2026-08-14T16:05:04: [component_container_isolated-1] [INFO] [1786691104.837554014] [global_costmap.global_costmap]: Timed out waiting for transform from base_link to map to become available, tf error: Invalid frame ID "map" passed to canTransform argument target_frame - frame does not exist
2026-08-14T16:05:05: [component_container_isolated-1] [WARN] [1786691105.337822334] [amcl]: AMCL cannot publish a pose or update the transform. Please set the initial pose...
2026-08-14T16:05:05: [component_container_isolated-1] [INFO] [1786691105.340508206] [global_costmap.global_costmap]: Timed out waiting for transform from base_link to map to become available, tf error: Invalid frame ID "map" passed to canTransform argument target_frame - frame does not exist
2026-08-14T16:05:05: [component_container_isolated-1] [INFO] [1786691105.837566659] [global_costmap.global_costmap]: Timed out waiting for transform from base_link to map to become available, tf error: Invalid frame ID "map" passed to canTransform argument target_frame - frame does not exist
2026-08-14T16:05:06: [component_container_isolated-1] [INFO] [1786691106.339571526] [global_costmap.global_costmap]: Timed out waiting for transform from base_link to map to become available, tf error: Invalid frame ID "map" passed to canTransform argument target_frame - frame does not exist
2026-08-14T16:05:06: [component_container_isolated-1] [INFO] [1786691106.837604726] [global_costmap.global_costmap]: Timed out waiting for transform from base_link to map to become available, tf error: Invalid frame ID "map" passed to canTransform argument target_frame - frame does not exist
2026-08-14T16:05:07: [component_container_isolated-1] [INFO] [1786691107.337565900] [global_costmap.global_costmap]: Timed out waiting for transform from base_link to map to become available, tf error: Invalid frame ID "map" passed to canTransform argument target_frame - frame does not exist
2026-08-14T16:05:07: [component_container_isolated-1] [WARN] [1786691107.444987883] [amcl]: AMCL cannot publish a pose or update the transform. Please set the initial pose...
2026-08-14T16:05:07: [component_container_isolated-1] [INFO] [1786691107.837580865] [global_costmap.global_costmap]: Timed out waiting for transform from base_link to map to become available, tf error: Invalid frame ID "map" passed to canTransform argument target_frame - frame does not exist
2026-08-14T16:05:08: [component_container_isolated-1] [INFO] [1786691108.337642395] [global_costmap.global_costmap]: Timed out waiting for transform from base_link to map to become available, tf error: Invalid frame ID "map" passed to canTransform argument target_frame - frame does not exist
2026-08-14T16:05:08: [component_container_isolated-1] [INFO] [1786691108.837584832] [global_costmap.global_costmap]: Timed out waiting for transform from base_link to map to become available, tf error: Invalid frame ID "map" passed to canTransform argument target_frame - frame does not exist
2026-08-14T16:05:09: [component_container_isolated-1] [INFO] [1786691109.337545465] [global_costmap.global_costmap]: Timed out waiting for transform from base_link to map to become available, tf error: Invalid frame ID "map" passed to canTransform argument target_frame - frame does not exist
2026-08-14T16:05:09: [component_container_isolated-1] [WARN] [1786691109.487713076] [amcl]: AMCL cannot publish a pose or update the transform. Please set the initial pose...
2026-08-14T16:05:09: [component_container_isolated-1] [INFO] [1786691109.837613000] [global_costmap.global_costmap]: Timed out waiting for transform from base_link to map to become available, tf error: Invalid frame ID "map" passed to canTransform argument target_frame - frame does not exist
2026-08-14T16:05:10: [component_container_isolated-1] [INFO] [1786691110.337563789] [global_costmap.global_costmap]: Timed out waiting for transform from base_link to map to become available, tf error: Invalid frame ID "map" passed to canTransform argument target_frame - frame does not exist
2026-08-14T16:05:10: [component_container_isolated-1] [INFO] [1786691110.837572535] [global_costmap.global_costmap]: Timed out waiting for transform from base_link to map to become available, tf error: Invalid frame ID "map" passed to canTransform argument target_frame - frame does not exist
2026-08-14T16:05:11: [component_container_isolated-1] [INFO] [1786691111.337561109] [global_costmap.global_costmap]: Timed out waiting for transform from base_link to map to become available, tf error: Invalid frame ID "map" passed to canTransform argument target_frame - frame does not exist
2026-08-14T16:05:11: [component_container_isolated-1] [WARN] [1786691111.490228701] [amcl]: AMCL cannot publish a pose or update the transform. Please set the initial pose...
2026-08-14T16:05:11: [component_container_isolated-1] [INFO] [1786691111.837586215] [global_costmap.global_costmap]: Timed out waiting for transform from base_link to map to become available, tf error: Invalid frame ID "map" passed to canTransform argument target_frame - frame does not exist
2026-08-14T16:05:12: [component_container_isolated-1] [INFO] [1786691112.337626073] [global_costmap.global_costmap]: Timed out waiting for transform from base_link to map to become available, tf error: Invalid frame ID "map" passed to canTransform argument target_frame - frame does not exist
2026-08-14T16:05:12: [component_container_isolated-1] [INFO] [1786691112.837573744] [global_costmap.global_costmap]: Timed out waiting for transform from base_link to map to become available, tf error: Invalid frame ID "map" passed to canTransform argument target_frame - frame does not exist
2026-08-14T16:05:13: [component_container_isolated-1] [INFO] [1786691113.337553203] [global_costmap.global_costmap]: Timed out waiting for transform from base_link to map to become available, tf error: Invalid frame ID "map" passed to canTransform argument target_frame - frame does not exist
2026-08-14T16:05:13: [component_container_isolated-1] [WARN] [1786691113.492119287] [amcl]: AMCL cannot publish a pose or update the transform. Please set the initial pose...
2026-08-14T16:05:13: [component_container_isolated-1] [INFO] [1786691113.837625916] [global_costmap.global_costmap]: Timed out waiting for transform from base_link to map to become available, tf error: Invalid frame ID "map" passed to canTransform argument target_frame - frame does not exist
2026-08-14T16:05:14: [component_container_isolated-1] [INFO] [1786691114.337555680] [global_costmap.global_costmap]: Timed out waiting for transform from base_link to map to become available, tf error: Invalid frame ID "map" passed to canTransform argument target_frame - frame does not exist
2026-08-14T16:05:14: [component_container_isolated-1] [INFO] [1786691114.837569606] [global_costmap.global_costmap]: Timed out waiting for transform from base_link to map to become available, tf error: Invalid frame ID "map" passed to canTransform argument target_frame - frame does not exist
2026-08-14T16:05:15: [component_container_isolated-1] [INFO] [1786691115.337578062] [global_costmap.global_costmap]: Timed out waiting for transform from base_link to map to become available, tf error: Invalid frame ID "map" passed to canTransform argument target_frame - frame does not exist
2026-08-14T16:05:15: [component_container_isolated-1] [WARN] [1786691115.585864563] [amcl]: AMCL cannot publish a pose or update the transform. Please set the initial pose...
2026-08-14T16:05:15: [component_container_isolated-1] [INFO] [1786691115.837581477] [global_costmap.global_costmap]: Timed out waiting for transform from base_link to map to become available, tf error: Invalid frame ID "map" passed to canTransform argument target_frame - frame does not exist
2026-08-14T16:05:16: [component_container_isolated-1] [INFO] [1786691116.337593903] [global_costmap.global_costmap]: Timed out waiting for transform from base_link to map to become available, tf error: Invalid frame ID "map" passed to canTransform argument target_frame - frame does not exist
2026-08-14T16:05:16: [component_container_isolated-1] [INFO] [1786691116.837558994] [global_costmap.global_costmap]: Timed out waiting for transform from base_link to map to become available, tf error: Invalid frame ID "map" passed to canTransform argument target_frame - frame does not exist
2026-08-14T16:05:17: [component_container_isolated-1] [INFO] [1786691117.337678500] [global_costmap.global_costmap]: Timed out waiting for transform from base_link to map to become available, tf error: Invalid frame ID "map" passed to canTransform argument target_frame - frame does not exist
2026-08-14T16:05:17: [component_container_isolated-1] [WARN] [1786691117.683110897] [amcl]: AMCL cannot publish a pose or update the transform. Please set the initial pose...
2026-08-14T16:05:17: [component_container_isolated-1] [INFO] [1786691117.837561470] [global_costmap.global_costmap]: Timed out waiting for transform from base_link to map to become available, tf error: Invalid frame ID "map" passed to canTransform argument target_frame - frame does not exist
2026-08-14T16:05:18: [component_container_isolated-1] [INFO] [1786691118.337552079] [global_costmap.global_costmap]: Timed out waiting for transform from base_link to map to become available, tf error: Invalid frame ID "map" passed to canTransform argument target_frame - frame does not exist
2026-08-14T16:05:18: [component_container_isolated-1] [INFO] [1786691118.837571518] [global_costmap.global_costmap]: Timed out waiting for transform from base_link to map to become available, tf error: Invalid frame ID "map" passed to canTransform argument target_frame - frame does not exist
2026-08-14T16:05:19: [component_container_isolated-1] [INFO] [1786691119.337756279] [global_costmap.global_costmap]: Timed out waiting for transform from base_link to map to become available, tf error: Invalid frame ID "map" passed to canTransform argument target_frame - frame does not exist
2026-08-14T16:05:19: [component_container_isolated-1] [WARN] [1786691119.693721061] [amcl]: AMCL cannot publish a pose or update the transform. Please set the initial pose...
2026-08-14T16:05:19: [component_container_isolated-1] [INFO] [1786691119.837594155] [global_costmap.global_costmap]: Timed out waiting for transform from base_link to map to become available, tf error: Invalid frame ID "map" passed to canTransform argument target_frame - frame does not exist
2026-08-14T16:05:20: [component_container_isolated-1] [INFO] [1786691120.337669816] [global_costmap.global_costmap]: Timed out waiting for transform from base_link to map to become available, tf error: Invalid frame ID "map" passed to canTransform argument target_frame - frame does not exist
2026-08-14T16:05:20: [component_container_isolated-1] [INFO] [1786691120.837574643] [global_costmap.global_costmap]: Timed out waiting for transform from base_link to map to become available, tf error: Invalid frame ID "map" passed to canTransform argument target_frame - frame does not exist
2026-08-14T16:05:21: [component_container_isolated-1] [INFO] [1786691121.337569813] [global_costmap.global_costmap]: Timed out waiting for transform from base_link to map to become available, tf error: Invalid frame ID "map" passed to canTransform argument target_frame - frame does not exist
2026-08-14T16:05:21: [component_container_isolated-1] [WARN] [1786691121.742216730] [amcl]: AMCL cannot publish a pose or update the transform. Please set the initial pose...
2026-08-14T16:05:21: [component_container_isolated-1] [INFO] [1786691121.837571035] [global_costmap.global_costmap]: Timed out waiting for transform from base_link to map to become available, tf error: Invalid frame ID "map" passed to canTransform argument target_frame - frame does not exist
2026-08-14T16:05:22: [component_container_isolated-1] [INFO] [1786691122.337563546] [global_costmap.global_costmap]: Timed out waiting for transform from base_link to map to become available, tf error: Invalid frame ID "map" passed to canTransform argument target_frame - frame does not exist
2026-08-14T16:05:22: [component_container_isolated-1] [INFO] [1786691122.837564388] [global_costmap.global_costmap]: Timed out waiting for transform from base_link to map to become available, tf error: Invalid frame ID "map" passed to canTransform argument target_frame - frame does not exist
2026-08-14T16:05:23: [component_container_isolated-1] [INFO] [1786691123.337598221] [global_costmap.global_costmap]: Timed out waiting for transform from base_link to map to become available, tf error: Invalid frame ID "map" passed to canTransform argument target_frame - frame does not exist
2026-08-14T16:05:23: [component_container_isolated-1] [INFO] [1786691123.838306945] [global_costmap.global_costmap]: Timed out waiting for transform from base_link to map to become available, tf error: Invalid frame ID "map" passed to canTransform argument target_frame - frame does not exist
2026-08-14T16:05:23: [component_container_isolated-1] [WARN] [1786691123.848765623] [amcl]: AMCL cannot publish a pose or update the transform. Please set the initial pose...
2026-08-14T16:05:24: [component_container_isolated-1] [INFO] [1786691124.337559377] [global_costmap.global_costmap]: Timed out waiting for transform from base_link to map to become available, tf error: Invalid frame ID "map" passed to canTransform argument target_frame - frame does not exist
2026-08-14T16:05:24: [component_container_isolated-1] [INFO] [1786691124.837618085] [global_costmap.global_costmap]: Timed out waiting for transform from base_link to map to become available, tf error: Invalid frame ID "map" passed to canTransform argument target_frame - frame does not exist
2026-08-14T16:05:25: [component_container_isolated-1] [INFO] [1786691125.337565159] [global_costmap.global_costmap]: Timed out waiting for transform from base_link to map to become available, tf error: Invalid frame ID "map" passed to canTransform argument target_frame - frame does not exist
2026-08-14T16:05:25: [component_container_isolated-1] [INFO] [1786691125.838360101] [global_costmap.global_costmap]: Timed out waiting for transform from base_link to map to become available, tf error: Invalid frame ID "map" passed to canTransform argument target_frame - frame does not exist
2026-08-14T16:05:25: [component_container_isolated-1] [WARN] [1786691125.934539307] [amcl]: AMCL cannot publish a pose or update the transform. Please set the initial pose...
2026-08-14T16:05:26: [component_container_isolated-1] [INFO] [1786691126.337564050] [global_costmap.global_costmap]: Timed out waiting for transform from base_link to map to become available, tf error: Invalid frame ID "map" passed to canTransform argument target_frame - frame does not exist
2026-08-14T16:05:26: [component_container_isolated-1] [INFO] [1786691126.837616015] [global_costmap.global_costmap]: Timed out waiting for transform from base_link to map to become available, tf error: Invalid frame ID "map" passed to canTransform argument target_frame - frame does not exist
2026-08-14T16:05:27: [component_container_isolated-1] [INFO] [1786691127.337613975] [global_costmap.global_costmap]: Timed out waiting for transform from base_link to map to become available, tf error: Invalid frame ID "map" passed to canTransform argument target_frame - frame does not exist
2026-08-14T16:05:27: [component_container_isolated-1] [INFO] [1786691127.837564710] [global_costmap.global_costmap]: Timed out waiting for transform from base_link to map to become available, tf error: Invalid frame ID "map" passed to canTransform argument target_frame - frame does not exist
2026-08-14T16:05:28: [component_container_isolated-1] [WARN] [1786691128.039516623] [amcl]: AMCL cannot publish a pose or update the transform. Please set the initial pose...
2026-08-14T16:05:28: [component_container_isolated-1] [INFO] [1786691128.337566493] [global_costmap.global_costmap]: Timed out waiting for transform from base_link to map to become available, tf error: Invalid frame ID "map" passed to canTransform argument target_frame - frame does not exist
2026-08-14T16:05:28: [component_container_isolated-1] [INFO] [1786691128.837581902] [global_costmap.global_costmap]: Timed out waiting for transform from base_link to map to become available, tf error: Invalid frame ID "map" passed to canTransform argument target_frame - frame does not exist
2026-08-14T16:05:29: [component_container_isolated-1] [INFO] [1786691129.337759226] [global_costmap.global_costmap]: Timed out waiting for transform from base_link to map to become available, tf error: Invalid frame ID "map" passed to canTransform argument target_frame - frame does not exist
2026-08-14T16:05:29: [component_container_isolated-1] [INFO] [1786691129.837600314] [global_costmap.global_costmap]: Timed out waiting for transform from base_link to map to become available, tf error: Invalid frame ID "map" passed to canTransform argument target_frame - frame does not exist
2026-08-14T16:05:30: [component_container_isolated-1] [WARN] [1786691130.044390453] [amcl]: AMCL cannot publish a pose or update the transform. Please set the initial pose...
2026-08-14T16:05:30: [component_container_isolated-1] [INFO] [1786691130.337536929] [global_costmap.global_costmap]: Timed out waiting for transform from base_link to map to become available, tf error: Invalid frame ID "map" passed to canTransform argument target_frame - frame does not exist
2026-08-14T16:05:30: [component_container_isolated-1] [INFO] [1786691130.837582521] [global_costmap.global_costmap]: Timed out waiting for transform from base_link to map to become available, tf error: Invalid frame ID "map" passed to canTransform argument target_frame - frame does not exist
2026-08-14T16:05:31: [component_container_isolated-1] [INFO] [1786691131.337600143] [global_costmap.global_costmap]: Timed out waiting for transform from base_link to map to become available, tf error: Invalid frame ID "map" passed to canTransform argument target_frame - frame does not exist
2026-08-14T16:05:31: [component_container_isolated-1] [INFO] [1786691131.837711427] [global_costmap.global_costmap]: Timed out waiting for transform from base_link to map to become available, tf error: Invalid frame ID "map" passed to canTransform argument target_frame - frame does not exist
2026-08-14T16:05:32: [component_container_isolated-1] [WARN] [1786691132.082484304] [amcl]: AMCL cannot publish a pose or update the transform. Please set the initial pose...
2026-08-14T16:05:32: [component_container_isolated-1] [INFO] [1786691132.337738391] [global_costmap.global_costmap]: Timed out waiting for transform from base_link to map to become available, tf error: Invalid frame ID "map" passed to canTransform argument target_frame - frame does not exist
2026-08-14T16:05:32: [component_container_isolated-1] [INFO] [1786691132.837744852] [global_costmap.global_costmap]: Timed out waiting for transform from base_link to map to become available, tf error: Invalid frame ID "map" passed to canTransform argument target_frame - frame does not exist
2026-08-14T16:05:33: [component_container_isolated-1] [INFO] [1786691133.337556885] [global_costmap.global_costmap]: Timed out waiting for transform from base_link to map to become available, tf error: Invalid frame ID "map" passed to canTransform argument target_frame - frame does not exist
2026-08-14T16:05:33: [component_container_isolated-1] [INFO] [1786691133.837582965] [global_costmap.global_costmap]: Timed out waiting for transform from base_link to map to become available, tf error: Invalid frame ID "map" passed to canTransform argument target_frame - frame does not exist
2026-08-14T16:05:34: [component_container_isolated-1] [WARN] [1786691134.084753728] [amcl]: AMCL cannot publish a pose or update the transform. Please set the initial pose...
2026-08-14T16:05:34: [component_container_isolated-1] [INFO] [1786691134.337559651] [global_costmap.global_costmap]: Timed out waiting for transform from base_link to map to become available, tf error: Invalid frame ID "map" passed to canTransform argument target_frame - frame does not exist
2026-08-14T16:05:34: [component_container_isolated-1] [INFO] [1786691134.837956547] [global_costmap.global_costmap]: Timed out waiting for transform from base_link to map to become available, tf error: Invalid frame ID "map" passed to canTransform argument target_frame - frame does not exist
2026-08-14T16:05:35: [component_container_isolated-1] [INFO] [1786691135.337552712] [global_costmap.global_costmap]: Timed out waiting for transform from base_link to map to become available, tf error: Invalid frame ID "map" passed to canTransform argument target_frame - frame does not exist
2026-08-14T16:05:35: [component_container_isolated-1] [INFO] [1786691135.837575883] [global_costmap.global_costmap]: Timed out waiting for transform from base_link to map to become available, tf error: Invalid frame ID "map" passed to canTransform argument target_frame - frame does not exist
2026-08-14T16:05:36: [component_container_isolated-1] [WARN] [1786691136.189946748] [amcl]: AMCL cannot publish a pose or update the transform. Please set the initial pose...
2026-08-14T16:05:36: [component_container_isolated-1] [INFO] [1786691136.337558586] [global_costmap.global_costmap]: Timed out waiting for transform from base_link to map to become available, tf error: Invalid frame ID "map" passed to canTransform argument target_frame - frame does not exist
2026-08-14T16:05:36: [component_container_isolated-1] [INFO] [1786691136.837574989] [global_costmap.global_costmap]: Timed out waiting for transform from base_link to map to become available, tf error: Invalid frame ID "map" passed to canTransform argument target_frame - frame does not exist
2026-08-14T16:05:37: [component_container_isolated-1] [INFO] [1786691137.337575533] [global_costmap.global_costmap]: Timed out waiting for transform from base_link to map to become available, tf error: Invalid frame ID "map" passed to canTransform argument target_frame - frame does not exist
2026-08-14T16:05:37: [component_container_isolated-1] [INFO] [1786691137.837607666] [global_costmap.global_costmap]: Timed out waiting for transform from base_link to map to become available, tf error: Invalid frame ID "map" passed to canTransform argument target_frame - frame does not exist
2026-08-14T16:05:38: [component_container_isolated-1] [WARN] [1786691138.288213045] [amcl]: AMCL cannot publish a pose or update the transform. Please set the initial pose...
2026-08-14T16:05:38: [component_container_isolated-1] [INFO] [1786691138.337577794] [global_costmap.global_costmap]: Timed out waiting for transform from base_link to map to become available, tf error: Invalid frame ID "map" passed to canTransform argument target_frame - frame does not exist
2026-08-14T16:05:38: [component_container_isolated-1] [INFO] [1786691138.837557882] [global_costmap.global_costmap]: Timed out waiting for transform from base_link to map to become available, tf error: Invalid frame ID "map" passed to canTransform argument target_frame - frame does not exist
2026-08-14T16:05:39: [component_container_isolated-1] [INFO] [1786691139.337542870] [global_costmap.global_costmap]: Timed out waiting for transform from base_link to map to become available, tf error: Invalid frame ID "map" passed to canTransform argument target_frame - frame does not exist
2026-08-14T16:05:39: [component_container_isolated-1] [INFO] [1786691139.837643889] [global_costmap.global_costmap]: Timed out waiting for transform from base_link to map to become available, tf error: Invalid frame ID "map" passed to canTransform argument target_frame - frame does not exist
2026-08-14T16:05:40: [component_container_isolated-1] [INFO] [1786691140.337561850] [global_costmap.global_costmap]: Timed out waiting for transform from base_link to map to become available, tf error: Invalid frame ID "map" passed to canTransform argument target_frame - frame does not exist
2026-08-14T16:05:40: [component_container_isolated-1] [WARN] [1786691140.393369318] [amcl]: AMCL cannot publish a pose or update the transform. Please set the initial pose...
2026-08-14T16:05:40: [component_container_isolated-1] [INFO] [1786691140.837554214] [global_costmap.global_costmap]: Timed out waiting for transform from base_link to map to become available, tf error: Invalid frame ID "map" passed to canTransform argument target_frame - frame does not exist
2026-08-14T16:05:41: [component_container_isolated-1] [INFO] [1786691141.337564405] [global_costmap.global_costmap]: Timed out waiting for transform from base_link to map to become available, tf error: Invalid frame ID "map" passed to canTransform argument target_frame - frame does not exist
2026-08-14T16:05:41: [component_container_isolated-1] [INFO] [1786691141.837518371] [global_costmap.global_costmap]: Timed out waiting for transform from base_link to map to become available, tf error: Invalid frame ID "map" passed to canTransform argument target_frame - frame does not exist
2026-08-14T16:05:42: [component_container_isolated-1] [INFO] [1786691142.337612846] [global_costmap.global_costmap]: Timed out waiting for transform from base_link to map to become available, tf error: Invalid frame ID "map" passed to canTransform argument target_frame - frame does not exist
2026-08-14T16:05:42: [component_container_isolated-1] [WARN] [1786691142.432815243] [amcl]: AMCL cannot publish a pose or update the transform. Please set the initial pose...
2026-08-14T16:05:42: [component_container_isolated-1] [INFO] [1786691142.837580950] [global_costmap.global_costmap]: Timed out waiting for transform from base_link to map to become available, tf error: Invalid frame ID "map" passed to canTransform argument target_frame - frame does not exist
2026-08-14T16:05:43: [component_container_isolated-1] [INFO] [1786691143.337574918] [global_costmap.global_costmap]: Timed out waiting for transform from base_link to map to become available, tf error: Invalid frame ID "map" passed to canTransform argument target_frame - frame does not exist
2026-08-14T16:05:43: [component_container_isolated-1] [INFO] [1786691143.837556346] [global_costmap.global_costmap]: Timed out waiting for transform from base_link to map to become available, tf error: Invalid frame ID "map" passed to canTransform argument target_frame - frame does not exist
2026-08-14T16:05:44: [component_container_isolated-1] [INFO] [1786691144.337556674] [global_costmap.global_costmap]: Timed out waiting for transform from base_link to map to become available, tf error: Invalid frame ID "map" passed to canTransform argument target_frame - frame does not exist
2026-08-14T16:05:44: [component_container_isolated-1] [WARN] [1786691144.441908490] [amcl]: AMCL cannot publish a pose or update the transform. Please set the initial pose...
2026-08-14T16:05:44: [component_container_isolated-1] [INFO] [1786691144.837550685] [global_costmap.global_costmap]: Timed out waiting for transform from base_link to map to become available, tf error: Invalid frame ID "map" passed to canTransform argument target_frame - frame does not exist
2026-08-14T16:05:45: [component_container_isolated-1] [INFO] [1786691145.337546670] [global_costmap.global_costmap]: Timed out waiting for transform from base_link to map to become available, tf error: Invalid frame ID "map" passed to canTransform argument target_frame - frame does not exist
2026-08-14T16:05:45: [component_container_isolated-1] [INFO] [1786691145.837597707] [global_costmap.global_costmap]: Timed out waiting for transform from base_link to map to become available, tf error: Invalid frame ID "map" passed to canTransform argument target_frame - frame does not exist
2026-08-14T16:05:46: [component_container_isolated-1] [INFO] [1786691146.337569480] [global_costmap.global_costmap]: Timed out waiting for transform from base_link to map to become available, tf error: Invalid frame ID "map" passed to canTransform argument target_frame - frame does not exist
2026-08-14T16:05:46: [component_container_isolated-1] [WARN] [1786691146.542023581] [amcl]: AMCL cannot publish a pose or update the transform. Please set the initial pose...
2026-08-14T16:05:46: [component_container_isolated-1] [INFO] [1786691146.837574471] [global_costmap.global_costmap]: Timed out waiting for transform from base_link to map to become available, tf error: Invalid frame ID "map" passed to canTransform argument target_frame - frame does not exist
2026-08-14T16:05:47: [component_container_isolated-1] [INFO] [1786691147.337579752] [global_costmap.global_costmap]: Timed out waiting for transform from base_link to map to become available, tf error: Invalid frame ID "map" passed to canTransform argument target_frame - frame does not exist
2026-08-14T16:05:47: [component_container_isolated-1] [INFO] [1786691147.837571956] [global_costmap.global_costmap]: Timed out waiting for transform from base_link to map to become available, tf error: Invalid frame ID "map" passed to canTransform argument target_frame - frame does not exist
2026-08-14T16:05:48: [component_container_isolated-1] [INFO] [1786691148.337555339] [global_costmap.global_costmap]: Timed out waiting for transform from base_link to map to become available, tf error: Invalid frame ID "map" passed to canTransform argument target_frame - frame does not exist
2026-08-14T16:05:48: [component_container_isolated-1] [WARN] [1786691148.543193297] [amcl]: AMCL cannot publish a pose or update the transform. Please set the initial pose...
2026-08-14T16:05:48: [component_container_isolated-1] [INFO] [1786691148.837559701] [global_costmap.global_costmap]: Timed out waiting for transform from base_link to map to become available, tf error: Invalid frame ID "map" passed to canTransform argument target_frame - frame does not exist
2026-08-14T16:05:49: [component_container_isolated-1] [INFO] [1786691149.337573963] [global_costmap.global_costmap]: Timed out waiting for transform from base_link to map to become available, tf error: Invalid frame ID "map" passed to canTransform argument target_frame - frame does not exist
2026-08-14T16:05:49: [component_container_isolated-1] [INFO] [1786691149.837557704] [global_costmap.global_costmap]: Timed out waiting for transform from base_link to map to become available, tf error: Invalid frame ID "map" passed to canTransform argument target_frame - frame does not exist
2026-08-14T16:05:50: [component_container_isolated-1] [INFO] [1786691150.337573234] [global_costmap.global_costmap]: Timed out waiting for transform from base_link to map to become available, tf error: Invalid frame ID "map" passed to canTransform argument target_frame - frame does not exist
2026-08-14T16:05:50: [component_container_isolated-1] [WARN] [1786691150.632647371] [amcl]: AMCL cannot publish a pose or update the transform. Please set the initial pose...
2026-08-14T16:05:50: [component_container_isolated-1] [INFO] [1786691150.837552836] [global_costmap.global_costmap]: Timed out waiting for transform from base_link to map to become available, tf error: Invalid frame ID "map" passed to canTransform argument target_frame - frame does not exist
2026-08-14T16:05:51: [component_container_isolated-1] [INFO] [1786691151.337573746] [global_costmap.global_costmap]: Timed out waiting for transform from base_link to map to become available, tf error: Invalid frame ID "map" passed to canTransform argument target_frame - frame does not exist
2026-08-14T16:05:51: [component_container_isolated-1] [INFO] [1786691151.837560024] [global_costmap.global_costmap]: Timed out waiting for transform from base_link to map to become available, tf error: Invalid frame ID "map" passed to canTransform argument target_frame - frame does not exist
2026-08-14T16:05:52: [component_container_isolated-1] [INFO] [1786691152.337582554] [global_costmap.global_costmap]: Timed out waiting for transform from base_link to map to become available, tf error: Invalid frame ID "map" passed to canTransform argument target_frame - frame does not exist
2026-08-14T16:05:52: [component_container_isolated-1] [WARN] [1786691152.687891443] [amcl]: AMCL cannot publish a pose or update the transform. Please set the initial pose...
2026-08-14T16:05:52: [component_container_isolated-1] [INFO] [1786691152.837599174] [global_costmap.global_costmap]: Timed out waiting for transform from base_link to map to become available, tf error: Invalid frame ID "map" passed to canTransform argument target_frame - frame does not exist
2026-08-14T16:05:53: [component_container_isolated-1] [INFO] [1786691153.337569641] [global_costmap.global_costmap]: Timed out waiting for transform from base_link to map to become available, tf error: Invalid frame ID "map" passed to canTransform argument target_frame - frame does not exist
2026-08-14T16:05:53: [component_container_isolated-1] [INFO] [1786691153.837569604] [global_costmap.global_costmap]: Timed out waiting for transform from base_link to map to become available, tf error: Invalid frame ID "map" passed to canTransform argument target_frame - frame does not exist
2026-08-14T16:05:54: [component_container_isolated-1] [INFO] [1786691154.337578153] [global_costmap.global_costmap]: Timed out waiting for transform from base_link to map to become available, tf error: Invalid frame ID "map" passed to canTransform argument target_frame - frame does not exist
2026-08-14T16:05:54: [component_container_isolated-1] [WARN] [1786691154.690745099] [amcl]: AMCL cannot publish a pose or update the transform. Please set the initial pose...
2026-08-14T16:05:54: [component_container_isolated-1] [INFO] [1786691154.837563625] [global_costmap.global_costmap]: Timed out waiting for transform from base_link to map to become available, tf error: Invalid frame ID "map" passed to canTransform argument target_frame - frame does not exist
2026-08-14T16:05:55: [component_container_isolated-1] [INFO] [1786691155.337599553] [global_costmap.global_costmap]: Timed out waiting for transform from base_link to map to become available, tf error: Invalid frame ID "map" passed to canTransform argument target_frame - frame does not exist
2026-08-14T16:05:55: [component_container_isolated-1] [INFO] [1786691155.837572165] [global_costmap.global_costmap]: Timed out waiting for transform from base_link to map to become available, tf error: Invalid frame ID "map" passed to canTransform argument target_frame - frame does not exist
2026-08-14T16:05:56: [component_container_isolated-1] [INFO] [1786691156.337555955] [global_costmap.global_costmap]: Timed out waiting for transform from base_link to map to become available, tf error: Invalid frame ID "map" passed to canTransform argument target_frame - frame does not exist
2026-08-14T16:05:56: [component_container_isolated-1] [WARN] [1786691156.786784057] [amcl]: AMCL cannot publish a pose or update the transform. Please set the initial pose...
2026-08-14T16:05:56: [component_container_isolated-1] [INFO] [1786691156.837559261] [global_costmap.global_costmap]: Timed out waiting for transform from base_link to map to become available, tf error: Invalid frame ID "map" passed to canTransform argument target_frame - frame does not exist
2026-08-14T16:05:57: [component_container_isolated-1] [INFO] [1786691157.342391404] [global_costmap.global_costmap]: Timed out waiting for transform from base_link to map to become available, tf error: Invalid frame ID "map" passed to canTransform argument target_frame - frame does not exist
2026-08-14T16:05:57: [component_container_isolated-1] [INFO] [1786691157.837568134] [global_costmap.global_costmap]: Timed out waiting for transform from base_link to map to become available, tf error: Invalid frame ID "map" passed to canTransform argument target_frame - frame does not exist
2026-08-14T16:05:58: [component_container_isolated-1] [INFO] [1786691158.337563888] [global_costmap.global_costmap]: Timed out waiting for transform from base_link to map to become available, tf error: Invalid frame ID "map" passed to canTransform argument target_frame - frame does not exist
2026-08-14T16:05:58: [component_container_isolated-1] [INFO] [1786691158.837547009] [global_costmap.global_costmap]: Timed out waiting for transform from base_link to map to become available, tf error: Invalid frame ID "map" passed to canTransform argument target_frame - frame does not exist
2026-08-14T16:05:58: [component_container_isolated-1] [WARN] [1786691158.880611667] [amcl]: AMCL cannot publish a pose or update the transform. Please set the initial pose...
2026-08-14T16:05:59: [component_container_isolated-1] [INFO] [1786691159.337557920] [global_costmap.global_costmap]: Timed out waiting for transform from base_link to map to become available, tf error: Invalid frame ID "map" passed to canTransform argument target_frame - frame does not exist
2026-08-14T16:05:59: [component_container_isolated-1] [INFO] [1786691159.837626049] [global_costmap.global_costmap]: Timed out waiting for transform from base_link to map to become available, tf error: Invalid frame ID "map" passed to canTransform argument target_frame - frame does not exist
2026-08-14T16:06:00: [component_container_isolated-1] [INFO] [1786691160.337577785] [global_costmap.global_costmap]: Timed out waiting for transform from base_link to map to become available, tf error: Invalid frame ID "map" passed to canTransform argument target_frame - frame does not exist
2026-08-14T16:06:00: [component_container_isolated-1] [INFO] [1786691160.837563443] [global_costmap.global_costmap]: Timed out waiting for transform from base_link to map to become available, tf error: Invalid frame ID "map" passed to canTransform argument target_frame - frame does not exist
2026-08-14T16:06:00: [component_container_isolated-1] [WARN] [1786691160.882188475] [amcl]: AMCL cannot publish a pose or update the transform. Please set the initial pose...
2026-08-14T16:06:01: [component_container_isolated-1] [INFO] [1786691161.337582484] [global_costmap.global_costmap]: Timed out waiting for transform from base_link to map to become available, tf error: Invalid frame ID "map" passed to canTransform argument target_frame - frame does not exist
2026-08-14T16:06:01: [component_container_isolated-1] [INFO] [1786691161.837571782] [global_costmap.global_costmap]: Timed out waiting for transform from base_link to map to become available, tf error: Invalid frame ID "map" passed to canTransform argument target_frame - frame does not exist
2026-08-14T16:06:02: [component_container_isolated-1] [INFO] [1786691162.337566740] [global_costmap.global_costmap]: Timed out waiting for transform from base_link to map to become available, tf error: Invalid frame ID "map" passed to canTransform argument target_frame - frame does not exist
2026-08-14T16:06:02: [component_container_isolated-1] [INFO] [1786691162.837565269] [global_costmap.global_costmap]: Timed out waiting for transform from base_link to map to become available, tf error: Invalid frame ID "map" passed to canTransform argument target_frame - frame does not exist
2026-08-14T16:06:02: [component_container_isolated-1] [WARN] [1786691162.943223153] [amcl]: AMCL cannot publish a pose or update the transform. Please set the initial pose...
2026-08-14T16:06:03: [component_container_isolated-1] [INFO] [1786691163.337554608] [global_costmap.global_costmap]: Timed out waiting for transform from base_link to map to become available, tf error: Invalid frame ID "map" passed to canTransform argument target_frame - frame does not exist
2026-08-14T16:06:03: [component_container_isolated-1] [INFO] [1786691163.837551480] [global_costmap.global_costmap]: Timed out waiting for transform from base_link to map to become available, tf error: Invalid frame ID "map" passed to canTransform argument target_frame - frame does not exist
2026-08-14T16:06:04: [component_container_isolated-1] [INFO] [1786691164.337558383] [global_costmap.global_costmap]: Timed out waiting for transform from base_link to map to become available, tf error: Invalid frame ID "map" passed to canTransform argument target_frame - frame does not exist
2026-08-14T16:06:04: [component_container_isolated-1] [INFO] [1786691164.837534803] [global_costmap.global_costmap]: Timed out waiting for transform from base_link to map to become available, tf error: Invalid frame ID "map" passed to canTransform argument target_frame - frame does not exist
2026-08-14T16:06:05: [component_container_isolated-1] [WARN] [1786691165.038062510] [amcl]: AMCL cannot publish a pose or update the transform. Please set the initial pose...
2026-08-14T16:06:05: [component_container_isolated-1] [INFO] [1786691165.337559734] [global_costmap.global_costmap]: Timed out waiting for transform from base_link to map to become available, tf error: Invalid frame ID "map" passed to canTransform argument target_frame - frame does not exist
2026-08-14T16:06:05: [component_container_isolated-1] [INFO] [1786691165.837576995] [global_costmap.global_costmap]: Timed out waiting for transform from base_link to map to become available, tf error: Invalid frame ID "map" passed to canTransform argument target_frame - frame does not exist
2026-08-14T16:06:06: [component_container_isolated-1] [INFO] [1786691166.337554696] [global_costmap.global_costmap]: Timed out waiting for transform from base_link to map to become available, tf error: Invalid frame ID "map" passed to canTransform argument target_frame - frame does not exist
2026-08-14T16:06:06: [component_container_isolated-1] [INFO] [1786691166.837589726] [global_costmap.global_costmap]: Timed out waiting for transform from base_link to map to become available, tf error: Invalid frame ID "map" passed to canTransform argument target_frame - frame does not exist
2026-08-14T16:06:07: [component_container_isolated-1] [WARN] [1786691167.039339179] [amcl]: AMCL cannot publish a pose or update the transform. Please set the initial pose...
2026-08-14T16:06:07: [component_container_isolated-1] [INFO] [1786691167.337552308] [global_costmap.global_costmap]: Timed out waiting for transform from base_link to map to become available, tf error: Invalid frame ID "map" passed to canTransform argument target_frame - frame does not exist
2026-08-14T16:06:07: [component_container_isolated-1] [INFO] [1786691167.837554163] [global_costmap.global_costmap]: Timed out waiting for transform from base_link to map to become available, tf error: Invalid frame ID "map" passed to canTransform argument target_frame - frame does not exist
2026-08-14T16:06:08: [component_container_isolated-1] [INFO] [1786691168.337562790] [global_costmap.global_costmap]: Timed out waiting for transform from base_link to map to become available, tf error: Invalid frame ID "map" passed to canTransform argument target_frame - frame does not exist
2026-08-14T16:06:08: [component_container_isolated-1] [INFO] [1786691168.837566119] [global_costmap.global_costmap]: Timed out waiting for transform from base_link to map to become available, tf error: Invalid frame ID "map" passed to canTransform argument target_frame - frame does not exist
2026-08-14T16:06:09: [component_container_isolated-1] [WARN] [1786691169.141367363] [amcl]: AMCL cannot publish a pose or update the transform. Please set the initial pose...
2026-08-14T16:06:09: [component_container_isolated-1] [INFO] [1786691169.337620347] [global_costmap.global_costmap]: Timed out waiting for transform from base_link to map to become available, tf error: Invalid frame ID "map" passed to canTransform argument target_frame - frame does not exist
2026-08-14T16:06:09: [component_container_isolated-1] [INFO] [1786691169.837555316] [global_costmap.global_costmap]: Timed out waiting for transform from base_link to map to become available, tf error: Invalid frame ID "map" passed to canTransform argument target_frame - frame does not exist
2026-08-14T16:06:10: [component_container_isolated-1] [INFO] [1786691170.337558908] [global_costmap.global_costmap]: Timed out waiting for transform from base_link to map to become available, tf error: Invalid frame ID "map" passed to canTransform argument target_frame - frame does not exist
2026-08-14T16:06:10: [component_container_isolated-1] [INFO] [1786691170.837566700] [global_costmap.global_costmap]: Timed out waiting for transform from base_link to map to become available, tf error: Invalid frame ID "map" passed to canTransform argument target_frame - frame does not exist
2026-08-14T16:06:11: [component_container_isolated-1] [WARN] [1786691171.231580830] [amcl]: AMCL cannot publish a pose or update the transform. Please set the initial pose...
2026-08-14T16:06:11: [component_container_isolated-1] [INFO] [1786691171.337574320] [global_costmap.global_costmap]: Timed out waiting for transform from base_link to map to become available, tf error: Invalid frame ID "map" passed to canTransform argument target_frame - frame does not exist
2026-08-14T16:06:11: [component_container_isolated-1] [INFO] [1786691171.837586196] [global_costmap.global_costmap]: Timed out waiting for transform from base_link to map to become available, tf error: Invalid frame ID "map" passed to canTransform argument target_frame - frame does not exist
2026-08-14T16:06:12: [component_container_isolated-1] [INFO] [1786691172.338230516] [global_costmap.global_costmap]: Timed out waiting for transform from base_link to map to become available, tf error: Invalid frame ID "map" passed to canTransform argument target_frame - frame does not exist
2026-08-14T16:06:12: [component_container_isolated-1] [INFO] [1786691172.837575416] [global_costmap.global_costmap]: Timed out waiting for transform from base_link to map to become available, tf error: Invalid frame ID "map" passed to canTransform argument target_frame - frame does not exist
2026-08-14T16:06:13: [component_container_isolated-1] [WARN] [1786691173.281063137] [amcl]: AMCL cannot publish a pose or update the transform. Please set the initial pose...
2026-08-14T16:06:13: [component_container_isolated-1] [INFO] [1786691173.337599111] [global_costmap.global_costmap]: Timed out waiting for transform from base_link to map to become available, tf error: Invalid frame ID "map" passed to canTransform argument target_frame - frame does not exist
2026-08-14T16:06:13: [component_container_isolated-1] [INFO] [1786691173.837589322] [global_costmap.global_costmap]: Timed out waiting for transform from base_link to map to become available, tf error: Invalid frame ID "map" passed to canTransform argument target_frame - frame does not exist
2026-08-14T16:06:14: [component_container_isolated-1] [INFO] [1786691174.337556843] [global_costmap.global_costmap]: Timed out waiting for transform from base_link to map to become available, tf error: Invalid frame ID "map" passed to canTransform argument target_frame - frame does not exist
2026-08-14T16:06:14: [component_container_isolated-1] [INFO] [1786691174.837564842] [global_costmap.global_costmap]: Timed out waiting for transform from base_link to map to become available, tf error: Invalid frame ID "map" passed to canTransform argument target_frame - frame does not exist
2026-08-14T16:06:15: [component_container_isolated-1] [WARN] [1786691175.283333295] [amcl]: AMCL cannot publish a pose or update the transform. Please set the initial pose...
2026-08-14T16:06:15: [component_container_isolated-1] [INFO] [1786691175.337571909] [global_costmap.global_costmap]: Timed out waiting for transform from base_link to map to become available, tf error: Invalid frame ID "map" passed to canTransform argument target_frame - frame does not exist
2026-08-14T16:06:15: [component_container_isolated-1] [INFO] [1786691175.837556714] [global_costmap.global_costmap]: Timed out waiting for transform from base_link to map to become available, tf error: Invalid frame ID "map" passed to canTransform argument target_frame - frame does not exist
2026-08-14T16:06:16: [component_container_isolated-1] [INFO] [1786691176.337563495] [global_costmap.global_costmap]: Timed out waiting for transform from base_link to map to become available, tf error: Invalid frame ID "map" passed to canTransform argument target_frame - frame does not exist
2026-08-14T16:06:16: [component_container_isolated-1] [INFO] [1786691176.837563255] [global_costmap.global_costmap]: Timed out waiting for transform from base_link to map to become available, tf error: Invalid frame ID "map" passed to canTransform argument target_frame - frame does not exist
2026-08-14T16:06:17: [component_container_isolated-1] [WARN] [1786691177.287654398] [amcl]: AMCL cannot publish a pose or update the transform. Please set the initial pose...
2026-08-14T16:06:17: [component_container_isolated-1] [INFO] [1786691177.337568286] [global_costmap.global_costmap]: Timed out waiting for transform from base_link to map to become available, tf error: Invalid frame ID "map" passed to canTransform argument target_frame - frame does not exist
2026-08-14T16:06:17: [component_container_isolated-1] [INFO] [1786691177.837603111] [global_costmap.global_costmap]: Timed out waiting for transform from base_link to map to become available, tf error: Invalid frame ID "map" passed to canTransform argument target_frame - frame does not exist
2026-08-14T16:06:18: [component_container_isolated-1] [INFO] [1786691178.337584764] [global_costmap.global_costmap]: Timed out waiting for transform from base_link to map to become available, tf error: Invalid frame ID "map" passed to canTransform argument target_frame - frame does not exist
2026-08-14T16:06:18: [component_container_isolated-1] [INFO] [1786691178.837565248] [global_costmap.global_costmap]: Timed out waiting for transform from base_link to map to become available, tf error: Invalid frame ID "map" passed to canTransform argument target_frame - frame does not exist
2026-08-14T16:06:19: [component_container_isolated-1] [INFO] [1786691179.337867331] [global_costmap.global_costmap]: Timed out waiting for transform from base_link to map to become available, tf error: Invalid frame ID "map" passed to canTransform argument target_frame - frame does not exist
2026-08-14T16:06:19: [component_container_isolated-1] [WARN] [1786691179.381148376] [amcl]: AMCL cannot publish a pose or update the transform. Please set the initial pose...
2026-08-14T16:06:19: [component_container_isolated-1] [INFO] [1786691179.837560368] [global_costmap.global_costmap]: Timed out waiting for transform from base_link to map to become available, tf error: Invalid frame ID "map" passed to canTransform argument target_frame - frame does not exist
2026-08-14T16:06:20: [component_container_isolated-1] [INFO] [1786691180.337580523] [global_costmap.global_costmap]: Timed out waiting for transform from base_link to map to become available, tf error: Invalid frame ID "map" passed to canTransform argument target_frame - frame does not exist
2026-08-14T16:06:20: [component_container_isolated-1] [INFO] [1786691180.837575323] [global_costmap.global_costmap]: Timed out waiting for transform from base_link to map to become available, tf error: Invalid frame ID "map" passed to canTransform argument target_frame - frame does not exist
2026-08-14T16:06:21: [component_container_isolated-1] [INFO] [1786691181.337561562] [global_costmap.global_costmap]: Timed out waiting for transform from base_link to map to become available, tf error: Invalid frame ID "map" passed to canTransform argument target_frame - frame does not exist
2026-08-14T16:06:21: [component_container_isolated-1] [WARN] [1786691181.382032285] [amcl]: AMCL cannot publish a pose or update the transform. Please set the initial pose...
2026-08-14T16:06:21: [component_container_isolated-1] [INFO] [1786691181.837566354] [global_costmap.global_costmap]: Timed out waiting for transform from base_link to map to become available, tf error: Invalid frame ID "map" passed to canTransform argument target_frame - frame does not exist
2026-08-14T16:06:22: [component_container_isolated-1] [INFO] [1786691182.337564233] [global_costmap.global_costmap]: Timed out waiting for transform from base_link to map to become available, tf error: Invalid frame ID "map" passed to canTransform argument target_frame - frame does not exist
2026-08-14T16:06:22: [component_container_isolated-1] [INFO] [1786691182.837568887] [global_costmap.global_costmap]: Timed out waiting for transform from base_link to map to become available, tf error: Invalid frame ID "map" passed to canTransform argument target_frame - frame does not exist
2026-08-14T16:06:23: [component_container_isolated-1] [INFO] [1786691183.337617942] [global_costmap.global_costmap]: Timed out waiting for transform from base_link to map to become available, tf error: Invalid frame ID "map" passed to canTransform argument target_frame - frame does not exist
2026-08-14T16:06:23: [component_container_isolated-1] [WARN] [1786691183.431976936] [amcl]: AMCL cannot publish a pose or update the transform. Please set the initial pose...
2026-08-14T16:06:23: [component_container_isolated-1] [INFO] [1786691183.837575885] [global_costmap.global_costmap]: Timed out waiting for transform from base_link to map to become available, tf error: Invalid frame ID "map" passed to canTransform argument target_frame - frame does not exist
2026-08-14T16:06:24: [component_container_isolated-1] [INFO] [1786691184.337571822] [global_costmap.global_costmap]: Timed out waiting for transform from base_link to map to become available, tf error: Invalid frame ID "map" passed to canTransform argument target_frame - frame does not exist
2026-08-14T16:06:24: [component_container_isolated-1] [INFO] [1786691184.837576589] [global_costmap.global_costmap]: Timed out waiting for transform from base_link to map to become available, tf error: Invalid frame ID "map" passed to canTransform argument target_frame - frame does not exist
2026-08-14T16:06:25: [component_container_isolated-1] [INFO] [1786691185.337602646] [global_costmap.global_costmap]: Timed out waiting for transform from base_link to map to become available, tf error: Invalid frame ID "map" passed to canTransform argument target_frame - frame does not exist
2026-08-14T16:06:25: [component_container_isolated-1] [WARN] [1786691185.432514977] [amcl]: AMCL cannot publish a pose or update the transform. Please set the initial pose...
2026-08-14T16:06:25: [component_container_isolated-1] [INFO] [1786691185.837576239] [global_costmap.global_costmap]: Timed out waiting for transform from base_link to map to become available, tf error: Invalid frame ID "map" passed to canTransform argument target_frame - frame does not exist
2026-08-14T16:06:26: [component_container_isolated-1] [INFO] [1786691186.337563308] [global_costmap.global_costmap]: Timed out waiting for transform from base_link to map to become available, tf error: Invalid frame ID "map" passed to canTransform argument target_frame - frame does not exist
2026-08-14T16:06:26: [component_container_isolated-1] [INFO] [1786691186.837805832] [global_costmap.global_costmap]: Timed out waiting for transform from base_link to map to become available, tf error: Invalid frame ID "map" passed to canTransform argument target_frame - frame does not exist
2026-08-14T16:06:27: [component_container_isolated-1] [INFO] [1786691187.337559064] [global_costmap.global_costmap]: Timed out waiting for transform from base_link to map to become available, tf error: Invalid frame ID "map" passed to canTransform argument target_frame - frame does not exist
2026-08-14T16:06:27: [component_container_isolated-1] [WARN] [1786691187.539772955] [amcl]: AMCL cannot publish a pose or update the transform. Please set the initial pose...
2026-08-14T16:06:27: [component_container_isolated-1] [INFO] [1786691187.837558585] [global_costmap.global_costmap]: Timed out waiting for transform from base_link to map to become available, tf error: Invalid frame ID "map" passed to canTransform argument target_frame - frame does not exist
2026-08-14T16:06:28: [component_container_isolated-1] [INFO] [1786691188.337571211] [global_costmap.global_costmap]: Timed out waiting for transform from base_link to map to become available, tf error: Invalid frame ID "map" passed to canTransform argument target_frame - frame does not exist
2026-08-14T16:06:28: [component_container_isolated-1] [INFO] [1786691188.837602926] [global_costmap.global_costmap]: Timed out waiting for transform from base_link to map to become available, tf error: Invalid frame ID "map" passed to canTransform argument target_frame - frame does not exist
2026-08-14T16:06:29: [component_container_isolated-1] [INFO] [1786691189.337571675] [global_costmap.global_costmap]: Timed out waiting for transform from base_link to map to become available, tf error: Invalid frame ID "map" passed to canTransform argument target_frame - frame does not exist
2026-08-14T16:06:29: [component_container_isolated-1] [WARN] [1786691189.542466020] [amcl]: AMCL cannot publish a pose or update the transform. Please set the initial pose...
2026-08-14T16:06:29: [component_container_isolated-1] [INFO] [1786691189.837798674] [global_costmap.global_costmap]: Timed out waiting for transform from base_link to map to become available, tf error: Invalid frame ID "map" passed to canTransform argument target_frame - frame does not exist
2026-08-14T16:06:30: [component_container_isolated-1] [INFO] [1786691190.337579308] [global_costmap.global_costmap]: Timed out waiting for transform from base_link to map to become available, tf error: Invalid frame ID "map" passed to canTransform argument target_frame - frame does not exist
2026-08-14T16:06:30: [component_container_isolated-1] [INFO] [1786691190.837555805] [global_costmap.global_costmap]: Timed out waiting for transform from base_link to map to become available, tf error: Invalid frame ID "map" passed to canTransform argument target_frame - frame does not exist
2026-08-14T16:06:31: [component_container_isolated-1] [INFO] [1786691191.337561333] [global_costmap.global_costmap]: Timed out waiting for transform from base_link to map to become available, tf error: Invalid frame ID "map" passed to canTransform argument target_frame - frame does not exist
2026-08-14T16:06:31: [component_container_isolated-1] [WARN] [1786691191.635593050] [amcl]: AMCL cannot publish a pose or update the transform. Please set the initial pose...
2026-08-14T16:06:31: [component_container_isolated-1] [INFO] [1786691191.837571377] [global_costmap.global_costmap]: Timed out waiting for transform from base_link to map to become available, tf error: Invalid frame ID "map" passed to canTransform argument target_frame - frame does not exist
2026-08-14T16:06:32: [component_container_isolated-1] [INFO] [1786691192.337562360] [global_costmap.global_costmap]: Timed out waiting for transform from base_link to map to become available, tf error: Invalid frame ID "map" passed to canTransform argument target_frame - frame does not exist
2026-08-14T16:06:32: [component_container_isolated-1] [INFO] [1786691192.837571341] [global_costmap.global_costmap]: Timed out waiting for transform from base_link to map to become available, tf error: Invalid frame ID "map" passed to canTransform argument target_frame - frame does not exist
2026-08-14T16:06:33: [component_container_isolated-1] [INFO] [1786691193.337577001] [global_costmap.global_costmap]: Timed out waiting for transform from base_link to map to become available, tf error: Invalid frame ID "map" passed to canTransform argument target_frame - frame does not exist
2026-08-14T16:06:33: [component_container_isolated-1] [WARN] [1786691193.737412231] [amcl]: AMCL cannot publish a pose or update the transform. Please set the initial pose...
2026-08-14T16:06:33: [component_container_isolated-1] [INFO] [1786691193.837562511] [global_costmap.global_costmap]: Timed out waiting for transform from base_link to map to become available, tf error: Invalid frame ID "map" passed to canTransform argument target_frame - frame does not exist
2026-08-14T16:06:34: [component_container_isolated-1] [INFO] [1786691194.337604015] [global_costmap.global_costmap]: Timed out waiting for transform from base_link to map to become available, tf error: Invalid frame ID "map" passed to canTransform argument target_frame - frame does not exist
2026-08-14T16:06:34: [component_container_isolated-1] [INFO] [1786691194.837570425] [global_costmap.global_costmap]: Timed out waiting for transform from base_link to map to become available, tf error: Invalid frame ID "map" passed to canTransform argument target_frame - frame does not exist
2026-08-14T16:06:35: [component_container_isolated-1] [INFO] [1786691195.337565773] [global_costmap.global_costmap]: Timed out waiting for transform from base_link to map to become available, tf error: Invalid frame ID "map" passed to canTransform argument target_frame - frame does not exist
2026-08-14T16:06:35: [component_container_isolated-1] [WARN] [1786691195.782596539] [amcl]: AMCL cannot publish a pose or update the transform. Please set the initial pose...
2026-08-14T16:06:35: [component_container_isolated-1] [INFO] [1786691195.837577137] [global_costmap.global_costmap]: Timed out waiting for transform from base_link to map to become available, tf error: Invalid frame ID "map" passed to canTransform argument target_frame - frame does not exist
2026-08-14T16:06:36: [component_container_isolated-1] [INFO] [1786691196.337592515] [global_costmap.global_costmap]: Timed out waiting for transform from base_link to map to become available, tf error: Invalid frame ID "map" passed to canTransform argument target_frame - frame does not exist
2026-08-14T16:06:36: [component_container_isolated-1] [INFO] [1786691196.837568649] [global_costmap.global_costmap]: Timed out waiting for transform from base_link to map to become available, tf error: Invalid frame ID "map" passed to canTransform argument target_frame - frame does not exist
2026-08-14T16:06:37: [component_container_isolated-1] [INFO] [1786691197.337605667] [global_costmap.global_costmap]: Timed out waiting for transform from base_link to map to become available, tf error: Invalid frame ID "map" passed to canTransform argument target_frame - frame does not exist
2026-08-14T16:06:37: [component_container_isolated-1] [WARN] [1786691197.785367082] [amcl]: AMCL cannot publish a pose or update the transform. Please set the initial pose...
2026-08-14T16:06:37: [component_container_isolated-1] [INFO] [1786691197.837575164] [global_costmap.global_costmap]: Timed out waiting for transform from base_link to map to become available, tf error: Invalid frame ID "map" passed to canTransform argument target_frame - frame does not exist
2026-08-14T16:06:38: [component_container_isolated-1] [INFO] [1786691198.337621729] [global_costmap.global_costmap]: Timed out waiting for transform from base_link to map to become available, tf error: Invalid frame ID "map" passed to canTransform argument target_frame - frame does not exist
2026-08-14T16:06:38: [component_container_isolated-1] [INFO] [1786691198.837571830] [global_costmap.global_costmap]: Timed out waiting for transform from base_link to map to become available, tf error: Invalid frame ID "map" passed to canTransform argument target_frame - frame does not exist
2026-08-14T16:06:39: [component_container_isolated-1] [INFO] [1786691199.337615461] [global_costmap.global_costmap]: Timed out waiting for transform from base_link to map to become available, tf error: Invalid frame ID "map" passed to canTransform argument target_frame - frame does not exist
2026-08-14T16:06:39: [component_container_isolated-1] [INFO] [1786691199.837662590] [global_costmap.global_costmap]: Timed out waiting for transform from base_link to map to become available, tf error: Invalid frame ID "map" passed to canTransform argument target_frame - frame does not exist
2026-08-14T16:06:39: [component_container_isolated-1] [WARN] [1786691199.881923230] [amcl]: AMCL cannot publish a pose or update the transform. Please set the initial pose...
2026-08-14T16:06:40: [component_container_isolated-1] [INFO] [1786691200.337609678] [global_costmap.global_costmap]: Timed out waiting for transform from base_link to map to become available, tf error: Invalid frame ID "map" passed to canTransform argument target_frame - frame does not exist
2026-08-14T16:06:40: [component_container_isolated-1] [INFO] [1786691200.837573931] [global_costmap.global_costmap]: Timed out waiting for transform from base_link to map to become available, tf error: Invalid frame ID "map" passed to canTransform argument target_frame - frame does not exist
2026-08-14T16:06:41: [component_container_isolated-1] [INFO] [1786691201.337566529] [global_costmap.global_costmap]: Timed out waiting for transform from base_link to map to become available, tf error: Invalid frame ID "map" passed to canTransform argument target_frame - frame does not exist
2026-08-14T16:06:41: [component_container_isolated-1] [INFO] [1786691201.837631753] [global_costmap.global_costmap]: Timed out waiting for transform from base_link to map to become available, tf error: Invalid frame ID "map" passed to canTransform argument target_frame - frame does not exist
2026-08-14T16:06:41: [component_container_isolated-1] [WARN] [1786691201.980708207] [amcl]: AMCL cannot publish a pose or update the transform. Please set the initial pose...
2026-08-14T16:06:42: [component_container_isolated-1] [INFO] [1786691202.337654306] [global_costmap.global_costmap]: Timed out waiting for transform from base_link to map to become available, tf error: Invalid frame ID "map" passed to canTransform argument target_frame - frame does not exist
2026-08-14T16:06:42: [component_container_isolated-1] [INFO] [1786691202.837632561] [global_costmap.global_costmap]: Timed out waiting for transform from base_link to map to become available, tf error: Invalid frame ID "map" passed to canTransform argument target_frame - frame does not exist
2026-08-14T16:06:43: [component_container_isolated-1] [INFO] [1786691203.337578256] [global_costmap.global_costmap]: Timed out waiting for transform from base_link to map to become available, tf error: Invalid frame ID "map" passed to canTransform argument target_frame - frame does not exist
2026-08-14T16:06:43: [component_container_isolated-1] [INFO] [1786691203.837558485] [global_costmap.global_costmap]: Timed out waiting for transform from base_link to map to become available, tf error: Invalid frame ID "map" passed to canTransform argument target_frame - frame does not exist
2026-08-14T16:06:43: [component_container_isolated-1] [WARN] [1786691203.981727541] [amcl]: AMCL cannot publish a pose or update the transform. Please set the initial pose...
2026-08-14T16:06:44: [component_container_isolated-1] [INFO] [1786691204.337604838] [global_costmap.global_costmap]: Timed out waiting for transform from base_link to map to become available, tf error: Invalid frame ID "map" passed to canTransform argument target_frame - frame does not exist
2026-08-14T16:06:44: [component_container_isolated-1] [INFO] [1786691204.837655724] [global_costmap.global_costmap]: Timed out waiting for transform from base_link to map to become available, tf error: Invalid frame ID "map" passed to canTransform argument target_frame - frame does not exist
2026-08-14T16:06:45: [component_container_isolated-1] [INFO] [1786691205.337648070] [global_costmap.global_costmap]: Timed out waiting for transform from base_link to map to become available, tf error: Invalid frame ID "map" passed to canTransform argument target_frame - frame does not exist
2026-08-14T16:06:45: [component_container_isolated-1] [INFO] [1786691205.837567618] [global_costmap.global_costmap]: Timed out waiting for transform from base_link to map to become available, tf error: Invalid frame ID "map" passed to canTransform argument target_frame - frame does not exist
2026-08-14T16:06:45: [component_container_isolated-1] [WARN] [1786691205.985898320] [amcl]: AMCL cannot publish a pose or update the transform. Please set the initial pose...
2026-08-14T16:06:46: [component_container_isolated-1] [INFO] [1786691206.337586104] [global_costmap.global_costmap]: Timed out waiting for transform from base_link to map to become available, tf error: Invalid frame ID "map" passed to canTransform argument target_frame - frame does not exist
2026-08-14T16:06:46: [component_container_isolated-1] [INFO] [1786691206.838192778] [global_costmap.global_costmap]: Timed out waiting for transform from base_link to map to become available, tf error: Invalid frame ID "map" passed to canTransform argument target_frame - frame does not exist
2026-08-14T16:06:47: [component_container_isolated-1] [INFO] [1786691207.337895097] [global_costmap.global_costmap]: Timed out waiting for transform from base_link to map to become available, tf error: Invalid frame ID "map" passed to canTransform argument target_frame - frame does not exist
2026-08-14T16:06:47: [component_container_isolated-1] [INFO] [1786691207.837672078] [global_costmap.global_costmap]: Timed out waiting for transform from base_link to map to become available, tf error: Invalid frame ID "map" passed to canTransform argument target_frame - frame does not exist
2026-08-14T16:06:48: [component_container_isolated-1] [INFO] [1786691208.032119296] [local_costmap.local_costmap]: Message Filter dropping message: frame 'base_scan' at time 1786691207.731 for reason 'the timestamp on the message is earlier than all the data in the transform cache'
2026-08-14T16:06:48: [component_container_isolated-1] [INFO] [1786691208.337561070] [global_costmap.global_costmap]: Timed out waiting for transform from base_link to map to become available, tf error: Invalid frame ID "map" passed to canTransform argument target_frame - frame does not exist
2026-08-14T16:06:48: [component_container_isolated-1] [INFO] [1786691208.733570124] [amcl]: Message Filter dropping message: frame 'base_scan' at time 1786691207.731 for reason 'the timestamp on the message is earlier than all the data in the transform cache'
2026-08-14T16:06:48: [component_container_isolated-1] [INFO] [1786691208.837554632] [global_costmap.global_costmap]: Timed out waiting for transform from base_link to map to become available, tf error: Invalid frame ID "map" passed to canTransform argument target_frame - frame does not exist
2026-08-14T16:06:49: [component_container_isolated-1] [INFO] [1786691209.337556799] [global_costmap.global_costmap]: Timed out waiting for transform from base_link to map to become available, tf error: Invalid frame ID "map" passed to canTransform argument target_frame - frame does not exist
2026-08-14T16:06:49: [component_container_isolated-1] [INFO] [1786691209.837578630] [global_costmap.global_costmap]: Timed out waiting for transform from base_link to map to become available, tf error: Invalid frame ID "map" passed to canTransform argument target_frame - frame does not exist
2026-08-14T16:06:50: [component_container_isolated-1] [INFO] [1786691210.337600012] [global_costmap.global_costmap]: Timed out waiting for transform from base_link to map to become available, tf error: Invalid frame ID "map" passed to canTransform argument target_frame - frame does not exist
2026-08-14T16:06:50: [component_container_isolated-1] [INFO] [1786691210.837680520] [global_costmap.global_costmap]: Timed out waiting for transform from base_link to map to become available, tf error: Invalid frame ID "map" passed to canTransform argument target_frame - frame does not exist
2026-08-14T16:06:51: [WARNING] [launch]: user interrupted with ctrl-c (SIGINT)
